seed,axis,axis_value,optimality_stage3_interface_optimization,optimality_stage3_intrinsic_pass,reconstruction_rmse_mm,xy_position_error_mm_mean,z_position_error_mm_mean,water_z_error_mm_mean,reprojection_rms_px,degenerate_observations_at_solution,status
42,index,1.333,0.0040435218186303246,0.0032849833959113523,0.48687764766327885,0.2567940511215235,0.22097436088443423,3.4057256267712535,0.7063573782041142,0,ok
42,index,1.36,0.0043547014691398545,0.0035253380999620276,0.47703018176203643,0.2735093215562041,0.6974077512384578,3.4574857815684212,0.7063654155920706,0,ok
42,index,1.39,0.003114503345727826,0.003757219513351623,0.49124245230245644,0.10820943893279455,0.5893384378435385,3.405725626771254,0.7061125242540488,0,ok
42,index,1.42,0.012620279963812209,0.002295417700679536,0.4913963058116969,0.10581598357850637,-0.32095413215730967,3.4057256267712526,0.7053660656350937,0,ok
42,index,1.45,0.004897764679839156,0.004560625517797234,0.49477795662163254,0.15343442361807047,0.39612571380985395,3.405725626771254,0.7059637852903811,0,ok
42,index,1.48,0.005616563079229309,0.005671474999815018,0.4899374916689646,0.20477804755010842,-0.6092555041662339,3.4057256267712535,0.7053832885415959,0,ok
42,index,1.51,0.003503352721054398,0.0023725452836060867,0.5118988479288138,0.14508974912237968,-0.007209224662487193,3.405725626771254,0.7060307494718886,0,ok
42,index,1.55,0.005195750255325038,0.005007758586884847,0.5073677025457141,0.14597883584960172,0.1458218776283994,3.4317497850912715,0.7059166239708631,0,ok
42,layout,grid,0.0040435218186303246,0.0032849833959113523,0.48687764766327885,0.2567940511215235,0.22097436088443423,3.4057256267712535,0.7063573782041142,0,ok
42,layout,line,0.002115118218398493,0.0017488622404471243,0.488593643663095,2.231234848528714,-0.37812372882635475,3.4523473413268597,0.7920249623671215,0,ok
42,layout,ring,0.00181477100786006,0.0015880309247002357,0.710854151596103,0.45530480812158686,0.6729376897637759,3.405725626771254,0.7055586804473938,0,ok
42,scale,default,0.0040435218186303246,0.0032849833959113523,0.48687764766327885,0.2567940511215235,0.22097436088443423,3.4057256267712535,0.7063573782041142,0,ok
42,scale,double_scale,0.008534358370521744,0.0016612916524252341,0.7243961026611931,0.5776374687636442,0.12028468602828994,3.405725626771254,0.7050496638094899,0,ok
42,scale,half_scale,0.008266365376584872,0.006286744699082192,0.35964720429717206,0.13021073805091682,0.38549114837019677,3.408316836488826,0.7062836102654502,0,ok
62,index,1.333,0.0040057896757730305,0.006460001740151711,0.4689144070721535,0.10762078042101793,-0.039539651849105996,2.8445817790547037,0.7035267273292619,0,ok
62,index,1.36,0.003639158960140776,0.001572159898778125,0.4804071968493894,0.11382930807914382,0.8252055773781374,2.6611933707224593,0.7035492751100645,0,ok
62,index,1.39,0.006722678304186047,0.005087008397882523,0.48520892029167795,0.30663118666189537,0.7251477541668304,2.655477392137192,0.7035341581866116,0,ok
62,index,1.42,0.006450924084901999,0.006530561872523322,0.48613423094867747,0.2939706869446788,1.4546595950250794,2.683141014752421,0.7033382221526535,0,ok
62,index,1.45,0.0028330236434577216,0.005197845716338634,0.4839857401965835,0.11075668120499359,0.5505095332473796,2.6700064031950355,0.7031899655984739,0,ok
62,index,1.48,0.008185006832434283,0.004295349519643189,0.4839604340705248,0.18982189421601223,0.8844276699746243,2.8347759647138204,0.7030178718662353,0,ok
62,index,1.51,0.0052148312975077715,0.0024333676355468015,0.49143549519869134,0.12569049895365306,0.07979995701258319,2.9979463581841777,0.702653146153358,0,ok
62,index,1.55,0.002891194805329178,0.002325578776972313,0.4940365145141365,0.1576461519678503,1.968374729822945,3.634864426553475,0.7032046363807304,0,ok
62,layout,grid,0.0040057896757730305,0.006460001740151711,0.4689144070721535,0.10762078042101793,-0.039539651849105996,2.8445817790547037,0.7035267273292619,0,ok
62,layout,line,0.0017202931124984389,0.0020114750483344324,0.4660485262804295,1.5647167621947125,-7.3236163281897335,8.251115370627245,0.7110984431282688,0,ok
62,layout,ring,0.0038200387361939647,0.0028631541585999935,0.6645852288471822,0.1907098572688092,-0.2837837347809937,3.2472552831941397,0.7025577810301012,0,ok
62,scale,default,0.0040057896757730305,0.006460001740151711,0.4689144070721535,0.10762078042101793,-0.039539651849105996,2.8445817790547037,0.7035267273292619,0,ok
62,scale,double_scale,2.5112924641545042,1.1394926122490006,0.6619462890465406,0.2579745438595821,-0.16415199919678752,2.958809730752169,0.7013567727680915,0,ok
62,scale,half_scale,0.01875493059606015,0.012750341592436598,0.3380462780545468,0.12748162051128487,0.10947832942470248,2.9105180815837497,0.7059864235429565,0,ok
28,index,1.333,0.011986367367455841,0.003615874265795682,0.4762458413258488,0.2378883659288362,0.875198334733046,3.250502876427401,0.7049147732901603,0,ok
28,index,1.36,0.005020328517218786,0.0038999187418085057,0.4736990154401859,0.22222789823466757,1.0766914791741486,3.111084959566801,0.7052381857394079,0,ok
28,index,1.39,0.005255715618773138,0.003860275888655451,0.4849772127815402,0.14068264025012864,1.007350362484508,3.567245062944887,0.7057908091027845,0,ok
28,index,1.42,0.004599330714995631,0.003240497144361143,0.4907064476650379,0.1248600522241992,0.7082054668290932,3.0816134332628162,0.7051335077304762,0,ok
28,index,1.45,0.005864842107484947,0.0049109934418538614,0.4771507595918208,0.1793047979422465,0.3289718274932682,3.189208998824688,0.7057361827452351,0,ok
28,index,1.48,0.0026792509647748375,0.00724612496270538,0.4834214298801253,0.10020614719376024,0.8396893653469261,3.135475167733197,0.705398073963791,0,ok
28,index,1.51,0.005112693879944175,0.004274719772581648,0.4912656769888575,0.146731707510084,0.6095278610310998,3.225728270565517,0.7055053739959929,0,ok
28,index,1.55,0.006392939398381259,0.003602986267082997,0.4991242884419258,0.40450708219067666,1.8395205627459807,3.8508224793968684,0.7055685454893373,0,ok
28,layout,grid,0.011986367367455841,0.003615874265795682,0.4762458413258488,0.2378883659288362,0.875198334733046,3.250502876427401,0.7049147732901603,0,ok
28,layout,line,0.0056426931887472165,0.010388025444854065,0.44632468112261214,6.151922562352738,-7.609866567621133,11.762788025572918,0.7700898089262944,0,ok
28,layout,ring,0.007820186738470625,0.0022367239163259,0.7025936214158289,0.205535389116665,0.7981474702649157,3.094415947303494,0.7042242150150789,0,ok
28,scale,default,0.011986367367455841,0.003615874265795682,0.4762458413258488,0.2378883659288362,0.875198334733046,3.250502876427401,0.7049147732901603,0,ok
28,scale,double_scale,0.001739233030093601,0.22411520069385915,0.6466031571115077,0.36109536683695853,0.9386929165394063,3.154427387252319,0.7038778873129751,0,ok
28,scale,half_scale,0.009629590477061356,0.015021428681166071,0.34352439597644086,0.10320649567402856,0.44883604008076095,3.103454918030176,0.7068416969244387,0,ok
