camera,frame_idx,corner_id,stage,h_q_m,h_c_m,r_q_m,chord_incidence_deg,extended,nan_reason,n_flagged_at_stage,truncated,bucket,provenance
e3v831e,22,7,stage3_intrinsic_pass,-0.0018796679770469,1.0713946236310914,0.4832362632519837,24.31476079364632,True,2,198,False,above_interface,provisional; git_sha=7118e0bcef20a53701f31778f045694c540787a4; opencv=4.13.0; truncated=false; n_flagged_at_stage=198; probe=.planning/probes/2026-08-17-degeneracy-classification; run=2026-08-18 instrumented E2 via config_paper_instrumented.yaml; NOT a section-3 number -- Phase 29 frozen table is the sole source
e3v83e9,22,0,stage3_intrinsic_pass,-0.0640214631517053,1.0572725774184537,0.3477329853847679,19.29493300975049,True,2,198,False,above_interface,provisional; git_sha=7118e0bcef20a53701f31778f045694c540787a4; opencv=4.13.0; truncated=false; n_flagged_at_stage=198; probe=.planning/probes/2026-08-17-degeneracy-classification; run=2026-08-18 instrumented E2 via config_paper_instrumented.yaml; NOT a section-3 number -- Phase 29 frozen table is the sole source
e3v83e9,22,1,stage3_intrinsic_pass,-0.0551440638410398,1.0572725774184537,0.3936797363099306,21.4470623069395,True,2,198,False,above_interface,provisional; git_sha=7118e0bcef20a53701f31778f045694c540787a4; opencv=4.13.0; truncated=false; n_flagged_at_stage=198; probe=.planning/probes/2026-08-17-degeneracy-classification; run=2026-08-18 instrumented E2 via config_paper_instrumented.yaml; NOT a section-3 number -- Phase 29 frozen table is the sole source
e3v83e9,22,11,stage3_intrinsic_pass,-0.0202418191921831,1.0572725774184537,0.3166833626505971,16.981365920069788,True,2,198,False,above_interface,provisional; git_sha=7118e0bcef20a53701f31778f045694c540787a4; opencv=4.13.0; truncated=false; n_flagged_at_stage=198; probe=.planning/probes/2026-08-17-degeneracy-classification; run=2026-08-18 instrumented E2 via config_paper_instrumented.yaml; NOT a section-3 number -- Phase 29 frozen table is the sole source
e3v83e9,22,12,stage3_intrinsic_pass,-0.0113644198815177,1.0572725774184537,0.3654812704830824,19.261414373404182,True,2,198,False,above_interface,provisional; git_sha=7118e0bcef20a53701f31778f045694c540787a4; opencv=4.13.0; truncated=false; n_flagged_at_stage=198; probe=.planning/probes/2026-08-17-degeneracy-classification; run=2026-08-18 instrumented E2 via config_paper_instrumented.yaml; NOT a section-3 number -- Phase 29 frozen table is the sole source
e3v83eb,22,0,stage3_intrinsic_pass,-0.0640214631517053,1.0763196837067268,0.3088216299700683,16.965365433210298,True,2,198,False,above_interface,provisional; git_sha=7118e0bcef20a53701f31778f045694c540787a4; opencv=4.13.0; truncated=false; n_flagged_at_stage=198; probe=.planning/probes/2026-08-17-degeneracy-classification; run=2026-08-18 instrumented E2 via config_paper_instrumented.yaml; NOT a section-3 number -- Phase 29 frozen table is the sole source
e3v83eb,22,1,stage3_intrinsic_pass,-0.0551440638410398,1.0763196837067268,0.2515062531470902,13.836054230001093,True,2,198,False,above_interface,provisional; git_sha=7118e0bcef20a53701f31778f045694c540787a4; opencv=4.13.0; truncated=false; n_flagged_at_stage=198; probe=.planning/probes/2026-08-17-degeneracy-classification; run=2026-08-18 instrumented E2 via config_paper_instrumented.yaml; NOT a section-3 number -- Phase 29 frozen table is the sole source
e3v83eb,22,2,stage3_intrinsic_pass,-0.0462666645303744,1.0763196837067268,0.1954031094168271,10.741486494119874,True,2,198,False,above_interface,provisional; git_sha=7118e0bcef20a53701f31778f045694c540787a4; opencv=4.13.0; truncated=false; n_flagged_at_stage=198; probe=.planning/probes/2026-08-17-degeneracy-classification; run=2026-08-18 instrumented E2 via config_paper_instrumented.yaml; NOT a section-3 number -- Phase 29 frozen table is the sole source
e3v83eb,22,3,stage3_intrinsic_pass,-0.0373892652197089,1.0763196837067268,0.1419568192458499,7.78056829263325,True,2,198,False,above_interface,provisional; git_sha=7118e0bcef20a53701f31778f045694c540787a4; opencv=4.13.0; truncated=false; n_flagged_at_stage=198; probe=.planning/probes/2026-08-17-degeneracy-classification; run=2026-08-18 instrumented E2 via config_paper_instrumented.yaml; NOT a section-3 number -- Phase 29 frozen table is the sole source
e3v83eb,22,4,stage3_intrinsic_pass,-0.0285118659090435,1.0763196837067268,0.0957260959926354,5.219963098986011,True,2,198,False,above_interface,provisional; git_sha=7118e0bcef20a53701f31778f045694c540787a4; opencv=4.13.0; truncated=false; n_flagged_at_stage=198; probe=.planning/probes/2026-08-17-degeneracy-classification; run=2026-08-18 instrumented E2 via config_paper_instrumented.yaml; NOT a section-3 number -- Phase 29 frozen table is the sole source
e3v83eb,22,5,stage3_intrinsic_pass,-0.0196344665983778,1.0763196837067268,0.072233066808364,3.910551033547605,True,2,198,False,above_interface,provisional; git_sha=7118e0bcef20a53701f31778f045694c540787a4; opencv=4.13.0; truncated=false; n_flagged_at_stage=198; probe=.planning/probes/2026-08-17-degeneracy-classification; run=2026-08-18 instrumented E2 via config_paper_instrumented.yaml; NOT a section-3 number -- Phase 29 frozen table is the sole source
e3v83eb,22,6,stage3_intrinsic_pass,-0.0107570672877124,1.0763196837067268,0.0911818512098209,4.890974194414612,True,2,198,False,above_interface,provisional; git_sha=7118e0bcef20a53701f31778f045694c540787a4; opencv=4.13.0; truncated=false; n_flagged_at_stage=198; probe=.planning/probes/2026-08-17-degeneracy-classification; run=2026-08-18 instrumented E2 via config_paper_instrumented.yaml; NOT a section-3 number -- Phase 29 frozen table is the sole source
e3v83eb,22,7,stage3_intrinsic_pass,-0.0018796679770469,1.0763196837067268,0.1358419213737653,7.205699236013528,True,2,198,False,above_interface,provisional; git_sha=7118e0bcef20a53701f31778f045694c540787a4; opencv=4.13.0; truncated=false; n_flagged_at_stage=198; probe=.planning/probes/2026-08-17-degeneracy-classification; run=2026-08-18 instrumented E2 via config_paper_instrumented.yaml; NOT a section-3 number -- Phase 29 frozen table is the sole source
e3v83eb,22,11,stage3_intrinsic_pass,-0.0202418191921831,1.0763196837067268,0.3268509640653061,17.19704205763231,True,2,198,False,above_interface,provisional; git_sha=7118e0bcef20a53701f31778f045694c540787a4; opencv=4.13.0; truncated=false; n_flagged_at_stage=198; probe=.planning/probes/2026-08-17-degeneracy-classification; run=2026-08-18 instrumented E2 via config_paper_instrumented.yaml; NOT a section-3 number -- Phase 29 frozen table is the sole source
e3v83eb,22,12,stage3_intrinsic_pass,-0.0113644198815177,1.0763196837067268,0.2719169913464835,14.323402838406633,True,2,198,False,above_interface,provisional; git_sha=7118e0bcef20a53701f31778f045694c540787a4; opencv=4.13.0; truncated=false; n_flagged_at_stage=198; probe=.planning/probes/2026-08-17-degeneracy-classification; run=2026-08-18 instrumented E2 via config_paper_instrumented.yaml; NOT a section-3 number -- Phase 29 frozen table is the sole source
e3v83eb,22,13,stage3_intrinsic_pass,-0.0024870205708522,1.0763196837067268,0.2192909738643728,11.541865991020888,True,2,198,False,above_interface,provisional; git_sha=7118e0bcef20a53701f31778f045694c540787a4; opencv=4.13.0; truncated=false; n_flagged_at_stage=198; probe=.planning/probes/2026-08-17-degeneracy-classification; run=2026-08-18 instrumented E2 via config_paper_instrumented.yaml; NOT a section-3 number -- Phase 29 frozen table is the sole source
e3v83f0,22,1,stage3_intrinsic_pass,-0.0551440638410398,1.0471767857114005,0.5678258583386313,29.78622712200582,True,2,198,False,above_interface,provisional; git_sha=7118e0bcef20a53701f31778f045694c540787a4; opencv=4.13.0; truncated=false; n_flagged_at_stage=198; probe=.planning/probes/2026-08-17-degeneracy-classification; run=2026-08-18 instrumented E2 via config_paper_instrumented.yaml; NOT a section-3 number -- Phase 29 frozen table is the sole source
e3v83f0,22,2,stage3_intrinsic_pass,-0.0462666645303744,1.0471767857114005,0.5084871048086272,26.93169628402733,True,2,198,False,above_interface,provisional; git_sha=7118e0bcef20a53701f31778f045694c540787a4; opencv=4.13.0; truncated=false; n_flagged_at_stage=198; probe=.planning/probes/2026-08-17-degeneracy-classification; run=2026-08-18 instrumented E2 via config_paper_instrumented.yaml; NOT a section-3 number -- Phase 29 frozen table is the sole source
e3v83f0,22,3,stage3_intrinsic_pass,-0.0373892652197089,1.0471767857114005,0.4491485830749937,23.979265866929097,True,2,198,False,above_interface,provisional; git_sha=7118e0bcef20a53701f31778f045694c540787a4; opencv=4.13.0; truncated=false; n_flagged_at_stage=198; probe=.planning/probes/2026-08-17-degeneracy-classification; run=2026-08-18 instrumented E2 via config_paper_instrumented.yaml; NOT a section-3 number -- Phase 29 frozen table is the sole source
e3v83f0,22,4,stage3_intrinsic_pass,-0.0285118659090435,1.0471767857114005,0.389810398992699,20.94024584482297,True,2,198,False,above_interface,provisional; git_sha=7118e0bcef20a53701f31778f045694c540787a4; opencv=4.13.0; truncated=false; n_flagged_at_stage=198; probe=.planning/probes/2026-08-17-degeneracy-classification; run=2026-08-18 instrumented E2 via config_paper_instrumented.yaml; NOT a section-3 number -- Phase 29 frozen table is the sole source
e3v83f0,22,5,stage3_intrinsic_pass,-0.0196344665983778,1.0471767857114005,0.330472734443218,17.828555139718247,True,2,198,False,above_interface,provisional; git_sha=7118e0bcef20a53701f31778f045694c540787a4; opencv=4.13.0; truncated=false; n_flagged_at_stage=198; probe=.planning/probes/2026-08-17-degeneracy-classification; run=2026-08-18 instrumented E2 via config_paper_instrumented.yaml; NOT a section-3 number -- Phase 29 frozen table is the sole source
e3v83f0,22,6,stage3_intrinsic_pass,-0.0107570672877124,1.0471767857114005,0.2711359305235407,14.660492688835548,True,2,198,False,above_interface,provisional; git_sha=7118e0bcef20a53701f31778f045694c540787a4; opencv=4.13.0; truncated=false; n_flagged_at_stage=198; probe=.planning/probes/2026-08-17-degeneracy-classification; run=2026-08-18 instrumented E2 via config_paper_instrumented.yaml; NOT a section-3 number -- Phase 29 frozen table is the sole source
e3v83f0,22,7,stage3_intrinsic_pass,-0.0018796679770469,1.0471767857114005,0.2118007105613975,11.454338115022946,True,2,198,False,above_interface,provisional; git_sha=7118e0bcef20a53701f31778f045694c540787a4; opencv=4.13.0; truncated=false; n_flagged_at_stage=198; probe=.planning/probes/2026-08-17-degeneracy-classification; run=2026-08-18 instrumented E2 via config_paper_instrumented.yaml; NOT a section-3 number -- Phase 29 frozen table is the sole source
e3v83f0,22,12,stage3_intrinsic_pass,-0.0113644198815177,1.0471767857114005,0.5755960440812242,29.06072129919439,True,2,198,False,above_interface,provisional; git_sha=7118e0bcef20a53701f31778f045694c540787a4; opencv=4.13.0; truncated=false; n_flagged_at_stage=198; probe=.planning/probes/2026-08-17-degeneracy-classification; run=2026-08-18 instrumented E2 via config_paper_instrumented.yaml; NOT a section-3 number -- Phase 29 frozen table is the sole source
e3v83f0,22,13,stage3_intrinsic_pass,-0.0024870205708522,1.0471767857114005,0.5163975576611457,26.30351364837271,True,2,198,False,above_interface,provisional; git_sha=7118e0bcef20a53701f31778f045694c540787a4; opencv=4.13.0; truncated=false; n_flagged_at_stage=198; probe=.planning/probes/2026-08-17-degeneracy-classification; run=2026-08-18 instrumented E2 via config_paper_instrumented.yaml; NOT a section-3 number -- Phase 29 frozen table is the sole source
e3v83f1,22,0,stage3_intrinsic_pass,-0.0640214631517053,1.1044982214439607,0.0508337179570122,2.797028797275223,True,2,198,False,above_interface,provisional; git_sha=7118e0bcef20a53701f31778f045694c540787a4; opencv=4.13.0; truncated=false; n_flagged_at_stage=198; probe=.planning/probes/2026-08-17-degeneracy-classification; run=2026-08-18 instrumented E2 via config_paper_instrumented.yaml; NOT a section-3 number -- Phase 29 frozen table is the sole source
e3v83f1,22,1,stage3_intrinsic_pass,-0.0551440638410398,1.1044982214439607,0.1033066265941183,5.622526695797695,True,2,198,False,above_interface,provisional; git_sha=7118e0bcef20a53701f31778f045694c540787a4; opencv=4.13.0; truncated=false; n_flagged_at_stage=198; probe=.planning/probes/2026-08-17-degeneracy-classification; run=2026-08-18 instrumented E2 via config_paper_instrumented.yaml; NOT a section-3 number -- Phase 29 frozen table is the sole source
e3v83f1,22,2,stage3_intrinsic_pass,-0.0462666645303744,1.1044982214439607,0.160632608389885,8.631234472964543,True,2,198,False,above_interface,provisional; git_sha=7118e0bcef20a53701f31778f045694c540787a4; opencv=4.13.0; truncated=false; n_flagged_at_stage=198; probe=.planning/probes/2026-08-17-degeneracy-classification; run=2026-08-18 instrumented E2 via config_paper_instrumented.yaml; NOT a section-3 number -- Phase 29 frozen table is the sole source
e3v83f1,22,3,stage3_intrinsic_pass,-0.0373892652197089,1.1044982214439607,0.2190337741558996,11.599369554754974,True,2,198,False,above_interface,provisional; git_sha=7118e0bcef20a53701f31778f045694c540787a4; opencv=4.13.0; truncated=false; n_flagged_at_stage=198; probe=.planning/probes/2026-08-17-degeneracy-classification; run=2026-08-18 instrumented E2 via config_paper_instrumented.yaml; NOT a section-3 number -- Phase 29 frozen table is the sole source
e3v83f1,22,4,stage3_intrinsic_pass,-0.0285118659090435,1.1044982214439607,0.2778329302418543,14.478233441611172,True,2,198,False,above_interface,provisional; git_sha=7118e0bcef20a53701f31778f045694c540787a4; opencv=4.13.0; truncated=false; n_flagged_at_stage=198; probe=.planning/probes/2026-08-17-degeneracy-classification; run=2026-08-18 instrumented E2 via config_paper_instrumented.yaml; NOT a section-3 number -- Phase 29 frozen table is the sole source
e3v83f1,22,5,stage3_intrinsic_pass,-0.0196344665983778,1.1044982214439607,0.3368217089136783,17.248196474683134,True,2,198,False,above_interface,provisional; git_sha=7118e0bcef20a53701f31778f045694c540787a4; opencv=4.13.0; truncated=false; n_flagged_at_stage=198; probe=.planning/probes/2026-08-17-degeneracy-classification; run=2026-08-18 instrumented E2 via config_paper_instrumented.yaml; NOT a section-3 number -- Phase 29 frozen table is the sole source
e3v83f1,22,6,stage3_intrinsic_pass,-0.0107570672877124,1.1044982214439607,0.3959153616964668,19.89937895406924,True,2,198,False,above_interface,provisional; git_sha=7118e0bcef20a53701f31778f045694c540787a4; opencv=4.13.0; truncated=false; n_flagged_at_stage=198; probe=.planning/probes/2026-08-17-degeneracy-classification; run=2026-08-18 instrumented E2 via config_paper_instrumented.yaml; NOT a section-3 number -- Phase 29 frozen table is the sole source
e3v83f1,22,11,stage3_intrinsic_pass,-0.0202418191921831,1.1044982214439607,0.0803360201152895,4.237484318738851,True,2,198,False,above_interface,provisional; git_sha=7118e0bcef20a53701f31778f045694c540787a4; opencv=4.13.0; truncated=false; n_flagged_at_stage=198; probe=.planning/probes/2026-08-17-degeneracy-classification; run=2026-08-18 instrumented E2 via config_paper_instrumented.yaml; NOT a section-3 number -- Phase 29 frozen table is the sole source
e3v83f1,22,12,stage3_intrinsic_pass,-0.0113644198815177,1.1044982214439607,0.1173233548048846,6.1259644534275965,True,2,198,False,above_interface,provisional; git_sha=7118e0bcef20a53701f31778f045694c540787a4; opencv=4.13.0; truncated=false; n_flagged_at_stage=198; probe=.planning/probes/2026-08-17-degeneracy-classification; run=2026-08-18 instrumented E2 via config_paper_instrumented.yaml; NOT a section-3 number -- Phase 29 frozen table is the sole source
e3v83f1,22,13,stage3_intrinsic_pass,-0.0024870205708522,1.1044982214439607,0.1676843659985614,8.651881666036845,True,2,198,False,above_interface,provisional; git_sha=7118e0bcef20a53701f31778f045694c540787a4; opencv=4.13.0; truncated=false; n_flagged_at_stage=198; probe=.planning/probes/2026-08-17-degeneracy-classification; run=2026-08-18 instrumented E2 via config_paper_instrumented.yaml; NOT a section-3 number -- Phase 29 frozen table is the sole source
e3v83e9,23,0,stage3_intrinsic_pass,-0.0567469493962085,1.0572725774184537,0.3316744961272771,18.340371769647405,True,2,198,False,above_interface,provisional; git_sha=7118e0bcef20a53701f31778f045694c540787a4; opencv=4.13.0; truncated=false; n_flagged_at_stage=198; probe=.planning/probes/2026-08-17-degeneracy-classification; run=2026-08-18 instrumented E2 via config_paper_instrumented.yaml; NOT a section-3 number -- Phase 29 frozen table is the sole source
e3v83e9,23,1,stage3_intrinsic_pass,-0.0475596305724952,1.0572725774184537,0.3788078326855837,20.564277073991487,True,2,198,False,above_interface,provisional; git_sha=7118e0bcef20a53701f31778f045694c540787a4; opencv=4.13.0; truncated=false; n_flagged_at_stage=198; probe=.planning/probes/2026-08-17-degeneracy-classification; run=2026-08-18 instrumented E2 via config_paper_instrumented.yaml; NOT a section-3 number -- Phase 29 frozen table is the sole source
e3v83e9,23,11,stage3_intrinsic_pass,-0.0131447375475768,1.0572725774184537,0.3013742835393611,16.10011489751087,True,2,198,False,above_interface,provisional; git_sha=7118e0bcef20a53701f31778f045694c540787a4; opencv=4.13.0; truncated=false; n_flagged_at_stage=198; probe=.planning/probes/2026-08-17-degeneracy-classification; run=2026-08-18 instrumented E2 via config_paper_instrumented.yaml; NOT a section-3 number -- Phase 29 frozen table is the sole source
e3v83e9,23,12,stage3_intrinsic_pass,-0.0039574187238635,1.0572725774184537,0.3514437176251473,18.45152692740912,True,2,198,False,above_interface,provisional; git_sha=7118e0bcef20a53701f31778f045694c540787a4; opencv=4.13.0; truncated=false; n_flagged_at_stage=198; probe=.planning/probes/2026-08-17-degeneracy-classification; run=2026-08-18 instrumented E2 via config_paper_instrumented.yaml; NOT a section-3 number -- Phase 29 frozen table is the sole source
e3v83eb,23,0,stage3_intrinsic_pass,-0.0567469493962085,1.0763196837067268,0.3184284509463587,17.344397777411036,True,2,198,False,above_interface,provisional; git_sha=7118e0bcef20a53701f31778f045694c540787a4; opencv=4.13.0; truncated=false; n_flagged_at_stage=198; probe=.planning/probes/2026-08-17-degeneracy-classification; run=2026-08-18 instrumented E2 via config_paper_instrumented.yaml; NOT a section-3 number -- Phase 29 frozen table is the sole source
e3v83eb,23,1,stage3_intrinsic_pass,-0.0475596305724952,1.0763196837067268,0.2621206272569233,14.294403009838412,True,2,198,False,above_interface,provisional; git_sha=7118e0bcef20a53701f31778f045694c540787a4; opencv=4.13.0; truncated=false; n_flagged_at_stage=198; probe=.planning/probes/2026-08-17-degeneracy-classification; run=2026-08-18 instrumented E2 via config_paper_instrumented.yaml; NOT a section-3 number -- Phase 29 frozen table is the sole source
e3v83eb,23,2,stage3_intrinsic_pass,-0.0383723117487821,1.0763196837067268,0.2074824195942664,11.304250114525832,True,2,198,False,above_interface,provisional; git_sha=7118e0bcef20a53701f31778f045694c540787a4; opencv=4.13.0; truncated=false; n_flagged_at_stage=198; probe=.planning/probes/2026-08-17-degeneracy-classification; run=2026-08-18 instrumented E2 via config_paper_instrumented.yaml; NOT a section-3 number -- Phase 29 frozen table is the sole source
e3v83eb,23,3,stage3_intrinsic_pass,-0.0291849929250689,1.0763196837067268,0.1562749883810023,8.488206771475847,True,2,198,False,above_interface,provisional; git_sha=7118e0bcef20a53701f31778f045694c540787a4; opencv=4.13.0; truncated=false; n_flagged_at_stage=198; probe=.planning/probes/2026-08-17-degeneracy-classification; run=2026-08-18 instrumented E2 via config_paper_instrumented.yaml; NOT a section-3 number -- Phase 29 frozen table is the sole source
e3v83eb,23,4,stage3_intrinsic_pass,-0.0199976741013558,1.0763196837067268,0.1132518251152559,6.119496843519722,True,2,198,False,above_interface,provisional; git_sha=7118e0bcef20a53701f31778f045694c540787a4; opencv=4.13.0; truncated=false; n_flagged_at_stage=198; probe=.planning/probes/2026-08-17-degeneracy-classification; run=2026-08-18 instrumented E2 via config_paper_instrumented.yaml; NOT a section-3 number -- Phase 29 frozen table is the sole source
e3v83eb,23,5,stage3_intrinsic_pass,-0.0108103552776426,1.0763196837067268,0.0908915075023705,4.87571806748766,True,2,198,False,above_interface,provisional; git_sha=7118e0bcef20a53701f31778f045694c540787a4; opencv=4.13.0; truncated=false; n_flagged_at_stage=198; probe=.planning/probes/2026-08-17-degeneracy-classification; run=2026-08-18 instrumented E2 via config_paper_instrumented.yaml; NOT a section-3 number -- Phase 29 frozen table is the sole source
e3v83eb,23,6,stage3_intrinsic_pass,-0.0016230364539295,1.0763196837067268,0.103574817044653,5.504928397329587,True,2,198,False,above_interface,provisional; git_sha=7118e0bcef20a53701f31778f045694c540787a4; opencv=4.13.0; truncated=false; n_flagged_at_stage=198; probe=.planning/probes/2026-08-17-degeneracy-classification; run=2026-08-18 instrumented E2 via config_paper_instrumented.yaml; NOT a section-3 number -- Phase 29 frozen table is the sole source
e3v83eb,23,11,stage3_intrinsic_pass,-0.0131447375475768,1.0763196837067268,0.3384923453747945,17.660371403564202,True,2,198,False,above_interface,provisional; git_sha=7118e0bcef20a53701f31778f045694c540787a4; opencv=4.13.0; truncated=false; n_flagged_at_stage=198; probe=.planning/probes/2026-08-17-degeneracy-classification; run=2026-08-18 instrumented E2 via config_paper_instrumented.yaml; NOT a section-3 number -- Phase 29 frozen table is the sole source
e3v83eb,23,12,stage3_intrinsic_pass,-0.0039574187238635,1.0763196837067268,0.284756804827294,14.871219032389922,True,2,198,False,above_interface,provisional; git_sha=7118e0bcef20a53701f31778f045694c540787a4; opencv=4.13.0; truncated=false; n_flagged_at_stage=198; probe=.planning/probes/2026-08-17-degeneracy-classification; run=2026-08-18 instrumented E2 via config_paper_instrumented.yaml; NOT a section-3 number -- Phase 29 frozen table is the sole source
e3v83f0,23,1,stage3_intrinsic_pass,-0.0475596305724952,1.0471767857114005,0.5729924577401447,29.821848401249103,True,2,198,False,above_interface,provisional; git_sha=7118e0bcef20a53701f31778f045694c540787a4; opencv=4.13.0; truncated=false; n_flagged_at_stage=198; probe=.planning/probes/2026-08-17-degeneracy-classification; run=2026-08-18 instrumented E2 via config_paper_instrumented.yaml; NOT a section-3 number -- Phase 29 frozen table is the sole source
e3v83f0,23,2,stage3_intrinsic_pass,-0.0383723117487821,1.0471767857114005,0.5137225511437202,26.98696747916292,True,2,198,False,above_interface,provisional; git_sha=7118e0bcef20a53701f31778f045694c540787a4; opencv=4.13.0; truncated=false; n_flagged_at_stage=198; probe=.planning/probes/2026-08-17-degeneracy-classification; run=2026-08-18 instrumented E2 via config_paper_instrumented.yaml; NOT a section-3 number -- Phase 29 frozen table is the sole source
e3v83f0,23,3,stage3_intrinsic_pass,-0.0291849929250689,1.0471767857114005,0.4544585226682363,24.057250938520816,True,2,198,False,above_interface,provisional; git_sha=7118e0bcef20a53701f31778f045694c540787a4; opencv=4.13.0; truncated=false; n_flagged_at_stage=198; probe=.planning/probes/2026-08-17-degeneracy-classification; run=2026-08-18 instrumented E2 via config_paper_instrumented.yaml; NOT a section-3 number -- Phase 29 frozen table is the sole source
e3v83f0,23,4,stage3_intrinsic_pass,-0.0199976741013558,1.0471767857114005,0.3952030167441062,21.04402822145553,True,2,198,False,above_interface,provisional; git_sha=7118e0bcef20a53701f31778f045694c540787a4; opencv=4.13.0; truncated=false; n_flagged_at_stage=198; probe=.planning/probes/2026-08-17-degeneracy-classification; run=2026-08-18 instrumented E2 via config_paper_instrumented.yaml; NOT a section-3 number -- Phase 29 frozen table is the sole source
e3v83f0,23,5,stage3_intrinsic_pass,-0.0108103552776426,1.0471767857114005,0.3359605429319813,17.96122070139514,True,2,198,False,above_interface,provisional; git_sha=7118e0bcef20a53701f31778f045694c540787a4; opencv=4.13.0; truncated=false; n_flagged_at_stage=198; probe=.planning/probes/2026-08-17-degeneracy-classification; run=2026-08-18 instrumented E2 via config_paper_instrumented.yaml; NOT a section-3 number -- Phase 29 frozen table is the sole source
e3v83f0,23,6,stage3_intrinsic_pass,-0.0016230364539295,1.0471767857114005,0.276739470831907,14.825212133324818,True,2,198,False,above_interface,provisional; git_sha=7118e0bcef20a53701f31778f045694c540787a4; opencv=4.13.0; truncated=false; n_flagged_at_stage=198; probe=.planning/probes/2026-08-17-degeneracy-classification; run=2026-08-18 instrumented E2 via config_paper_instrumented.yaml; NOT a section-3 number -- Phase 29 frozen table is the sole source
e3v83f0,23,12,stage3_intrinsic_pass,-0.0039574187238635,1.0471767857114005,0.5822157387423633,29.165677236704678,True,2,198,False,above_interface,provisional; git_sha=7118e0bcef20a53701f31778f045694c540787a4; opencv=4.13.0; truncated=false; n_flagged_at_stage=198; probe=.planning/probes/2026-08-17-degeneracy-classification; run=2026-08-18 instrumented E2 via config_paper_instrumented.yaml; NOT a section-3 number -- Phase 29 frozen table is the sole source
e3v83f1,23,0,stage3_intrinsic_pass,-0.0567469493962085,1.1044982214439607,0.061844133752483,3.3779976467921093,True,2,198,False,above_interface,provisional; git_sha=7118e0bcef20a53701f31778f045694c540787a4; opencv=4.13.0; truncated=false; n_flagged_at_stage=198; probe=.planning/probes/2026-08-17-degeneracy-classification; run=2026-08-18 instrumented E2 via config_paper_instrumented.yaml; NOT a section-3 number -- Phase 29 frozen table is the sole source
e3v83f1,23,1,stage3_intrinsic_pass,-0.0475596305724952,1.1044982214439607,0.1063626635805945,5.746487266629234,True,2,198,False,above_interface,provisional; git_sha=7118e0bcef20a53701f31778f045694c540787a4; opencv=4.13.0; truncated=false; n_flagged_at_stage=198; probe=.planning/probes/2026-08-17-degeneracy-classification; run=2026-08-18 instrumented E2 via config_paper_instrumented.yaml; NOT a section-3 number -- Phase 29 frozen table is the sole source
e3v83f1,23,2,stage3_intrinsic_pass,-0.0383723117487821,1.1044982214439607,0.160724988330954,8.573129175111028,True,2,198,False,above_interface,provisional; git_sha=7118e0bcef20a53701f31778f045694c540787a4; opencv=4.13.0; truncated=false; n_flagged_at_stage=198; probe=.planning/probes/2026-08-17-degeneracy-classification; run=2026-08-18 instrumented E2 via config_paper_instrumented.yaml; NOT a section-3 number -- Phase 29 frozen table is the sole source
e3v83f1,23,3,stage3_intrinsic_pass,-0.0291849929250689,1.1044982214439607,0.21767685657799,11.443804900817725,True,2,198,False,above_interface,provisional; git_sha=7118e0bcef20a53701f31778f045694c540787a4; opencv=4.13.0; truncated=false; n_flagged_at_stage=198; probe=.planning/probes/2026-08-17-degeneracy-classification; run=2026-08-18 instrumented E2 via config_paper_instrumented.yaml; NOT a section-3 number -- Phase 29 frozen table is the sole source
e3v83f1,23,4,stage3_intrinsic_pass,-0.0199976741013558,1.1044982214439607,0.2756176559130913,14.259409736039707,True,2,198,False,above_interface,provisional; git_sha=7118e0bcef20a53701f31778f045694c540787a4; opencv=4.13.0; truncated=false; n_flagged_at_stage=198; probe=.planning/probes/2026-08-17-degeneracy-classification; run=2026-08-18 instrumented E2 via config_paper_instrumented.yaml; NOT a section-3 number -- Phase 29 frozen table is the sole source
e3v83f1,23,5,stage3_intrinsic_pass,-0.0108103552776426,1.1044982214439607,0.3340331674520397,16.98367248861018,True,2,198,False,above_interface,provisional; git_sha=7118e0bcef20a53701f31778f045694c540787a4; opencv=4.13.0; truncated=false; n_flagged_at_stage=198; probe=.planning/probes/2026-08-17-degeneracy-classification; run=2026-08-18 instrumented E2 via config_paper_instrumented.yaml; NOT a section-3 number -- Phase 29 frozen table is the sole source
e3v83f1,23,6,stage3_intrinsic_pass,-0.0016230364539295,1.1044982214439607,0.3927116092130721,19.599788878214955,True,2,198,False,above_interface,provisional; git_sha=7118e0bcef20a53701f31778f045694c540787a4; opencv=4.13.0; truncated=false; n_flagged_at_stage=198; probe=.planning/probes/2026-08-17-degeneracy-classification; run=2026-08-18 instrumented E2 via config_paper_instrumented.yaml; NOT a section-3 number -- Phase 29 frozen table is the sole source
e3v83f1,23,11,stage3_intrinsic_pass,-0.0131447375475768,1.1044982214439607,0.0964271314611671,5.049287618116971,True,2,198,False,above_interface,provisional; git_sha=7118e0bcef20a53701f31778f045694c540787a4; opencv=4.13.0; truncated=false; n_flagged_at_stage=198; probe=.planning/probes/2026-08-17-degeneracy-classification; run=2026-08-18 instrumented E2 via config_paper_instrumented.yaml; NOT a section-3 number -- Phase 29 frozen table is the sole source
e3v83f1,23,12,stage3_intrinsic_pass,-0.0039574187238635,1.1044982214439607,0.1264331292140157,6.55356479857284,True,2,198,False,above_interface,provisional; git_sha=7118e0bcef20a53701f31778f045694c540787a4; opencv=4.13.0; truncated=false; n_flagged_at_stage=198; probe=.planning/probes/2026-08-17-degeneracy-classification; run=2026-08-18 instrumented E2 via config_paper_instrumented.yaml; NOT a section-3 number -- Phase 29 frozen table is the sole source
e3v83e9,24,0,stage3_intrinsic_pass,-0.0395250245702625,1.0572725774184537,0.2933817858481718,16.080460948422033,True,2,198,False,above_interface,provisional; git_sha=7118e0bcef20a53701f31778f045694c540787a4; opencv=4.13.0; truncated=false; n_flagged_at_stage=198; probe=.planning/probes/2026-08-17-degeneracy-classification; run=2026-08-18 instrumented E2 via config_paper_instrumented.yaml; NOT a section-3 number -- Phase 29 frozen table is the sole source
e3v83e9,24,1,stage3_intrinsic_pass,-0.0342105637956724,1.0572725774184537,0.3434245378874394,18.556027282125115,True,2,198,False,above_interface,provisional; git_sha=7118e0bcef20a53701f31778f045694c540787a4; opencv=4.13.0; truncated=false; n_flagged_at_stage=198; probe=.planning/probes/2026-08-17-degeneracy-classification; run=2026-08-18 instrumented E2 via config_paper_instrumented.yaml; NOT a section-3 number -- Phase 29 frozen table is the sole source
e3v83eb,24,0,stage3_intrinsic_pass,-0.0395250245702625,1.0763196837067268,0.3522269165606146,18.76400009883553,True,2,198,False,above_interface,provisional; git_sha=7118e0bcef20a53701f31778f045694c540787a4; opencv=4.13.0; truncated=false; n_flagged_at_stage=198; probe=.planning/probes/2026-08-17-degeneracy-classification; run=2026-08-18 instrumented E2 via config_paper_instrumented.yaml; NOT a section-3 number -- Phase 29 frozen table is the sole source
e3v83eb,24,1,stage3_intrinsic_pass,-0.0342105637956724,1.0763196837067268,0.295378960594101,15.825031926848744,True,2,198,False,above_interface,provisional; git_sha=7118e0bcef20a53701f31778f045694c540787a4; opencv=4.13.0; truncated=false; n_flagged_at_stage=198; probe=.planning/probes/2026-08-17-degeneracy-classification; run=2026-08-18 instrumented E2 via config_paper_instrumented.yaml; NOT a section-3 number -- Phase 29 frozen table is the sole source
e3v83eb,24,2,stage3_intrinsic_pass,-0.0288961030210821,1.0763196837067268,0.2399524390100158,12.903140041159867,True,2,198,False,above_interface,provisional; git_sha=7118e0bcef20a53701f31778f045694c540787a4; opencv=4.13.0; truncated=false; n_flagged_at_stage=198; probe=.planning/probes/2026-08-17-degeneracy-classification; run=2026-08-18 instrumented E2 via config_paper_instrumented.yaml; NOT a section-3 number -- Phase 29 frozen table is the sole source
e3v83eb,24,3,stage3_intrinsic_pass,-0.023581642246492,1.0763196837067268,0.1872141250691571,10.08380013193215,True,2,198,False,above_interface,provisional; git_sha=7118e0bcef20a53701f31778f045694c540787a4; opencv=4.13.0; truncated=false; n_flagged_at_stage=198; probe=.planning/probes/2026-08-17-degeneracy-classification; run=2026-08-18 instrumented E2 via config_paper_instrumented.yaml; NOT a section-3 number -- Phase 29 frozen table is the sole source
e3v83eb,24,4,stage3_intrinsic_pass,-0.0182671814719017,1.0763196837067268,0.1402305147866016,7.549777749169133,True,2,198,False,above_interface,provisional; git_sha=7118e0bcef20a53701f31778f045694c540787a4; opencv=4.13.0; truncated=false; n_flagged_at_stage=198; probe=.planning/probes/2026-08-17-degeneracy-classification; run=2026-08-18 instrumented E2 via config_paper_instrumented.yaml; NOT a section-3 number -- Phase 29 frozen table is the sole source
e3v83eb,24,5,stage3_intrinsic_pass,-0.0129527206973116,1.0763196837067268,0.10688114399917,5.739636855329711,True,2,198,False,above_interface,provisional; git_sha=7118e0bcef20a53701f31778f045694c540787a4; opencv=4.13.0; truncated=false; n_flagged_at_stage=198; probe=.planning/probes/2026-08-17-degeneracy-classification; run=2026-08-18 instrumented E2 via config_paper_instrumented.yaml; NOT a section-3 number -- Phase 29 frozen table is the sole source
e3v83eb,24,6,stage3_intrinsic_pass,-0.0076382599227213,1.0763196837067268,0.1016172899716284,5.431730259788862,True,2,198,False,above_interface,provisional; git_sha=7118e0bcef20a53701f31778f045694c540787a4; opencv=4.13.0; truncated=false; n_flagged_at_stage=198; probe=.planning/probes/2026-08-17-degeneracy-classification; run=2026-08-18 instrumented E2 via config_paper_instrumented.yaml; NOT a section-3 number -- Phase 29 frozen table is the sole source
e3v83eb,24,7,stage3_intrinsic_pass,-0.0023237991481313,1.0763196837067268,0.1279534341592104,6.794065477444078,True,2,198,False,above_interface,provisional; git_sha=7118e0bcef20a53701f31778f045694c540787a4; opencv=4.13.0; truncated=false; n_flagged_at_stage=198; probe=.planning/probes/2026-08-17-degeneracy-classification; run=2026-08-18 instrumented E2 via config_paper_instrumented.yaml; NOT a section-3 number -- Phase 29 frozen table is the sole source
e3v83f0,24,2,stage3_intrinsic_pass,-0.0288961030210821,1.0471767857114005,0.5403056798904894,27.95068280274192,True,2,198,False,above_interface,provisional; git_sha=7118e0bcef20a53701f31778f045694c540787a4; opencv=4.13.0; truncated=false; n_flagged_at_stage=198; probe=.planning/probes/2026-08-17-degeneracy-classification; run=2026-08-18 instrumented E2 via config_paper_instrumented.yaml; NOT a section-3 number -- Phase 29 frozen table is the sole source
e3v83f0,24,3,stage3_intrinsic_pass,-0.023581642246492,1.0471767857114005,0.4805448601027021,25.148539136918284,True,2,198,False,above_interface,provisional; git_sha=7118e0bcef20a53701f31778f045694c540787a4; opencv=4.13.0; truncated=false; n_flagged_at_stage=198; probe=.planning/probes/2026-08-17-degeneracy-classification; run=2026-08-18 instrumented E2 via config_paper_instrumented.yaml; NOT a section-3 number -- Phase 29 frozen table is the sole source
e3v83f0,24,4,stage3_intrinsic_pass,-0.0182671814719017,1.0471767857114005,0.4207849931184309,22.2426993265536,True,2,198,False,above_interface,provisional; git_sha=7118e0bcef20a53701f31778f045694c540787a4; opencv=4.13.0; truncated=false; n_flagged_at_stage=198; probe=.planning/probes/2026-08-17-degeneracy-classification; run=2026-08-18 instrumented E2 via config_paper_instrumented.yaml; NOT a section-3 number -- Phase 29 frozen table is the sole source
e3v83f0,24,5,stage3_intrinsic_pass,-0.0129527206973116,1.0471767857114005,0.3610265520838889,19.243054196188524,True,2,198,False,above_interface,provisional; git_sha=7118e0bcef20a53701f31778f045694c540787a4; opencv=4.13.0; truncated=false; n_flagged_at_stage=198; probe=.planning/probes/2026-08-17-degeneracy-classification; run=2026-08-18 instrumented E2 via config_paper_instrumented.yaml; NOT a section-3 number -- Phase 29 frozen table is the sole source
e3v83f0,24,6,stage3_intrinsic_pass,-0.0076382599227213,1.0471767857114005,0.3012703855323898,16.162204541973573,True,2,198,False,above_interface,provisional; git_sha=7118e0bcef20a53701f31778f045694c540787a4; opencv=4.13.0; truncated=false; n_flagged_at_stage=198; probe=.planning/probes/2026-08-17-degeneracy-classification; run=2026-08-18 instrumented E2 via config_paper_instrumented.yaml; NOT a section-3 number -- Phase 29 frozen table is the sole source
e3v83f0,24,7,stage3_intrinsic_pass,-0.0023237991481313,1.0471767857114005,0.2415181817202159,13.015349997334992,True,2,198,False,above_interface,provisional; git_sha=7118e0bcef20a53701f31778f045694c540787a4; opencv=4.13.0; truncated=false; n_flagged_at_stage=198; probe=.planning/probes/2026-08-17-degeneracy-classification; run=2026-08-18 instrumented E2 via config_paper_instrumented.yaml; NOT a section-3 number -- Phase 29 frozen table is the sole source
e3v83f1,24,0,stage3_intrinsic_pass,-0.0395250245702625,1.1044982214439607,0.0805114139848882,4.323307030406989,True,2,198,False,above_interface,provisional; git_sha=7118e0bcef20a53701f31778f045694c540787a4; opencv=4.13.0; truncated=false; n_flagged_at_stage=198; probe=.planning/probes/2026-08-17-degeneracy-classification; run=2026-08-18 instrumented E2 via config_paper_instrumented.yaml; NOT a section-3 number -- Phase 29 frozen table is the sole source
e3v83f1,24,1,stage3_intrinsic_pass,-0.0342105637956724,1.1044982214439607,0.1017905348386167,5.432818570550668,True,2,198,False,above_interface,provisional; git_sha=7118e0bcef20a53701f31778f045694c540787a4; opencv=4.13.0; truncated=false; n_flagged_at_stage=198; probe=.planning/probes/2026-08-17-degeneracy-classification; run=2026-08-18 instrumented E2 via config_paper_instrumented.yaml; NOT a section-3 number -- Phase 29 frozen table is the sole source
e3v83f1,24,2,stage3_intrinsic_pass,-0.0288961030210821,1.1044982214439607,0.146232866336429,7.74214663345818,True,2,198,False,above_interface,provisional; git_sha=7118e0bcef20a53701f31778f045694c540787a4; opencv=4.13.0; truncated=false; n_flagged_at_stage=198; probe=.planning/probes/2026-08-17-degeneracy-classification; run=2026-08-18 instrumented E2 via config_paper_instrumented.yaml; NOT a section-3 number -- Phase 29 frozen table is the sole source
e3v83f1,24,3,stage3_intrinsic_pass,-0.023581642246492,1.1044982214439607,0.1988725783625156,10.42498448806506,True,2,198,False,above_interface,provisional; git_sha=7118e0bcef20a53701f31778f045694c540787a4; opencv=4.13.0; truncated=false; n_flagged_at_stage=198; probe=.planning/probes/2026-08-17-degeneracy-classification; run=2026-08-18 instrumented E2 via config_paper_instrumented.yaml; NOT a section-3 number -- Phase 29 frozen table is the sole source
e3v83f1,24,4,stage3_intrinsic_pass,-0.0182671814719017,1.1044982214439607,0.2546763959724037,13.195160490379491,True,2,198,False,above_interface,provisional; git_sha=7118e0bcef20a53701f31778f045694c540787a4; opencv=4.13.0; truncated=false; n_flagged_at_stage=198; probe=.planning/probes/2026-08-17-degeneracy-classification; run=2026-08-18 instrumented E2 via config_paper_instrumented.yaml; NOT a section-3 number -- Phase 29 frozen table is the sole source
e3v83f1,24,5,stage3_intrinsic_pass,-0.0129527206973116,1.1044982214439607,0.3119508677977686,15.949313311584268,True,2,198,False,above_interface,provisional; git_sha=7118e0bcef20a53701f31778f045694c540787a4; opencv=4.13.0; truncated=false; n_flagged_at_stage=198; probe=.planning/probes/2026-08-17-degeneracy-classification; run=2026-08-18 instrumented E2 via config_paper_instrumented.yaml; NOT a section-3 number -- Phase 29 frozen table is the sole source
e3v83f1,24,6,stage3_intrinsic_pass,-0.0076382599227213,1.1044982214439607,0.3700136945944298,18.641259464766097,True,2,198,False,above_interface,provisional; git_sha=7118e0bcef20a53701f31778f045694c540787a4; opencv=4.13.0; truncated=false; n_flagged_at_stage=198; probe=.planning/probes/2026-08-17-degeneracy-classification; run=2026-08-18 instrumented E2 via config_paper_instrumented.yaml; NOT a section-3 number -- Phase 29 frozen table is the sole source
e3v83e9,25,0,stage3_intrinsic_pass,-0.0410951958750609,1.0572725774184537,0.3205411225491726,17.5072629700224,True,2,198,False,above_interface,provisional; git_sha=7118e0bcef20a53701f31778f045694c540787a4; opencv=4.13.0; truncated=false; n_flagged_at_stage=198; probe=.planning/probes/2026-08-17-degeneracy-classification; run=2026-08-18 instrumented E2 via config_paper_instrumented.yaml; NOT a section-3 number -- Phase 29 frozen table is the sole source
e3v83e9,25,1,stage3_intrinsic_pass,-0.0340832645950779,1.0572725774184537,0.3712330794074367,19.94176107084461,True,2,198,False,above_interface,provisional; git_sha=7118e0bcef20a53701f31778f045694c540787a4; opencv=4.13.0; truncated=false; n_flagged_at_stage=198; probe=.planning/probes/2026-08-17-degeneracy-classification; run=2026-08-18 instrumented E2 via config_paper_instrumented.yaml; NOT a section-3 number -- Phase 29 frozen table is the sole source
e3v83eb,25,0,stage3_intrinsic_pass,-0.0410951958750609,1.0763196837067268,0.3202380426762243,17.189015820917007,True,2,198,False,above_interface,provisional; git_sha=7118e0bcef20a53701f31778f045694c540787a4; opencv=4.13.0; truncated=false; n_flagged_at_stage=198; probe=.planning/probes/2026-08-17-degeneracy-classification; run=2026-08-18 instrumented E2 via config_paper_instrumented.yaml; NOT a section-3 number -- Phase 29 frozen table is the sole source
e3v83eb,25,1,stage3_intrinsic_pass,-0.0340832645950779,1.0763196837067268,0.2652528770831463,14.278841297232804,True,2,198,False,above_interface,provisional; git_sha=7118e0bcef20a53701f31778f045694c540787a4; opencv=4.13.0; truncated=false; n_flagged_at_stage=198; probe=.planning/probes/2026-08-17-degeneracy-classification; run=2026-08-18 instrumented E2 via config_paper_instrumented.yaml; NOT a section-3 number -- Phase 29 frozen table is the sole source
e3v83eb,25,2,stage3_intrinsic_pass,-0.0270713333150951,1.0763196837067268,0.2127614609465815,11.462737780709425,True,2,198,False,above_interface,provisional; git_sha=7118e0bcef20a53701f31778f045694c540787a4; opencv=4.13.0; truncated=false; n_flagged_at_stage=198; probe=.planning/probes/2026-08-17-degeneracy-classification; run=2026-08-18 instrumented E2 via config_paper_instrumented.yaml; NOT a section-3 number -- Phase 29 frozen table is the sole source
e3v83eb,25,3,stage3_intrinsic_pass,-0.0200594020351121,1.0763196837067268,0.1651588791643077,8.886918418079363,True,2,198,False,above_interface,provisional; git_sha=7118e0bcef20a53701f31778f045694c540787a4; opencv=4.13.0; truncated=false; n_flagged_at_stage=198; probe=.planning/probes/2026-08-17-degeneracy-classification; run=2026-08-18 instrumented E2 via config_paper_instrumented.yaml; NOT a section-3 number -- Phase 29 frozen table is the sole source
e3v83eb,25,4,stage3_intrinsic_pass,-0.0130474707551291,1.0763196837067268,0.1280200652591094,6.865476372005211,True,2,198,False,above_interface,provisional; git_sha=7118e0bcef20a53701f31778f045694c540787a4; opencv=4.13.0; truncated=false; n_flagged_at_stage=198; probe=.planning/probes/2026-08-17-degeneracy-classification; run=2026-08-18 instrumented E2 via config_paper_instrumented.yaml; NOT a section-3 number -- Phase 29 frozen table is the sole source
e3v83eb,25,5,stage3_intrinsic_pass,-0.0060355394751461,1.0763196837067268,0.1122607878581493,5.987789385192048,True,2,198,False,above_interface,provisional; git_sha=7118e0bcef20a53701f31778f045694c540787a4; opencv=4.13.0; truncated=false; n_flagged_at_stage=198; probe=.planning/probes/2026-08-17-degeneracy-classification; run=2026-08-18 instrumented E2 via config_paper_instrumented.yaml; NOT a section-3 number -- Phase 29 frozen table is the sole source
e3v83f0,25,1,stage3_intrinsic_pass,-0.0340832645950779,1.0471767857114005,0.5662360133536594,29.20160232897909,True,2,198,False,above_interface,provisional; git_sha=7118e0bcef20a53701f31778f045694c540787a4; opencv=4.13.0; truncated=false; n_flagged_at_stage=198; probe=.planning/probes/2026-08-17-degeneracy-classification; run=2026-08-18 instrumented E2 via config_paper_instrumented.yaml; NOT a section-3 number -- Phase 29 frozen table is the sole source
e3v83f0,25,2,stage3_intrinsic_pass,-0.0270713333150951,1.0471767857114005,0.5067397948443979,26.41599720739989,True,2,198,False,above_interface,provisional; git_sha=7118e0bcef20a53701f31778f045694c540787a4; opencv=4.13.0; truncated=false; n_flagged_at_stage=198; probe=.planning/probes/2026-08-17-degeneracy-classification; run=2026-08-18 instrumented E2 via config_paper_instrumented.yaml; NOT a section-3 number -- Phase 29 frozen table is the sole source
e3v83f0,25,3,stage3_intrinsic_pass,-0.0200594020351121,1.0471767857114005,0.4472682440982023,23.531185193755416,True,2,198,False,above_interface,provisional; git_sha=7118e0bcef20a53701f31778f045694c540787a4; opencv=4.13.0; truncated=false; n_flagged_at_stage=198; probe=.planning/probes/2026-08-17-degeneracy-classification; run=2026-08-18 instrumented E2 via config_paper_instrumented.yaml; NOT a section-3 number -- Phase 29 frozen table is the sole source
e3v83f0,25,4,stage3_intrinsic_pass,-0.0130474707551291,1.0471767857114005,0.3878327091902967,20.557707217391638,True,2,198,False,above_interface,provisional; git_sha=7118e0bcef20a53701f31778f045694c540787a4; opencv=4.13.0; truncated=false; n_flagged_at_stage=198; probe=.planning/probes/2026-08-17-degeneracy-classification; run=2026-08-18 instrumented E2 via config_paper_instrumented.yaml; NOT a section-3 number -- Phase 29 frozen table is the sole source
e3v83f0,25,5,stage3_intrinsic_pass,-0.0060355394751461,1.0471767857114005,0.3284527425620479,17.509118085102255,True,2,198,False,above_interface,provisional; git_sha=7118e0bcef20a53701f31778f045694c540787a4; opencv=4.13.0; truncated=false; n_flagged_at_stage=198; probe=.planning/probes/2026-08-17-degeneracy-classification; run=2026-08-18 instrumented E2 via config_paper_instrumented.yaml; NOT a section-3 number -- Phase 29 frozen table is the sole source
e3v83f1,25,0,stage3_intrinsic_pass,-0.0410951958750609,1.1044982214439607,0.0901073747356183,4.843383800057061,True,2,198,False,above_interface,provisional; git_sha=7118e0bcef20a53701f31778f045694c540787a4; opencv=4.13.0; truncated=false; n_flagged_at_stage=198; probe=.planning/probes/2026-08-17-degeneracy-classification; run=2026-08-18 instrumented E2 via config_paper_instrumented.yaml; NOT a section-3 number -- Phase 29 frozen table is the sole source
e3v83f1,25,1,stage3_intrinsic_pass,-0.0340832645950779,1.1044982214439607,0.1280330168430873,6.820780336885801,True,2,198,False,above_interface,provisional; git_sha=7118e0bcef20a53701f31778f045694c540787a4; opencv=4.13.0; truncated=false; n_flagged_at_stage=198; probe=.planning/probes/2026-08-17-degeneracy-classification; run=2026-08-18 instrumented E2 via config_paper_instrumented.yaml; NOT a section-3 number -- Phase 29 frozen table is the sole source
e3v83f1,25,2,stage3_intrinsic_pass,-0.0270713333150951,1.1044982214439607,0.1782336485111297,9.39310462112864,True,2,198,False,above_interface,provisional; git_sha=7118e0bcef20a53701f31778f045694c540787a4; opencv=4.13.0; truncated=false; n_flagged_at_stage=198; probe=.planning/probes/2026-08-17-degeneracy-classification; run=2026-08-18 instrumented E2 via config_paper_instrumented.yaml; NOT a section-3 number -- Phase 29 frozen table is the sole source
e3v83f1,25,3,stage3_intrinsic_pass,-0.0200594020351121,1.1044982214439607,0.2329027246742409,12.12117264689746,True,2,198,False,above_interface,provisional; git_sha=7118e0bcef20a53701f31778f045694c540787a4; opencv=4.13.0; truncated=false; n_flagged_at_stage=198; probe=.planning/probes/2026-08-17-degeneracy-classification; run=2026-08-18 instrumented E2 via config_paper_instrumented.yaml; NOT a section-3 number -- Phase 29 frozen table is the sole source
e3v83f1,25,4,stage3_intrinsic_pass,-0.0130474707551291,1.1044982214439607,0.2895199310915072,14.85622919205932,True,2,198,False,above_interface,provisional; git_sha=7118e0bcef20a53701f31778f045694c540787a4; opencv=4.13.0; truncated=false; n_flagged_at_stage=198; probe=.planning/probes/2026-08-17-degeneracy-classification; run=2026-08-18 instrumented E2 via config_paper_instrumented.yaml; NOT a section-3 number -- Phase 29 frozen table is the sole source
e3v83f1,25,5,stage3_intrinsic_pass,-0.0060355394751461,1.1044982214439607,0.3471333569065736,17.537444315856046,True,2,198,False,above_interface,provisional; git_sha=7118e0bcef20a53701f31778f045694c540787a4; opencv=4.13.0; truncated=false; n_flagged_at_stage=198; probe=.planning/probes/2026-08-17-degeneracy-classification; run=2026-08-18 instrumented E2 via config_paper_instrumented.yaml; NOT a section-3 number -- Phase 29 frozen table is the sole source
e3v83e9,26,0,stage3_intrinsic_pass,-0.0193945827920063,1.0572725774184537,0.3181489651414468,17.042288361139324,True,2,198,False,above_interface,provisional; git_sha=7118e0bcef20a53701f31778f045694c540787a4; opencv=4.13.0; truncated=false; n_flagged_at_stage=198; probe=.planning/probes/2026-08-17-degeneracy-classification; run=2026-08-18 instrumented E2 via config_paper_instrumented.yaml; NOT a section-3 number -- Phase 29 frozen table is the sole source
e3v83e9,26,1,stage3_intrinsic_pass,-0.0119728242551062,1.0572725774184537,0.3700345714490093,19.49388800297936,True,2,198,False,above_interface,provisional; git_sha=7118e0bcef20a53701f31778f045694c540787a4; opencv=4.13.0; truncated=false; n_flagged_at_stage=198; probe=.planning/probes/2026-08-17-degeneracy-classification; run=2026-08-18 instrumented E2 via config_paper_instrumented.yaml; NOT a section-3 number -- Phase 29 frozen table is the sole source
e3v83eb,26,0,stage3_intrinsic_pass,-0.0193945827920063,1.0763196837067268,0.3206896239074517,16.878718089222332,True,2,198,False,above_interface,provisional; git_sha=7118e0bcef20a53701f31778f045694c540787a4; opencv=4.13.0; truncated=false; n_flagged_at_stage=198; probe=.planning/probes/2026-08-17-degeneracy-classification; run=2026-08-18 instrumented E2 via config_paper_instrumented.yaml; NOT a section-3 number -- Phase 29 frozen table is the sole source
e3v83eb,26,1,stage3_intrinsic_pass,-0.0119728242551062,1.0763196837067268,0.2660715600116306,14.035475640458566,True,2,198,False,above_interface,provisional; git_sha=7118e0bcef20a53701f31778f045694c540787a4; opencv=4.13.0; truncated=false; n_flagged_at_stage=198; probe=.planning/probes/2026-08-17-degeneracy-classification; run=2026-08-18 instrumented E2 via config_paper_instrumented.yaml; NOT a section-3 number -- Phase 29 frozen table is the sole source
e3v83eb,26,2,stage3_intrinsic_pass,-0.0045510657182059,1.0763196837067268,0.2140937883559038,11.29657040626572,True,2,198,False,above_interface,provisional; git_sha=7118e0bcef20a53701f31778f045694c540787a4; opencv=4.13.0; truncated=false; n_flagged_at_stage=198; probe=.planning/probes/2026-08-17-degeneracy-classification; run=2026-08-18 instrumented E2 via config_paper_instrumented.yaml; NOT a section-3 number -- Phase 29 frozen table is the sole source
e3v83f0,26,1,stage3_intrinsic_pass,-0.0119728242551062,1.0471767857114005,0.5638440623570602,28.575783905856955,True,2,198,False,above_interface,provisional; git_sha=7118e0bcef20a53701f31778f045694c540787a4; opencv=4.13.0; truncated=false; n_flagged_at_stage=198; probe=.planning/probes/2026-08-17-degeneracy-classification; run=2026-08-18 instrumented E2 via config_paper_instrumented.yaml; NOT a section-3 number -- Phase 29 frozen table is the sole source
e3v83f0,26,2,stage3_intrinsic_pass,-0.0045510657182059,1.0471767857114005,0.5043906395637922,25.81628622441136,True,2,198,False,above_interface,provisional; git_sha=7118e0bcef20a53701f31778f045694c540787a4; opencv=4.13.0; truncated=false; n_flagged_at_stage=198; probe=.planning/probes/2026-08-17-degeneracy-classification; run=2026-08-18 instrumented E2 via config_paper_instrumented.yaml; NOT a section-3 number -- Phase 29 frozen table is the sole source
e3v83f1,26,0,stage3_intrinsic_pass,-0.0193945827920063,1.1044982214439607,0.0992199254003574,5.224494796806988,True,2,198,False,above_interface,provisional; git_sha=7118e0bcef20a53701f31778f045694c540787a4; opencv=4.13.0; truncated=false; n_flagged_at_stage=198; probe=.planning/probes/2026-08-17-degeneracy-classification; run=2026-08-18 instrumented E2 via config_paper_instrumented.yaml; NOT a section-3 number -- Phase 29 frozen table is the sole source
e3v83f1,26,1,stage3_intrinsic_pass,-0.0119728242551062,1.1044982214439607,0.1352183074867356,7.055432350885757,True,2,198,False,above_interface,provisional; git_sha=7118e0bcef20a53701f31778f045694c540787a4; opencv=4.13.0; truncated=false; n_flagged_at_stage=198; probe=.planning/probes/2026-08-17-degeneracy-classification; run=2026-08-18 instrumented E2 via config_paper_instrumented.yaml; NOT a section-3 number -- Phase 29 frozen table is the sole source
e3v83f1,26,2,stage3_intrinsic_pass,-0.0045510657182059,1.1044982214439607,0.1838837207670709,9.490660840235565,True,2,198,False,above_interface,provisional; git_sha=7118e0bcef20a53701f31778f045694c540787a4; opencv=4.13.0; truncated=false; n_flagged_at_stage=198; probe=.planning/probes/2026-08-17-degeneracy-classification; run=2026-08-18 instrumented E2 via config_paper_instrumented.yaml; NOT a section-3 number -- Phase 29 frozen table is the sole source
e3v82f9,102,77,stage3_intrinsic_pass,-0.0239151522854741,1.0823627483637703,0.3580938287024203,18.69169858181931,True,2,198,False,above_interface,provisional; git_sha=7118e0bcef20a53701f31778f045694c540787a4; opencv=4.13.0; truncated=false; n_flagged_at_stage=198; probe=.planning/probes/2026-08-17-degeneracy-classification; run=2026-08-18 instrumented E2 via config_paper_instrumented.yaml; NOT a section-3 number -- Phase 29 frozen table is the sole source
e3v83e9,102,22,stage3_intrinsic_pass,-0.0012508350799163,1.0572725774184537,0.2646747620247985,14.070417325114969,True,2,198,False,above_interface,provisional; git_sha=7118e0bcef20a53701f31778f045694c540787a4; opencv=4.13.0; truncated=false; n_flagged_at_stage=198; probe=.planning/probes/2026-08-17-degeneracy-classification; run=2026-08-18 instrumented E2 via config_paper_instrumented.yaml; NOT a section-3 number -- Phase 29 frozen table is the sole source
e3v83e9,102,33,stage3_intrinsic_pass,-0.0057836985210277,1.0572725774184537,0.3244340862469264,17.147470482554535,True,2,198,False,above_interface,provisional; git_sha=7118e0bcef20a53701f31778f045694c540787a4; opencv=4.13.0; truncated=false; n_flagged_at_stage=198; probe=.planning/probes/2026-08-17-degeneracy-classification; run=2026-08-18 instrumented E2 via config_paper_instrumented.yaml; NOT a section-3 number -- Phase 29 frozen table is the sole source
e3v83e9,102,44,stage3_intrinsic_pass,-0.0103165619621394,1.0572725774184537,0.3842149519252482,20.152273209798224,True,2,198,False,above_interface,provisional; git_sha=7118e0bcef20a53701f31778f045694c540787a4; opencv=4.13.0; truncated=false; n_flagged_at_stage=198; probe=.planning/probes/2026-08-17-degeneracy-classification; run=2026-08-18 instrumented E2 via config_paper_instrumented.yaml; NOT a section-3 number -- Phase 29 frozen table is the sole source
e3v83e9,102,55,stage3_intrinsic_pass,-0.0148494254032509,1.0572725774184537,0.4440086581869906,23.07104552934359,True,2,198,False,above_interface,provisional; git_sha=7118e0bcef20a53701f31778f045694c540787a4; opencv=4.13.0; truncated=false; n_flagged_at_stage=198; probe=.planning/probes/2026-08-17-degeneracy-classification; run=2026-08-18 instrumented E2 via config_paper_instrumented.yaml; NOT a section-3 number -- Phase 29 frozen table is the sole source
e3v83e9,102,66,stage3_intrinsic_pass,-0.0193822888443624,1.0572725774184537,0.5038106331799197,25.89277115617841,True,2,198,False,above_interface,provisional; git_sha=7118e0bcef20a53701f31778f045694c540787a4; opencv=4.13.0; truncated=false; n_flagged_at_stage=198; probe=.planning/probes/2026-08-17-degeneracy-classification; run=2026-08-18 instrumented E2 via config_paper_instrumented.yaml; NOT a section-3 number -- Phase 29 frozen table is the sole source
e3v83e9,102,77,stage3_intrinsic_pass,-0.0239151522854741,1.0572725774184537,0.563618244881533,28.60912384387521,True,2,198,False,above_interface,provisional; git_sha=7118e0bcef20a53701f31778f045694c540787a4; opencv=4.13.0; truncated=false; n_flagged_at_stage=198; probe=.planning/probes/2026-08-17-degeneracy-classification; run=2026-08-18 instrumented E2 via config_paper_instrumented.yaml; NOT a section-3 number -- Phase 29 frozen table is the sole source
e3v83ee,102,22,stage3_intrinsic_pass,-0.0012508350799163,1.1125017325824218,0.2201294369319206,11.20475468137741,True,2,198,False,above_interface,provisional; git_sha=7118e0bcef20a53701f31778f045694c540787a4; opencv=4.13.0; truncated=false; n_flagged_at_stage=198; probe=.planning/probes/2026-08-17-degeneracy-classification; run=2026-08-18 instrumented E2 via config_paper_instrumented.yaml; NOT a section-3 number -- Phase 29 frozen table is the sole source
e3v83ee,102,33,stage3_intrinsic_pass,-0.0057836985210277,1.1125017325824218,0.2247082308719966,11.47732412026674,True,2,198,False,above_interface,provisional; git_sha=7118e0bcef20a53701f31778f045694c540787a4; opencv=4.13.0; truncated=false; n_flagged_at_stage=198; probe=.planning/probes/2026-08-17-degeneracy-classification; run=2026-08-18 instrumented E2 via config_paper_instrumented.yaml; NOT a section-3 number -- Phase 29 frozen table is the sole source
e3v83ee,102,44,stage3_intrinsic_pass,-0.0103165619621394,1.1125017325824218,0.2443143780814567,12.498305849612676,True,2,198,False,above_interface,provisional; git_sha=7118e0bcef20a53701f31778f045694c540787a4; opencv=4.13.0; truncated=false; n_flagged_at_stage=198; probe=.planning/probes/2026-08-17-degeneracy-classification; run=2026-08-18 instrumented E2 via config_paper_instrumented.yaml; NOT a section-3 number -- Phase 29 frozen table is the sole source
e3v83ee,102,55,stage3_intrinsic_pass,-0.0148494254032509,1.1125017325824218,0.2757610341420338,14.102446729338778,True,2,198,False,above_interface,provisional; git_sha=7118e0bcef20a53701f31778f045694c540787a4; opencv=4.13.0; truncated=false; n_flagged_at_stage=198; probe=.planning/probes/2026-08-17-degeneracy-classification; run=2026-08-18 instrumented E2 via config_paper_instrumented.yaml; NOT a section-3 number -- Phase 29 frozen table is the sole source
e3v83ee,102,66,stage3_intrinsic_pass,-0.0193822888443624,1.1125017325824218,0.3155276324870572,16.10072175993929,True,2,198,False,above_interface,provisional; git_sha=7118e0bcef20a53701f31778f045694c540787a4; opencv=4.13.0; truncated=false; n_flagged_at_stage=198; probe=.planning/probes/2026-08-17-degeneracy-classification; run=2026-08-18 instrumented E2 via config_paper_instrumented.yaml; NOT a section-3 number -- Phase 29 frozen table is the sole source
e3v83ee,102,77,stage3_intrinsic_pass,-0.0239151522854741,1.1125017325824218,0.3608741221987792,18.34072261261593,True,2,198,False,above_interface,provisional; git_sha=7118e0bcef20a53701f31778f045694c540787a4; opencv=4.13.0; truncated=false; n_flagged_at_stage=198; probe=.planning/probes/2026-08-17-degeneracy-classification; run=2026-08-18 instrumented E2 via config_paper_instrumented.yaml; NOT a section-3 number -- Phase 29 frozen table is the sole source
e3v83ef,102,33,stage3_intrinsic_pass,-0.0057836985210277,1.0684104162901502,0.3509927357733549,18.27873593399736,True,2,198,False,above_interface,provisional; git_sha=7118e0bcef20a53701f31778f045694c540787a4; opencv=4.13.0; truncated=false; n_flagged_at_stage=198; probe=.planning/probes/2026-08-17-degeneracy-classification; run=2026-08-18 instrumented E2 via config_paper_instrumented.yaml; NOT a section-3 number -- Phase 29 frozen table is the sole source
e3v83ef,102,44,stage3_intrinsic_pass,-0.0103165619621394,1.0684104162901502,0.2999296759348732,15.826031764433347,True,2,198,False,above_interface,provisional; git_sha=7118e0bcef20a53701f31778f045694c540787a4; opencv=4.13.0; truncated=false; n_flagged_at_stage=198; probe=.planning/probes/2026-08-17-degeneracy-classification; run=2026-08-18 instrumented E2 via config_paper_instrumented.yaml; NOT a section-3 number -- Phase 29 frozen table is the sole source
e3v83ef,102,55,stage3_intrinsic_pass,-0.0148494254032509,1.0684104162901502,0.2527422140149533,13.48995218353572,True,2,198,False,above_interface,provisional; git_sha=7118e0bcef20a53701f31778f045694c540787a4; opencv=4.13.0; truncated=false; n_flagged_at_stage=198; probe=.planning/probes/2026-08-17-degeneracy-classification; run=2026-08-18 instrumented E2 via config_paper_instrumented.yaml; NOT a section-3 number -- Phase 29 frozen table is the sole source
e3v83ef,102,66,stage3_intrinsic_pass,-0.0193822888443624,1.0684104162901502,0.2120338399454467,11.42690427633409,True,2,198,False,above_interface,provisional; git_sha=7118e0bcef20a53701f31778f045694c540787a4; opencv=4.13.0; truncated=false; n_flagged_at_stage=198; probe=.planning/probes/2026-08-17-degeneracy-classification; run=2026-08-18 instrumented E2 via config_paper_instrumented.yaml; NOT a section-3 number -- Phase 29 frozen table is the sole source
e3v83ef,102,77,stage3_intrinsic_pass,-0.0239151522854741,1.0684104162901502,0.1822003790251015,9.89503714752311,True,2,198,False,above_interface,provisional; git_sha=7118e0bcef20a53701f31778f045694c540787a4; opencv=4.13.0; truncated=false; n_flagged_at_stage=198; probe=.planning/probes/2026-08-17-degeneracy-classification; run=2026-08-18 instrumented E2 via config_paper_instrumented.yaml; NOT a section-3 number -- Phase 29 frozen table is the sole source
e3v83f1,102,22,stage3_intrinsic_pass,-0.0012508350799163,1.1044982214439607,0.5437090564144941,26.235279055527496,True,2,198,False,above_interface,provisional; git_sha=7118e0bcef20a53701f31778f045694c540787a4; opencv=4.13.0; truncated=false; n_flagged_at_stage=198; probe=.planning/probes/2026-08-17-degeneracy-classification; run=2026-08-18 instrumented E2 via config_paper_instrumented.yaml; NOT a section-3 number -- Phase 29 frozen table is the sole source
e3v83f1,102,33,stage3_intrinsic_pass,-0.0057836985210277,1.1044982214439607,0.5971738856829628,28.52498762082621,True,2,198,False,above_interface,provisional; git_sha=7118e0bcef20a53701f31778f045694c540787a4; opencv=4.13.0; truncated=false; n_flagged_at_stage=198; probe=.planning/probes/2026-08-17-degeneracy-classification; run=2026-08-18 instrumented E2 via config_paper_instrumented.yaml; NOT a section-3 number -- Phase 29 frozen table is the sole source
e3v82f9,104,77,stage3_intrinsic_pass,-0.0444882705791231,1.0823627483637703,0.3513189899180925,18.700884640696117,True,2,198,False,above_interface,provisional; git_sha=7118e0bcef20a53701f31778f045694c540787a4; opencv=4.13.0; truncated=false; n_flagged_at_stage=198; probe=.planning/probes/2026-08-17-degeneracy-classification; run=2026-08-18 instrumented E2 via config_paper_instrumented.yaml; NOT a section-3 number -- Phase 29 frozen table is the sole source
e3v82f9,104,78,stage3_intrinsic_pass,-0.0097962065414689,1.0823627483637703,0.3523355592739157,18.185228905377105,True,2,198,False,above_interface,provisional; git_sha=7118e0bcef20a53701f31778f045694c540787a4; opencv=4.13.0; truncated=false; n_flagged_at_stage=198; probe=.planning/probes/2026-08-17-degeneracy-classification; run=2026-08-18 instrumented E2 via config_paper_instrumented.yaml; NOT a section-3 number -- Phase 29 frozen table is the sole source
e3v83e9,104,0,stage3_intrinsic_pass,-0.0402027367327291,1.0572725774184537,0.160378068791631,8.960979063618888,True,2,198,False,above_interface,provisional; git_sha=7118e0bcef20a53701f31778f045694c540787a4; opencv=4.13.0; truncated=false; n_flagged_at_stage=198; probe=.planning/probes/2026-08-17-degeneracy-classification; run=2026-08-18 instrumented E2 via config_paper_instrumented.yaml; NOT a section-3 number -- Phase 29 frozen table is the sole source
e3v83e9,104,1,stage3_intrinsic_pass,-0.0055106726950751,1.0572725774184537,0.1488747263074818,8.056577106194482,True,2,198,False,above_interface,provisional; git_sha=7118e0bcef20a53701f31778f045694c540787a4; opencv=4.13.0; truncated=false; n_flagged_at_stage=198; probe=.planning/probes/2026-08-17-degeneracy-classification; run=2026-08-18 instrumented E2 via config_paper_instrumented.yaml; NOT a section-3 number -- Phase 29 frozen table is the sole source
e3v83e9,104,11,stage3_intrinsic_pass,-0.0408149558536425,1.0572725774184537,0.2169672721951302,12.049205349112194,True,2,198,False,above_interface,provisional; git_sha=7118e0bcef20a53701f31778f045694c540787a4; opencv=4.13.0; truncated=false; n_flagged_at_stage=198; probe=.planning/probes/2026-08-17-degeneracy-classification; run=2026-08-18 instrumented E2 via config_paper_instrumented.yaml; NOT a section-3 number -- Phase 29 frozen table is the sole source
e3v83e9,104,12,stage3_intrinsic_pass,-0.0061228918159883,1.0572725774184537,0.2087099295133939,11.23024482808894,True,2,198,False,above_interface,provisional; git_sha=7118e0bcef20a53701f31778f045694c540787a4; opencv=4.13.0; truncated=false; n_flagged_at_stage=198; probe=.planning/probes/2026-08-17-degeneracy-classification; run=2026-08-18 instrumented E2 via config_paper_instrumented.yaml; NOT a section-3 number -- Phase 29 frozen table is the sole source
e3v83e9,104,22,stage3_intrinsic_pass,-0.041427174974556,1.0572725774184537,0.2750049451078186,15.147769953031425,True,2,198,False,above_interface,provisional; git_sha=7118e0bcef20a53701f31778f045694c540787a4; opencv=4.13.0; truncated=false; n_flagged_at_stage=198; probe=.planning/probes/2026-08-17-degeneracy-classification; run=2026-08-18 instrumented E2 via config_paper_instrumented.yaml; NOT a section-3 number -- Phase 29 frozen table is the sole source
e3v83e9,104,23,stage3_intrinsic_pass,-0.0067351109369018,1.0572725774184537,0.2686172660074926,14.342939477778698,True,2,198,False,above_interface,provisional; git_sha=7118e0bcef20a53701f31778f045694c540787a4; opencv=4.13.0; truncated=false; n_flagged_at_stage=198; probe=.planning/probes/2026-08-17-degeneracy-classification; run=2026-08-18 instrumented E2 via config_paper_instrumented.yaml; NOT a section-3 number -- Phase 29 frozen table is the sole source
e3v83e9,104,33,stage3_intrinsic_pass,-0.0420393940954693,1.0572725774184537,0.3337362623977336,18.19717715323849,True,2,198,False,above_interface,provisional; git_sha=7118e0bcef20a53701f31778f045694c540787a4; opencv=4.13.0; truncated=false; n_flagged_at_stage=198; probe=.planning/probes/2026-08-17-degeneracy-classification; run=2026-08-18 instrumented E2 via config_paper_instrumented.yaml; NOT a section-3 number -- Phase 29 frozen table is the sole source
e3v83e9,104,34,stage3_intrinsic_pass,-0.0073473300578152,1.0572725774184537,0.3285572809917477,17.376674583798057,True,2,198,False,above_interface,provisional; git_sha=7118e0bcef20a53701f31778f045694c540787a4; opencv=4.13.0; truncated=false; n_flagged_at_stage=198; probe=.planning/probes/2026-08-17-degeneracy-classification; run=2026-08-18 instrumented E2 via config_paper_instrumented.yaml; NOT a section-3 number -- Phase 29 frozen table is the sole source
e3v83e9,104,44,stage3_intrinsic_pass,-0.0426516132163827,1.0572725774184537,0.3928502465573357,21.16586356124308,True,2,198,False,above_interface,provisional; git_sha=7118e0bcef20a53701f31778f045694c540787a4; opencv=4.13.0; truncated=false; n_flagged_at_stage=198; probe=.planning/probes/2026-08-17-degeneracy-classification; run=2026-08-18 instrumented E2 via config_paper_instrumented.yaml; NOT a section-3 number -- Phase 29 frozen table is the sole source
e3v83e9,104,45,stage3_intrinsic_pass,-0.0079595491787287,1.0572725774184537,0.388514849862314,20.317393600151256,True,2,198,False,above_interface,provisional; git_sha=7118e0bcef20a53701f31778f045694c540787a4; opencv=4.13.0; truncated=false; n_flagged_at_stage=198; probe=.planning/probes/2026-08-17-degeneracy-classification; run=2026-08-18 instrumented E2 via config_paper_instrumented.yaml; NOT a section-3 number -- Phase 29 frozen table is the sole source
e3v83e9,104,55,stage3_intrinsic_pass,-0.0432638323372962,1.0572725774184537,0.4521968487026485,24.0344653578934,True,2,198,False,above_interface,provisional; git_sha=7118e0bcef20a53701f31778f045694c540787a4; opencv=4.13.0; truncated=false; n_flagged_at_stage=198; probe=.planning/probes/2026-08-17-degeneracy-classification; run=2026-08-18 instrumented E2 via config_paper_instrumented.yaml; NOT a section-3 number -- Phase 29 frozen table is the sole source
e3v83e9,104,56,stage3_intrinsic_pass,-0.0085717682996422,1.0572725774184537,0.4484829323506955,23.154252411073497,True,2,198,False,above_interface,provisional; git_sha=7118e0bcef20a53701f31778f045694c540787a4; opencv=4.13.0; truncated=false; n_flagged_at_stage=198; probe=.planning/probes/2026-08-17-degeneracy-classification; run=2026-08-18 instrumented E2 via config_paper_instrumented.yaml; NOT a section-3 number -- Phase 29 frozen table is the sole source
e3v83e9,104,66,stage3_intrinsic_pass,-0.0438760514582097,1.0572725774184537,0.5116951378590073,26.790617215439728,True,2,198,False,above_interface,provisional; git_sha=7118e0bcef20a53701f31778f045694c540787a4; opencv=4.13.0; truncated=false; n_flagged_at_stage=198; probe=.planning/probes/2026-08-17-degeneracy-classification; run=2026-08-18 instrumented E2 via config_paper_instrumented.yaml; NOT a section-3 number -- Phase 29 frozen table is the sole source
e3v83e9,104,67,stage3_intrinsic_pass,-0.0091839874205554,1.0572725774184537,0.508457808506976,25.87935259626849,True,2,198,False,above_interface,provisional; git_sha=7118e0bcef20a53701f31778f045694c540787a4; opencv=4.13.0; truncated=false; n_flagged_at_stage=198; probe=.planning/probes/2026-08-17-degeneracy-classification; run=2026-08-18 instrumented E2 via config_paper_instrumented.yaml; NOT a section-3 number -- Phase 29 frozen table is the sole source
e3v83e9,104,77,stage3_intrinsic_pass,-0.0444882705791231,1.0572725774184537,0.5712977232721892,29.42674823502965,True,2,198,False,above_interface,provisional; git_sha=7118e0bcef20a53701f31778f045694c540787a4; opencv=4.13.0; truncated=false; n_flagged_at_stage=198; probe=.planning/probes/2026-08-17-degeneracy-classification; run=2026-08-18 instrumented E2 via config_paper_instrumented.yaml; NOT a section-3 number -- Phase 29 frozen table is the sole source
e3v83e9,104,78,stage3_intrinsic_pass,-0.0097962065414689,1.0572725774184537,0.5684373279694523,28.48749662237662,True,2,198,False,above_interface,provisional; git_sha=7118e0bcef20a53701f31778f045694c540787a4; opencv=4.13.0; truncated=false; n_flagged_at_stage=198; probe=.planning/probes/2026-08-17-degeneracy-classification; run=2026-08-18 instrumented E2 via config_paper_instrumented.yaml; NOT a section-3 number -- Phase 29 frozen table is the sole source
e3v83ee,104,0,stage3_intrinsic_pass,-0.0402027367327291,1.1125017325824218,0.1955090984926002,10.333066215050392,True,2,198,False,above_interface,provisional; git_sha=7118e0bcef20a53701f31778f045694c540787a4; opencv=4.13.0; truncated=false; n_flagged_at_stage=198; probe=.planning/probes/2026-08-17-degeneracy-classification; run=2026-08-18 instrumented E2 via config_paper_instrumented.yaml; NOT a section-3 number -- Phase 29 frozen table is the sole source
e3v83ee,104,1,stage3_intrinsic_pass,-0.0055106726950751,1.1125017325824218,0.2354140685634209,12.005737109276662,True,2,198,False,above_interface,provisional; git_sha=7118e0bcef20a53701f31778f045694c540787a4; opencv=4.13.0; truncated=false; n_flagged_at_stage=198; probe=.planning/probes/2026-08-17-degeneracy-classification; run=2026-08-18 instrumented E2 via config_paper_instrumented.yaml; NOT a section-3 number -- Phase 29 frozen table is the sole source
e3v83ee,104,11,stage3_intrinsic_pass,-0.0408149558536425,1.1125017325824218,0.1645486960755171,8.729125409035255,True,2,198,False,above_interface,provisional; git_sha=7118e0bcef20a53701f31778f045694c540787a4; opencv=4.13.0; truncated=false; n_flagged_at_stage=198; probe=.planning/probes/2026-08-17-degeneracy-classification; run=2026-08-18 instrumented E2 via config_paper_instrumented.yaml; NOT a section-3 number -- Phase 29 frozen table is the sole source
e3v83ee,104,12,stage3_intrinsic_pass,-0.0061228918159883,1.1125017325824218,0.2105106357271345,10.77289389159105,True,2,198,False,above_interface,provisional; git_sha=7118e0bcef20a53701f31778f045694c540787a4; opencv=4.13.0; truncated=false; n_flagged_at_stage=198; probe=.planning/probes/2026-08-17-degeneracy-classification; run=2026-08-18 instrumented E2 via config_paper_instrumented.yaml; NOT a section-3 number -- Phase 29 frozen table is the sole source
e3v83ee,104,22,stage3_intrinsic_pass,-0.041427174974556,1.1125017325824218,0.1520788924946936,8.081250033178152,True,2,198,False,above_interface,provisional; git_sha=7118e0bcef20a53701f31778f045694c540787a4; opencv=4.13.0; truncated=false; n_flagged_at_stage=198; probe=.planning/probes/2026-08-17-degeneracy-classification; run=2026-08-18 instrumented E2 via config_paper_instrumented.yaml; NOT a section-3 number -- Phase 29 frozen table is the sole source
e3v83ee,104,23,stage3_intrinsic_pass,-0.0067351109369018,1.1125017325824218,0.2010197060151009,10.303403402941994,True,2,198,False,above_interface,provisional; git_sha=7118e0bcef20a53701f31778f045694c540787a4; opencv=4.13.0; truncated=false; n_flagged_at_stage=198; probe=.planning/probes/2026-08-17-degeneracy-classification; run=2026-08-18 instrumented E2 via config_paper_instrumented.yaml; NOT a section-3 number -- Phase 29 frozen table is the sole source
e3v83ee,104,33,stage3_intrinsic_pass,-0.0420393940954693,1.1125017325824218,0.1624159969958877,8.627406588919092,True,2,198,False,above_interface,provisional; git_sha=7118e0bcef20a53701f31778f045694c540787a4; opencv=4.13.0; truncated=false; n_flagged_at_stage=198; probe=.planning/probes/2026-08-17-degeneracy-classification; run=2026-08-18 instrumented E2 via config_paper_instrumented.yaml; NOT a section-3 number -- Phase 29 frozen table is the sole source
e3v83ee,104,34,stage3_intrinsic_pass,-0.0073473300578152,1.1125017325824218,0.2090511110567194,10.711513607709517,True,2,198,False,above_interface,provisional; git_sha=7118e0bcef20a53701f31778f045694c540787a4; opencv=4.13.0; truncated=false; n_flagged_at_stage=198; probe=.planning/probes/2026-08-17-degeneracy-classification; run=2026-08-18 instrumented E2 via config_paper_instrumented.yaml; NOT a section-3 number -- Phase 29 frozen table is the sole source
e3v83ee,104,44,stage3_intrinsic_pass,-0.0426516132163827,1.1125017325824218,0.1919092832392947,10.16953908801248,True,2,198,False,above_interface,provisional; git_sha=7118e0bcef20a53701f31778f045694c540787a4; opencv=4.13.0; truncated=false; n_flagged_at_stage=198; probe=.planning/probes/2026-08-17-degeneracy-classification; run=2026-08-18 instrumented E2 via config_paper_instrumented.yaml; NOT a section-3 number -- Phase 29 frozen table is the sole source
e3v83ee,104,45,stage3_intrinsic_pass,-0.0079595491787287,1.1125017325824218,0.2327983295412492,11.901727591262366,True,2,198,False,above_interface,provisional; git_sha=7118e0bcef20a53701f31778f045694c540787a4; opencv=4.13.0; truncated=false; n_flagged_at_stage=198; probe=.planning/probes/2026-08-17-degeneracy-classification; run=2026-08-18 instrumented E2 via config_paper_instrumented.yaml; NOT a section-3 number -- Phase 29 frozen table is the sole source
e3v83ee,104,55,stage3_intrinsic_pass,-0.0432638323372962,1.1125017325824218,0.2334065986260186,12.31406831158048,True,2,198,False,above_interface,provisional; git_sha=7118e0bcef20a53701f31778f045694c540787a4; opencv=4.13.0; truncated=false; n_flagged_at_stage=198; probe=.planning/probes/2026-08-17-degeneracy-classification; run=2026-08-18 instrumented E2 via config_paper_instrumented.yaml; NOT a section-3 number -- Phase 29 frozen table is the sole source
e3v83ee,104,56,stage3_intrinsic_pass,-0.0085717682996422,1.1125017325824218,0.2681175261258377,13.651411558423243,True,2,198,False,above_interface,provisional; git_sha=7118e0bcef20a53701f31778f045694c540787a4; opencv=4.13.0; truncated=false; n_flagged_at_stage=198; probe=.planning/probes/2026-08-17-degeneracy-classification; run=2026-08-18 instrumented E2 via config_paper_instrumented.yaml; NOT a section-3 number -- Phase 29 frozen table is the sole source
e3v83ee,104,66,stage3_intrinsic_pass,-0.0438760514582097,1.1125017325824218,0.2816511280758715,14.765315211129383,True,2,198,False,above_interface,provisional; git_sha=7118e0bcef20a53701f31778f045694c540787a4; opencv=4.13.0; truncated=false; n_flagged_at_stage=198; probe=.planning/probes/2026-08-17-degeneracy-classification; run=2026-08-18 instrumented E2 via config_paper_instrumented.yaml; NOT a section-3 number -- Phase 29 frozen table is the sole source
e3v83ee,104,67,stage3_intrinsic_pass,-0.0091839874205554,1.1125017325824218,0.3110919538817718,15.746352088206631,True,2,198,False,above_interface,provisional; git_sha=7118e0bcef20a53701f31778f045694c540787a4; opencv=4.13.0; truncated=false; n_flagged_at_stage=198; probe=.planning/probes/2026-08-17-degeneracy-classification; run=2026-08-18 instrumented E2 via config_paper_instrumented.yaml; NOT a section-3 number -- Phase 29 frozen table is the sole source
e3v83ee,104,77,stage3_intrinsic_pass,-0.0444882705791231,1.1125017325824218,0.3337294203185426,17.35281320539819,True,2,198,False,above_interface,provisional; git_sha=7118e0bcef20a53701f31778f045694c540787a4; opencv=4.13.0; truncated=false; n_flagged_at_stage=198; probe=.planning/probes/2026-08-17-degeneracy-classification; run=2026-08-18 instrumented E2 via config_paper_instrumented.yaml; NOT a section-3 number -- Phase 29 frozen table is the sole source
e3v83ee,104,78,stage3_intrinsic_pass,-0.0097962065414689,1.1125017325824218,0.3589827991695613,18.03251890833375,True,2,198,False,above_interface,provisional; git_sha=7118e0bcef20a53701f31778f045694c540787a4; opencv=4.13.0; truncated=false; n_flagged_at_stage=198; probe=.planning/probes/2026-08-17-degeneracy-classification; run=2026-08-18 instrumented E2 via config_paper_instrumented.yaml; NOT a section-3 number -- Phase 29 frozen table is the sole source
e3v83ef,104,33,stage3_intrinsic_pass,-0.0420393940954693,1.0684104162901502,0.3191735030520994,17.274274434897634,True,2,198,False,above_interface,provisional; git_sha=7118e0bcef20a53701f31778f045694c540787a4; opencv=4.13.0; truncated=false; n_flagged_at_stage=198; probe=.planning/probes/2026-08-17-degeneracy-classification; run=2026-08-18 instrumented E2 via config_paper_instrumented.yaml; NOT a section-3 number -- Phase 29 frozen table is the sole source
e3v83ef,104,34,stage3_intrinsic_pass,-0.0073473300578152,1.0684104162901502,0.3391357523614915,17.724859126818693,True,2,198,False,above_interface,provisional; git_sha=7118e0bcef20a53701f31778f045694c540787a4; opencv=4.13.0; truncated=false; n_flagged_at_stage=198; probe=.planning/probes/2026-08-17-degeneracy-classification; run=2026-08-18 instrumented E2 via config_paper_instrumented.yaml; NOT a section-3 number -- Phase 29 frozen table is the sole source
e3v83ef,104,44,stage3_intrinsic_pass,-0.0426516132163827,1.0684104162901502,0.2638254564894401,14.42385938475271,True,2,198,False,above_interface,provisional; git_sha=7118e0bcef20a53701f31778f045694c540787a4; opencv=4.13.0; truncated=false; n_flagged_at_stage=198; probe=.planning/probes/2026-08-17-degeneracy-classification; run=2026-08-18 instrumented E2 via config_paper_instrumented.yaml; NOT a section-3 number -- Phase 29 frozen table is the sole source
e3v83ef,104,45,stage3_intrinsic_pass,-0.0079595491787287,1.0684104162901502,0.2877284887893507,15.180393507754747,True,2,198,False,above_interface,provisional; git_sha=7118e0bcef20a53701f31778f045694c540787a4; opencv=4.13.0; truncated=false; n_flagged_at_stage=198; probe=.planning/probes/2026-08-17-degeneracy-classification; run=2026-08-18 instrumented E2 via config_paper_instrumented.yaml; NOT a section-3 number -- Phase 29 frozen table is the sole source
e3v83ef,104,55,stage3_intrinsic_pass,-0.0432638323372962,1.0684104162901502,0.2110338084494294,11.63225160331718,True,2,198,False,above_interface,provisional; git_sha=7118e0bcef20a53701f31778f045694c540787a4; opencv=4.13.0; truncated=false; n_flagged_at_stage=198; probe=.planning/probes/2026-08-17-degeneracy-classification; run=2026-08-18 instrumented E2 via config_paper_instrumented.yaml; NOT a section-3 number -- Phase 29 frozen table is the sole source
e3v83ef,104,56,stage3_intrinsic_pass,-0.0085717682996422,1.0684104162901502,0.2403363442505275,12.776705757651284,True,2,198,False,above_interface,provisional; git_sha=7118e0bcef20a53701f31778f045694c540787a4; opencv=4.13.0; truncated=false; n_flagged_at_stage=198; probe=.planning/probes/2026-08-17-degeneracy-classification; run=2026-08-18 instrumented E2 via config_paper_instrumented.yaml; NOT a section-3 number -- Phase 29 frozen table is the sole source
e3v83ef,104,66,stage3_intrinsic_pass,-0.0438760514582097,1.0684104162901502,0.1632970162035283,9.05600388593606,True,2,198,False,above_interface,provisional; git_sha=7118e0bcef20a53701f31778f045694c540787a4; opencv=4.13.0; truncated=false; n_flagged_at_stage=198; probe=.planning/probes/2026-08-17-degeneracy-classification; run=2026-08-18 instrumented E2 via config_paper_instrumented.yaml; NOT a section-3 number -- Phase 29 frozen table is the sole source
e3v83ef,104,67,stage3_intrinsic_pass,-0.0091839874205554,1.0684104162901502,0.1998366429109253,10.684003535420912,True,2,198,False,above_interface,provisional; git_sha=7118e0bcef20a53701f31778f045694c540787a4; opencv=4.13.0; truncated=false; n_flagged_at_stage=198; probe=.planning/probes/2026-08-17-degeneracy-classification; run=2026-08-18 instrumented E2 via config_paper_instrumented.yaml; NOT a section-3 number -- Phase 29 frozen table is the sole source
e3v83ef,104,77,stage3_intrinsic_pass,-0.0444882705791231,1.0684104162901502,0.126474555025018,7.041491025228414,True,2,198,False,above_interface,provisional; git_sha=7118e0bcef20a53701f31778f045694c540787a4; opencv=4.13.0; truncated=false; n_flagged_at_stage=198; probe=.planning/probes/2026-08-17-degeneracy-classification; run=2026-08-18 instrumented E2 via config_paper_instrumented.yaml; NOT a section-3 number -- Phase 29 frozen table is the sole source
e3v83ef,104,78,stage3_intrinsic_pass,-0.0097962065414689,1.0684104162901502,0.171193048070315,9.186021244382008,True,2,198,False,above_interface,provisional; git_sha=7118e0bcef20a53701f31778f045694c540787a4; opencv=4.13.0; truncated=false; n_flagged_at_stage=198; probe=.planning/probes/2026-08-17-degeneracy-classification; run=2026-08-18 instrumented E2 via config_paper_instrumented.yaml; NOT a section-3 number -- Phase 29 frozen table is the sole source
e3v83f1,104,0,stage3_intrinsic_pass,-0.0402027367327291,1.1044982214439607,0.4903793910433865,24.738120121809438,True,2,198,False,above_interface,provisional; git_sha=7118e0bcef20a53701f31778f045694c540787a4; opencv=4.13.0; truncated=false; n_flagged_at_stage=198; probe=.planning/probes/2026-08-17-degeneracy-classification; run=2026-08-18 instrumented E2 via config_paper_instrumented.yaml; NOT a section-3 number -- Phase 29 frozen table is the sole source
e3v83f1,104,1,stage3_intrinsic_pass,-0.0055106726950751,1.1044982214439607,0.4582865019033453,22.6365225018804,True,2,198,False,above_interface,provisional; git_sha=7118e0bcef20a53701f31778f045694c540787a4; opencv=4.13.0; truncated=false; n_flagged_at_stage=198; probe=.planning/probes/2026-08-17-degeneracy-classification; run=2026-08-18 instrumented E2 via config_paper_instrumented.yaml; NOT a section-3 number -- Phase 29 frozen table is the sole source
e3v83f1,104,11,stage3_intrinsic_pass,-0.0408149558536425,1.1044982214439607,0.5354453804307435,26.72013462461996,True,2,198,False,above_interface,provisional; git_sha=7118e0bcef20a53701f31778f045694c540787a4; opencv=4.13.0; truncated=false; n_flagged_at_stage=198; probe=.planning/probes/2026-08-17-degeneracy-classification; run=2026-08-18 instrumented E2 via config_paper_instrumented.yaml; NOT a section-3 number -- Phase 29 frozen table is the sole source
e3v83f1,104,12,stage3_intrinsic_pass,-0.0061228918159883,1.1044982214439607,0.5062596215196722,24.745769125602024,True,2,198,False,above_interface,provisional; git_sha=7118e0bcef20a53701f31778f045694c540787a4; opencv=4.13.0; truncated=false; n_flagged_at_stage=198; probe=.planning/probes/2026-08-17-degeneracy-classification; run=2026-08-18 instrumented E2 via config_paper_instrumented.yaml; NOT a section-3 number -- Phase 29 frozen table is the sole source
e3v83f1,104,23,stage3_intrinsic_pass,-0.0067351109369018,1.1044982214439607,0.5565701584806486,26.885185264166427,True,2,198,False,above_interface,provisional; git_sha=7118e0bcef20a53701f31778f045694c540787a4; opencv=4.13.0; truncated=false; n_flagged_at_stage=198; probe=.planning/probes/2026-08-17-degeneracy-classification; run=2026-08-18 instrumented E2 via config_paper_instrumented.yaml; NOT a section-3 number -- Phase 29 frozen table is the sole source
e3v82f9,105,55,stage3_intrinsic_pass,-0.0062911680293109,1.0823627483637703,0.3800615196057665,19.452890994403862,True,2,198,False,above_interface,provisional; git_sha=7118e0bcef20a53701f31778f045694c540787a4; opencv=4.13.0; truncated=false; n_flagged_at_stage=198; probe=.planning/probes/2026-08-17-degeneracy-classification; run=2026-08-18 instrumented E2 via config_paper_instrumented.yaml; NOT a section-3 number -- Phase 29 frozen table is the sole source
e3v82f9,105,66,stage3_intrinsic_pass,-0.0095323342697051,1.0823627483637703,0.3203499553295107,16.625761983795947,True,2,198,False,above_interface,provisional; git_sha=7118e0bcef20a53701f31778f045694c540787a4; opencv=4.13.0; truncated=false; n_flagged_at_stage=198; probe=.planning/probes/2026-08-17-degeneracy-classification; run=2026-08-18 instrumented E2 via config_paper_instrumented.yaml; NOT a section-3 number -- Phase 29 frozen table is the sole source
e3v82f9,105,77,stage3_intrinsic_pass,-0.0127735005100992,1.0823627483637703,0.2607305481852842,13.699635698585876,True,2,198,False,above_interface,provisional; git_sha=7118e0bcef20a53701f31778f045694c540787a4; opencv=4.13.0; truncated=false; n_flagged_at_stage=198; probe=.planning/probes/2026-08-17-degeneracy-classification; run=2026-08-18 instrumented E2 via config_paper_instrumented.yaml; NOT a section-3 number -- Phase 29 frozen table is the sole source
e3v83e9,105,44,stage3_intrinsic_pass,-0.0030500017889167,1.0572725774184537,0.4804673908032789,24.501371835768268,True,2,198,False,above_interface,provisional; git_sha=7118e0bcef20a53701f31778f045694c540787a4; opencv=4.13.0; truncated=false; n_flagged_at_stage=198; probe=.planning/probes/2026-08-17-degeneracy-classification; run=2026-08-18 instrumented E2 via config_paper_instrumented.yaml; NOT a section-3 number -- Phase 29 frozen table is the sole source
e3v83e9,105,55,stage3_intrinsic_pass,-0.0062911680293109,1.0572725774184537,0.5401204641635621,27.19954231026449,True,2,198,False,above_interface,provisional; git_sha=7118e0bcef20a53701f31778f045694c540787a4; opencv=4.13.0; truncated=false; n_flagged_at_stage=198; probe=.planning/probes/2026-08-17-degeneracy-classification; run=2026-08-18 instrumented E2 via config_paper_instrumented.yaml; NOT a section-3 number -- Phase 29 frozen table is the sole source
e3v83ee,105,44,stage3_intrinsic_pass,-0.0030500017889167,1.1125017325824218,0.2764603307871057,13.992363673082789,True,2,198,False,above_interface,provisional; git_sha=7118e0bcef20a53701f31778f045694c540787a4; opencv=4.13.0; truncated=false; n_flagged_at_stage=198; probe=.planning/probes/2026-08-17-degeneracy-classification; run=2026-08-18 instrumented E2 via config_paper_instrumented.yaml; NOT a section-3 number -- Phase 29 frozen table is the sole source
e3v83ee,105,55,stage3_intrinsic_pass,-0.0062911680293109,1.1125017325824218,0.3250714350930255,16.37597162704229,True,2,198,False,above_interface,provisional; git_sha=7118e0bcef20a53701f31778f045694c540787a4; opencv=4.13.0; truncated=false; n_flagged_at_stage=198; probe=.planning/probes/2026-08-17-degeneracy-classification; run=2026-08-18 instrumented E2 via config_paper_instrumented.yaml; NOT a section-3 number -- Phase 29 frozen table is the sole source
e3v83ee,105,66,stage3_intrinsic_pass,-0.0095323342697051,1.1125017325824218,0.37695032963345,18.86835314022893,True,2,198,False,above_interface,provisional; git_sha=7118e0bcef20a53701f31778f045694c540787a4; opencv=4.13.0; truncated=false; n_flagged_at_stage=198; probe=.planning/probes/2026-08-17-degeneracy-classification; run=2026-08-18 instrumented E2 via config_paper_instrumented.yaml; NOT a section-3 number -- Phase 29 frozen table is the sole source
e3v83ee,105,77,stage3_intrinsic_pass,-0.0127735005100992,1.1125017325824218,0.4309183841412412,21.39727218923141,True,2,198,False,above_interface,provisional; git_sha=7118e0bcef20a53701f31778f045694c540787a4; opencv=4.13.0; truncated=false; n_flagged_at_stage=198; probe=.planning/probes/2026-08-17-degeneracy-classification; run=2026-08-18 instrumented E2 via config_paper_instrumented.yaml; NOT a section-3 number -- Phase 29 frozen table is the sole source
e3v83ef,105,44,stage3_intrinsic_pass,-0.0030500017889167,1.0684104162901502,0.2043083010867711,10.85602975641133,True,2,198,False,above_interface,provisional; git_sha=7118e0bcef20a53701f31778f045694c540787a4; opencv=4.13.0; truncated=false; n_flagged_at_stage=198; probe=.planning/probes/2026-08-17-degeneracy-classification; run=2026-08-18 instrumented E2 via config_paper_instrumented.yaml; NOT a section-3 number -- Phase 29 frozen table is the sole source
e3v83ef,105,55,stage3_intrinsic_pass,-0.0062911680293109,1.0684104162901502,0.167916099891417,8.983840206582324,True,2,198,False,above_interface,provisional; git_sha=7118e0bcef20a53701f31778f045694c540787a4; opencv=4.13.0; truncated=false; n_flagged_at_stage=198; probe=.planning/probes/2026-08-17-degeneracy-classification; run=2026-08-18 instrumented E2 via config_paper_instrumented.yaml; NOT a section-3 number -- Phase 29 frozen table is the sole source
e3v83ef,105,66,stage3_intrinsic_pass,-0.0095323342697051,1.0684104162901502,0.1477455278352959,7.943211618088363,True,2,198,False,above_interface,provisional; git_sha=7118e0bcef20a53701f31778f045694c540787a4; opencv=4.13.0; truncated=false; n_flagged_at_stage=198; probe=.planning/probes/2026-08-17-degeneracy-classification; run=2026-08-18 instrumented E2 via config_paper_instrumented.yaml; NOT a section-3 number -- Phase 29 frozen table is the sole source
e3v83ef,105,77,stage3_intrinsic_pass,-0.0127735005100992,1.0684104162901502,0.1504681197819668,8.112168165538082,True,2,198,False,above_interface,provisional; git_sha=7118e0bcef20a53701f31778f045694c540787a4; opencv=4.13.0; truncated=false; n_flagged_at_stage=198; probe=.planning/probes/2026-08-17-degeneracy-classification; run=2026-08-18 instrumented E2 via config_paper_instrumented.yaml; NOT a section-3 number -- Phase 29 frozen table is the sole source
