seed,noise_std,camera,model,focal_length_error_pct,z_position_error_mm,xy_position_error_mm,gt_x_m,gt_y_m,gt_z_m,est_x_m,est_y_m,est_z_m,reprojection_rms_px
42,0.25,cam0,non_refractive,5.73438349292853,29.184499297723036,0.0,0.0,0.0,0.0,0.0,0.0,0.0,1.1954246549373264
42,0.25,cam0,refractive,-0.0733320696490852,0.3718424620519741,0.0,0.0,0.0,0.0,0.0,0.0,0.0,0.24949084496947666
42,0.25,cam1,non_refractive,6.389639283514524,19.55683053938977,1.0459309089567572,0.208,0.2419,0.0,0.20763776814525048,0.2409187968866153,-0.009627668758333263,1.1954246549373264
42,0.25,cam1,refractive,-0.04832798016118888,-0.35701031359844587,0.09472130071373341,0.208,0.2419,0.0,0.20807813995390417,0.2418464624205557,-0.00072885277565042,0.24949084496947666
42,0.25,cam10,non_refractive,6.000430882829341,7.143482424165612,6.4583604244538195,-0.6639,0.0038,0.0,-0.6579520948908576,0.006316514292585771,-0.022041016873557424,1.1954246549373264
42,0.25,cam10,refractive,-0.0900563691631433,0.4819178444123354,0.17074227977255693,-0.6639,0.0038,0.0,-0.6637293461213418,0.0038054936145509883,0.00011007538236036137,0.24949084496947666
42,0.25,cam11,non_refractive,5.3867034911706835,26.9181541973409,4.331783997061031,-0.3364,-0.0573,0.0,-0.33256493356554917,-0.055285895226026505,-0.002266345100382136,1.1954246549373264
42,0.25,cam11,refractive,-0.09243920221604372,0.6571576198732161,0.12238103095392944,-0.3364,-0.0573,0.0,-0.3363039759850388,-0.05722412836308551,0.00028531515782124193,0.24949084496947666
42,0.25,cam2,non_refractive,7.033729642894661,8.403534764346535,3.3149718695648405,0.3353,0.573,0.0,0.33469909253996105,0.5697399465157031,-0.0207809645333765,1.1954246549373264
42,0.25,cam2,refractive,-0.043016209439703974,-0.25857968326196595,0.12119104753753424,0.3353,0.573,0.0,0.33522551898693687,0.5729043974440909,-0.00063042214531394,0.24949084496947666
42,0.25,cam3,non_refractive,6.170351772328809,9.101348387979172,6.240125813476281,0.2227,0.8684,0.0,0.2196419077945933,0.8629605843851343,-0.020083150909743865,1.1954246549373264
42,0.25,cam3,refractive,-0.0446809164655854,-0.43945462548753783,0.12756853011757366,0.2227,0.8684,0.0,0.22264509283184158,0.8682848525607701,-0.0008112970875395119,0.24949084496947666
42,0.25,cam4,non_refractive,5.700095598632116,7.228631596033086,7.5066717566392915,0.0039,1.149,0.0,0.0009302546695622309,1.142105746339576,-0.02195586770168995,1.1954246549373264
42,0.25,cam4,refractive,-0.052485967534523885,-0.23666886592997677,0.01656439353721686,0.0039,1.149,0.0,0.0039056562320172353,1.1489844312437034,-0.0006085113279819508,0.24949084496947666
42,0.25,cam5,non_refractive,5.491849979963638,1.0952329065680644,9.424418062310197,-0.3363,1.193,0.0,-0.3361206809811807,1.1835772880494686,-0.02808926639115497,1.1954246549373264
42,0.25,cam5,refractive,-0.08354207093197885,0.26462267847586396,0.2889772715514224,-0.3363,1.193,0.0,-0.3363298418527572,1.1927125676996277,-0.00010721978357611012,0.24949084496947666
42,0.25,cam6,non_refractive,6.556463303000319,-24.00892593717503,11.00878733984207,-0.6801,1.1523,0.0,-0.6756982540157824,1.1422095078918673,-0.05319342523489806,1.1954246549373264
42,0.25,cam6,refractive,-0.09112214468755149,0.304176289623424,0.22199009178821047,-0.6801,1.1523,0.0,-0.6800969493412767,1.1520780308707648,-6.766617242855003e-05,0.24949084496947666
42,0.25,cam7,non_refractive,6.697525932639252,-24.562700553353558,9.822684843081134,-0.8868,0.8828,0.0,-0.8802108292231905,0.8755152236821894,-0.053747199851076594,1.1954246549373264
42,0.25,cam7,refractive,-0.050483705839661636,-0.34781978381585493,0.17529285754193782,-0.8868,0.8828,0.0,-0.8867147465121417,0.8826468352889429,-0.000719662245867829,0.24949084496947666
42,0.25,cam8,non_refractive,6.4576358487090975,-21.12736936108182,9.72962361601305,-1.0023,0.5654,0.0,-0.992658647420357,0.5640923700277635,-0.050311868658804854,1.1954246549373264
42,0.25,cam8,refractive,-0.06274190223136429,0.059036339763812284,0.1547616602287226,-1.0023,0.5654,0.0,-1.00214818895203,0.5653699238102309,-0.0003128061222881618,0.24949084496947666
42,0.25,cam9,non_refractive,6.294711628831043,-9.74821896421269,7.090554527842061,-0.8949,0.2677,0.0,-0.8880307244960967,0.26945756011668864,-0.03893271826193573,1.1954246549373264
42,0.25,cam9,refractive,-0.055865303710671395,-0.12737750005487025,0.12444807037904324,-0.8949,0.2677,0.0,-0.8947806472200008,0.26773524537029925,-0.0004992199621068444,0.24949084496947666
42,0.5,cam0,non_refractive,5.702394175276402,26.748614684738826,0.0,0.0,0.0,0.0,0.0,0.0,0.0,1.2669003363755043
42,0.5,cam0,refractive,-0.14838977014951554,0.7427220119525993,0.0,0.0,0.0,0.0,0.0,0.0,0.0,0.499007097764071
42,0.5,cam1,non_refractive,6.360726207956283,17.572479484443072,1.0939624854708498,0.208,0.2419,0.0,0.20774662385329987,0.24083578458576238,-0.009176135200295754,1.2669003363755043
42,0.5,cam1,refractive,-0.10134905373583052,-0.6988674078899589,0.1904162397770827,0.208,0.2419,0.0,0.20814465416864691,0.24177617142549512,-0.0014415894198425584,0.499007097764071
42,0.5,cam10,non_refractive,5.973804021063972,5.427149087710784,6.577741665761546,-0.6639,0.0038,0.0,-0.6578291683211562,0.0063321311475991685,-0.02132146559702804,1.2669003363755043
42,0.5,cam10,refractive,-0.18457135502260147,0.9972729340622954,0.3761992745327286,-0.6639,0.0038,0.0,-0.6635238025219495,0.0038011626123115073,0.00025455092210969614,0.499007097764071
42,0.5,cam11,non_refractive,5.340681957450034,24.911822762295678,4.457769160441983,-0.3364,-0.0573,0.0,-0.3325000732726384,-0.055140769255267376,-0.0018367919224431487,1.2669003363755043
42,0.5,cam11,refractive,-0.18501598282370024,1.2777563292748289,0.2664663304011726,-0.3364,-0.0573,0.0,-0.33618763566018883,-0.057139047546107415,0.0005350343173222294,0.499007097764071
42,0.5,cam2,non_refractive,7.025492673966732,7.391307673730317,3.513416707391619,0.3353,0.573,0.0,0.33457969236082813,0.5695612133150296,-0.019357307011008507,1.2669003363755043
42,0.5,cam2,refractive,-0.09385871112855586,-0.4616484282031307,0.2705179993552823,0.3353,0.573,0.0,0.3351374895889515,0.5727837354530302,-0.00120437044015573,0.499007097764071
42,0.5,cam3,non_refractive,6.171291835382989,9.185763323906016,6.371630743100856,0.2227,0.8684,0.0,0.219683236003804,0.8627877978192439,-0.01756285136083281,1.2669003363755043
42,0.5,cam3,refractive,-0.09687643776083206,-0.8302947674392273,0.28032741630711,0.2227,0.8684,0.0,0.2225940833282597,0.8681404520873116,-0.0015730167793918267,0.499007097764071
42,0.5,cam4,non_refractive,5.724298560802018,8.521682623967902,7.422829609323765,0.0039,1.149,0.0,0.001029965797290485,1.1421544683855576,-0.018226932060770924,1.2669003363755043
42,0.5,cam4,refractive,-0.10768293741611706,-0.4851894717454016,0.07157200895095313,0.0039,1.149,0.0,0.0039122736517820545,1.1489294882283785,-0.0012279114836980009,0.499007097764071
42,0.5,cam5,non_refractive,5.47466365163526,3.5655944222343052,9.578829398382613,-0.3363,1.193,0.0,-0.3361821944723735,1.1834218950464626,-0.02318302026250452,1.2669003363755043
42,0.5,cam5,refractive,-0.17141099431743093,0.5442909138498777,0.5929078989462362,-0.3363,1.193,0.0,-0.33635609761966406,1.192409751888016,-0.00019843109810272158,0.499007097764071
42,0.5,cam6,non_refractive,6.538958593842653,-21.415995482790628,10.971049105472213,-0.6801,1.1523,0.0,-0.6757529258048472,1.142226923785828,-0.04816461016752945,1.2669003363755043
42,0.5,cam6,refractive,-0.1947515174793041,0.7589814811074291,0.5245250978832362,-0.6801,1.1523,0.0,-0.6800763319938576,1.1517760091567646,1.6259469154829834e-05,0.499007097764071
42,0.5,cam7,non_refractive,6.727419821488471,-23.655182016724027,9.80191346047217,-0.8868,0.8828,0.0,-0.8802428723651436,0.8755142890074621,-0.050403796701462854,1.2669003363755043
42,0.5,cam7,refractive,-0.09871621936780703,-0.7894487842989103,0.39046744691851626,-0.8868,0.8828,0.0,-0.8866232870285892,0.88245180845381,-0.0015321707962515096,0.499007097764071
42,0.5,cam8,non_refractive,6.485334728071307,-20.89840091647317,9.698437041098524,-1.0023,0.5654,0.0,-0.9926659718349641,0.5642841226073412,-0.047647015601212,1.2669003363755043
42,0.5,cam8,refractive,-0.12083036628222554,-0.009852035089373268,0.3135676671070852,-1.0023,0.5654,0.0,-1.0019963961183604,0.565321582113594,-0.0007525740470419726,0.499007097764071
42,0.5,cam9,non_refractive,6.303465981026863,-10.606220962300256,7.139853830145525,-0.8949,0.2677,0.0,-0.8880268209318247,0.26963311205382423,-0.03735483564703908,1.2669003363755043
42,0.5,cam9,refractive,-0.11200001767421569,-0.3030007636284272,0.27117442712426637,-0.8949,0.2677,0.0,-0.8946386259233708,0.2677722437678448,-0.0010457227755810265,0.499007097764071
42,0.82,cam0,non_refractive,5.652839219805665,30.839677740921164,0.0,0.0,0.0,0.0,0.0,0.0,0.0,1.4175023916788558
42,0.82,cam0,refractive,-0.22894408927714183,1.1027207222260509,0.0,0.0,0.0,0.0,0.0,0.0,0.0,0.8186062376584137
42,0.82,cam1,non_refractive,6.347802980439258,18.40504389976291,1.4073275229993665,0.208,0.2419,0.0,0.20789361863266811,0.24049669897681356,-0.012434633841158255,1.4175023916788558
42,0.82,cam1,refractive,-0.15811149339859099,-1.1538117944881174,0.283866108165013,0.208,0.2419,0.0,0.20819629201348436,0.24169494046521314,-0.0022565325167141683,0.8186062376584137
42,0.82,cam10,non_refractive,5.931846454931266,11.791362048974548,6.771101528121772,-0.6639,0.0038,0.0,-0.657590560723627,0.006257395353192877,-0.019048315691946618,1.4175023916788558
42,0.82,cam10,refractive,-0.2894451927753534,1.4201822574297982,0.6342406661539635,-0.6639,0.0038,0.0,-0.6632663436712735,0.003827219104837793,0.00031746153520374737,0.8186062376584137
42,0.82,cam11,non_refractive,5.279903463250024,30.831137581727884,4.623823079265179,-0.3364,-0.0573,0.0,-0.3324237430616858,-0.054940101563868936,-8.540159193279676e-06,1.4175023916788558
42,0.82,cam11,refractive,-0.3025513624094328,2.0645516964586204,0.500451297347419,-0.3364,-0.0573,0.0,-0.33603331970982636,-0.05695941658024074,0.0009618309742325696,0.8186062376584137
42,0.82,cam2,non_refractive,7.001021783199849,5.620694242430222,4.120265902506217,0.3353,0.573,0.0,0.33433249275424154,0.5689949380982611,-0.025218983498490943,1.4175023916788558
42,0.82,cam2,refractive,-0.1632348101770347,-0.41520266936839567,0.5264039128592942,0.3353,0.573,0.0,0.334897842044408,0.5726603383179873,-0.0015179233915944466,0.8186062376584137
42,0.82,cam3,non_refractive,6.172466603028514,5.125117959901164,6.879800378927911,0.2227,0.8684,0.0,0.21970641279396827,0.8622056405582352,-0.02571455978102,1.4175023916788558
42,0.82,cam3,refractive,-0.1697391449471553,-1.121377586163964,0.5134449429346095,0.2227,0.8684,0.0,0.22244987920973197,0.8679515969450362,-0.002224098308390015,0.8186062376584137
42,0.82,cam4,non_refractive,5.778180098072222,2.647471328679014,7.699903674670515,0.0039,1.149,0.0,0.0011301590474981295,1.1418155377586734,-0.02819220641224215,1.4175023916788558
42,0.82,cam4,refractive,-0.180830989497211,-0.5558327850157541,0.12174717562174305,0.0039,1.149,0.0,0.0038294729056459467,1.148900761379827,-0.0016585535072418049,0.8186062376584137
42,0.82,cam5,non_refractive,5.456336684568782,-0.4070639368348985,10.209199846806147,-0.3363,1.193,0.0,-0.33629388943618205,1.1827908019818874,-0.031246741677756065,1.4175023916788558
42,0.82,cam5,refractive,-0.29397123217055915,1.2494324647801958,0.9626992952441866,-0.3363,1.193,0.0,-0.33641238167162957,1.1920438826991706,0.0001467117425541449,0.8186062376584137
42,0.82,cam6,non_refractive,6.523196574273375,-24.075714377438498,11.622299994693781,-0.6801,1.1523,0.0,-0.6757546648478887,1.14152057888463,-0.05491539211835966,1.4175023916788558
42,0.82,cam6,refractive,-0.3389433613359873,1.6189031836071042,0.9509678897489389,-0.6801,1.1523,0.0,-0.6799909402610074,1.1513553064514541,0.0005161824613810534,0.8186062376584137
42,0.82,cam7,non_refractive,6.764526880860437,-24.63630329410709,10.264587607215958,-0.8868,0.8828,0.0,-0.8802010390642048,0.8749377183137426,-0.05547598103502825,1.4175023916788558
42,0.82,cam7,refractive,-0.13842381356610103,-1.6139945898620767,0.5730679509575625,-0.8868,0.8828,0.0,-0.8865503875893691,0.8822841506800686,-0.0027167153120881277,0.8186062376584137
42,0.82,cam8,non_refractive,6.543687515295137,-18.98367371871733,9.670694128336779,-1.0023,0.5654,0.0,-0.9927188526638894,0.5640870107968501,-0.049823351459638496,1.4175023916788558
42,0.82,cam8,refractive,-0.16829618573260693,-0.5128669778087258,0.42583900508430955,-1.0023,0.5654,0.0,-1.0018783522112282,0.5653404013383112,-0.0016155877000347766,0.8186062376584137
42,0.82,cam9,non_refractive,6.325180950603817,-6.318071734377863,7.030874501929736,-0.8949,0.2677,0.0,-0.8881264229234769,0.2695846352035038,-0.037157749475299026,1.4175023916788558
42,0.82,cam9,refractive,-0.15796504719477605,-0.9799831995686856,0.31469023675466196,-0.8949,0.2677,0.0,-0.8946061662511515,0.26781265732619913,-0.0020827039217947364,0.8186062376584137
42,1.2,cam0,non_refractive,5.582795908102949,43.84623168285938,0.0,0.0,0.0,0.0,0.0,0.0,0.0,1.6607958896717765
42,1.2,cam0,refractive,-0.3143763891225763,1.840598158536376,0.0,0.0,0.0,0.0,0.0,0.0,0.0,1.1984229498809784
42,1.2,cam1,non_refractive,6.362432981459722,28.249412663579264,1.8949441712205122,0.208,0.2419,0.0,0.20823496785804957,0.24001967994274215,-0.015596819019280117,1.6607958896717765
42,1.2,cam1,refractive,-0.19122897283402024,-1.6852711331973063,0.45447461059540367,0.208,0.2419,0.0,0.2082868234372933,0.24154746704055494,-0.0035258692917336824,1.1984229498809784
42,1.2,cam10,non_refractive,5.872984997021338,19.296230654787717,7.28180357864801,-0.6639,0.0038,0.0,-0.6569515875145965,0.005978124718811764,-0.024550001028071665,1.6607958896717765
42,1.2,cam10,refractive,-0.38943623553920764,1.943558351881032,0.9028124170718242,-0.6639,0.0038,0.0,-0.662998258688571,0.0038439643910598946,0.00010296019334465607,1.1984229498809784
42,1.2,cam11,non_refractive,5.178153324547263,42.43137234645164,4.871286759609194,-0.3364,-0.0573,0.0,-0.33227484230966736,-0.05470914903473134,-0.0014148593364077429,1.6607958896717765
42,1.2,cam11,refractive,-0.44084108341060374,3.4727806961611907,0.6630113484166988,-0.3364,-0.0573,0.0,-0.33595057779257764,-0.05681255387209973,0.0016321825376248147,1.1984229498809784
42,1.2,cam2,non_refractive,7.002427995901295,12.253226966206963,4.908442802412334,0.3353,0.573,0.0,0.33437630597734014,0.5681792531598251,-0.03159300471665242,1.6607958896717765
42,1.2,cam2,refractive,-0.22906932383727216,-0.11552482717019452,0.837504640461518,0.3353,0.573,0.0,0.33464123551710234,0.5724828507189725,-0.0019561229857065704,1.1984229498809784
42,1.2,cam3,non_refractive,6.182964575777619,6.051182791891961,7.435101535386815,0.2227,0.8684,0.0,0.22001741366304864,0.8614657036848492,-0.03779504889096742,1.6607958896717765
42,1.2,cam3,refractive,-0.24364408764776424,-1.3137050123124365,0.9357493422620682,0.2227,0.8684,0.0,0.2222871810023235,0.8675602337785423,-0.0031543031708488123,1.1984229498809784
42,1.2,cam4,non_refractive,5.863038837107956,-2.9638113951616347,8.17345546423162,0.0039,1.149,0.0,0.0014041389972801748,1.1412169381294455,-0.046810043078021016,1.6607958896717765
42,1.2,cam4,refractive,-0.24457911168987875,-0.7058207692831635,0.26370590744514905,0.0039,1.149,0.0,0.003737538005426577,1.1487922816668161,-0.0025464189278195395,1.1984229498809784
42,1.2,cam5,non_refractive,5.442093238966456,-7.834856364193385,11.299718102155934,-0.3363,1.193,0.0,-0.3361568966800824,1.181701188087767,-0.051681088047052764,1.6607958896717765
42,1.2,cam5,refractive,-0.4083721415725166,1.7955446165748596,1.6046340236659362,-0.3363,1.193,0.0,-0.33648155439727373,1.1914056699367017,-4.505354196151644e-05,1.1984229498809784
42,1.2,cam6,non_refractive,6.525982572639457,-34.01702749280446,12.978840011362355,-0.6801,1.1523,0.0,-0.6752622110163283,1.140256491964963,-0.07786325917566383,1.6607958896717765
42,1.2,cam6,refractive,-0.4963412109476826,2.6218962430023147,1.6284652906585064,-0.6801,1.1523,0.0,-0.6797915160926644,1.150701020049596,0.0007812980844659386,1.1984229498809784
42,1.2,cam7,non_refractive,6.8375179692874335,-33.661097311150584,11.464332771708783,-0.8868,0.8828,0.0,-0.8796895267072994,0.8738071086154526,-0.07750732899400997,1.6607958896717765
42,1.2,cam7,refractive,-0.1451782589534573,-3.0273834375195445,0.7875593662755054,-0.8868,0.8828,0.0,-0.8864708850344735,0.882084505000105,-0.00486798159605592,1.1984229498809784
42,1.2,cam8,non_refractive,6.627969944954838,-24.236887861576264,10.256465748784724,-1.0023,0.5654,0.0,-0.9922311096318882,0.5634474282571592,-0.06808311954443565,1.6607958896717765
42,1.2,cam8,refractive,-0.20375173542222647,-1.1876533294626297,0.5593631993173103,-1.0023,0.5654,0.0,-1.0017485013842267,0.5653065309380029,-0.003028251487999006,1.1984229498809784
42,1.2,cam9,non_refractive,6.340565003686079,-5.5677449980311735,7.287080707740544,-0.8949,0.2677,0.0,-0.8877635605760374,0.26917403445998966,-0.04941397668089056,1.6607958896717765
42,1.2,cam9,refractive,-0.18577860013131645,-1.7984213986741202,0.41454263145429116,-0.8949,0.2677,0.0,-0.8944956215981503,0.26779123432145047,-0.0036390195572104963,1.1984229498809784
43,0.25,cam0,non_refractive,5.51164596794116,33.91607161889086,0.0,0.0,0.0,0.0,0.0,0.0,0.0,1.026333776371243
43,0.25,cam0,refractive,-0.004085723334418263,0.5201311980220173,0.0,0.0,0.0,0.0,0.0,0.0,0.0,0.2490250092648669
43,0.25,cam1,non_refractive,6.013128811252471,25.378073169230525,1.0598947153312879,0.208,0.2419,0.0,0.20699716819838637,0.24155691810706542,-0.008537998449660333,1.026333776371243
43,0.25,cam1,refractive,0.015613669935276447,0.16003152575789054,0.1583249964983981,0.208,0.2419,0.0,0.2078912835285401,0.24178490207061146,-0.0003600996722641268,0.2490250092648669
43,0.25,cam10,non_refractive,7.3732327894021665,-2.0049462659766775,0.6753656208427653,-0.6639,0.0038,0.0,-0.6633640850748113,0.00338900861958402,-0.03592101788486754,1.026333776371243
43,0.25,cam10,refractive,0.017104927127100773,0.13310676038924224,0.05602924109181462,-0.6639,0.0038,0.0,-0.6638441864513878,0.003795088416891767,-0.0003870244376327751,0.2490250092648669
43,0.25,cam11,non_refractive,6.135577830825303,20.01271245254054,1.7241932987608481,-0.3364,-0.0573,0.0,-0.33472915298945044,-0.05772557349404009,-0.01390335916635032,1.026333776371243
43,0.25,cam11,refractive,0.02028537343837789,0.12188425369649242,0.17164840660365754,-0.3364,-0.0573,0.0,-0.33655761454191285,-0.05736797669944303,-0.00039824694432552494,0.2490250092648669
43,0.25,cam2,non_refractive,6.226413412644527,17.74445123555716,2.3128347628982846,0.3353,0.573,0.0,0.3341611047769611,0.5709870115968019,-0.0161716203833337,1.026333776371243
43,0.25,cam2,refractive,0.0011946037026024689,0.35824546451179906,0.2503006717932504,0.3353,0.573,0.0,0.3350962521695189,0.572854613453599,-0.0001618857335102183,0.2490250092648669
43,0.25,cam3,non_refractive,5.716216916224447,18.936577013694652,4.628559221518694,0.2227,0.8684,0.0,0.22111567218790718,0.8640510385319096,-0.01497949460519621,1.026333776371243
43,0.25,cam3,refractive,0.04243955900789721,-0.23015171236439314,0.23362278442274223,0.2227,0.8684,0.0,0.2226241866684624,0.8681790204892696,-0.0007502829103864105,0.2490250092648669
43,0.25,cam4,non_refractive,5.500443477864709,15.711366295504316,5.8292593195930005,0.0039,1.149,0.0,0.005561456340299233,1.143412529459197,-0.018204705323386545,1.026333776371243
43,0.25,cam4,refractive,0.02986783235210707,-0.24650777536510038,0.24299708383448648,0.0039,1.149,0.0,0.00382640348252892,1.1487684160295526,-0.0007666389733871177,0.2490250092648669
43,0.25,cam5,non_refractive,6.436277594659573,-3.9289302075913284,6.47583891175613,-0.3363,1.193,0.0,-0.33200873680297616,1.1881500979613107,-0.03784500182648219,1.026333776371243
43,0.25,cam5,refractive,0.03202510661992933,-0.26867427385744524,0.1637008315516846,-0.3363,1.193,0.0,-0.33636369032144703,1.1928491971313115,-0.0007888054718794626,0.2490250092648669
43,0.25,cam6,non_refractive,7.806275851251833,-27.548142679961778,4.618055852102584,-0.6801,1.1523,0.0,-0.6780452916678167,1.1481642275784572,-0.06146421429885264,1.026333776371243
43,0.25,cam6,refractive,0.04016087703002274,-0.40802248386072104,0.25553043837286,-0.6801,1.1523,0.0,-0.6801853156546067,1.1520591327253153,-0.0009281536818827383,0.2490250092648669
43,0.25,cam7,non_refractive,7.746041888090409,-23.04192763753594,4.880271645770579,-0.8868,0.8828,0.0,-0.8836290088934998,0.8790903009907799,-0.056957999256426806,1.026333776371243
43,0.25,cam7,refractive,0.007533809200140567,0.022516277040479815,0.19157414631560302,-0.8868,0.8828,0.0,-0.8866905789513565,0.8826427496020663,-0.0004976149209815375,0.2490250092648669
43,0.25,cam8,non_refractive,8.092806712877122,-26.24884499547295,5.312041123311039,-1.0023,0.5654,0.0,-0.9987732038201868,0.5614276594302852,-0.06016491661436381,1.026333776371243
43,0.25,cam8,refractive,0.03247334549137025,-0.23228524495320935,0.22544373487811648,-1.0023,0.5654,0.0,-1.0022048865408837,0.5651956025746475,-0.0007524164429752267,0.2490250092648669
43,0.25,cam9,non_refractive,7.798861015246087,-15.010388379988541,4.294750051368817,-0.8949,0.2677,0.0,-0.8916441247265884,0.26489925827543503,-0.0489264599988794,1.026333776371243
43,0.25,cam9,refractive,-0.024967740006973962,0.5898572090049645,0.22868082787379482,-0.8949,0.2677,0.0,-0.894671650594101,0.2677123073093168,6.972601098294718e-05,0.2490250092648669
43,0.5,cam0,non_refractive,5.487530802593191,36.01664296781231,0.0,0.0,0.0,0.0,0.0,0.0,0.0,1.1133839415135451
43,0.5,cam0,refractive,-0.004465738800243233,1.0830322090521691,0.0,0.0,0.0,0.0,0.0,0.0,0.0,0.4980757191638623
43,0.5,cam1,non_refractive,6.000452212097384,27.21440107551367,1.0559598392142369,0.208,0.2419,0.0,0.2070281938496285,0.24148690922531058,-0.008802241892298637,1.1133839415135451
43,0.5,cam1,refractive,0.0368281607783564,0.3607417954703367,0.3427362420611959,0.208,0.2419,0.0,0.20779338955928336,0.2416265402087891,-0.0007222904135818324,0.4980757191638623
43,0.5,cam10,non_refractive,7.391707804546287,-1.5707573055206794,0.6862860869553751,-0.6639,0.0038,0.0,-0.6633436089310019,0.0033982319431717137,-0.03758740027333299,1.1133839415135451
43,0.5,cam10,refractive,0.04191203964897238,0.19729512181366204,0.0901682819362983,-0.6639,0.0038,0.0,-0.6638112770250708,0.0037839204232938085,-0.000885737087238507,0.4980757191638623
43,0.5,cam11,non_refractive,6.099392268956123,21.801923663334236,1.7522641530958367,-0.3364,-0.0573,0.0,-0.3346810531823341,-0.05764007572724471,-0.014214719304478072,1.1133839415135451
43,0.5,cam11,refractive,0.04590074724494295,0.22757440546671437,0.33605265085124725,-0.3364,-0.0573,0.0,-0.3367043484800599,-0.05744248995343304,-0.0008554578035854548,0.4980757191638623
43,0.5,cam2,non_refractive,6.20637862633359,19.220560370976745,2.518020999035047,0.3353,0.573,0.0,0.3340519550947308,0.5708130355133169,-0.016796082596835564,1.1133839415135451
43,0.5,cam2,refractive,0.00419613999386314,0.8270725218561953,0.510485368099043,0.3353,0.573,0.0,0.33491156938958067,0.5726687644766446,-0.00025595968719597384,0.4980757191638623
43,0.5,cam3,non_refractive,5.773913105841228,18.713805532898387,4.691627063049498,0.2227,0.8684,0.0,0.22116104985097979,0.8639679579269179,-0.017302837434913922,1.1133839415135451
43,0.5,cam3,refractive,0.09351224025529689,-0.4344181993929255,0.4604591989783319,0.2227,0.8684,0.0,0.22258386068684707,0.8679544280822761,-0.0015174504084450946,0.4980757191638623
43,0.5,cam4,non_refractive,5.52772136420074,15.020715775193942,5.782377999932259,0.0039,1.149,0.0,0.005538661579878194,1.1434546701125423,-0.020995927192618367,1.1133839415135451
43,0.5,cam4,refractive,0.0649571764703956,-0.45015755875157515,0.5127528603391904,0.0039,1.149,0.0,0.0037695604833814125,1.148504115912445,-0.0015331897678037443,0.4980757191638623
43,0.5,cam5,non_refractive,6.444348091825624,-4.856779982977834,6.543976398283214,-0.3363,1.193,0.0,-0.3319766562897878,1.1880875335864094,-0.04087342295079014,1.1133839415135451
43,0.5,cam5,refractive,0.069830897003759,-0.5262418299651843,0.35600157877056443,-0.3363,1.193,0.0,-0.33640824833559757,1.192660854865983,-0.0016092740390173535,0.4980757191638623
43,0.5,cam6,non_refractive,7.852297617994607,-29.47378099443879,4.743304643382179,-0.6801,1.1523,0.0,-0.6780877763196831,1.1480046659268106,-0.0654904239622511,1.1133839415135451
43,0.5,cam6,refractive,0.07711307980133611,-0.7153434807269521,0.5763797473254391,-0.6801,1.1523,0.0,-0.6802192976814803,1.151736101359888,-0.0017983756897791213,0.4980757191638623
43,0.5,cam7,non_refractive,7.723509061238255,-23.834593682529338,5.146883881013748,-0.8868,0.8828,0.0,-0.8833815923348927,0.8789522860397667,-0.059851236650341644,1.1133839415135451
43,0.5,cam7,refractive,0.022529433739296185,-0.023096969407090606,0.38815298405957765,-0.8868,0.8828,0.0,-0.8865905322977553,0.8824732186958367,-0.0011061291784592597,0.4980757191638623
43,0.5,cam8,non_refractive,8.10939625371187,-27.059295626500663,5.467964642379588,-1.0023,0.5654,0.0,-0.9986119420537658,0.5613630623096793,-0.06307593859431297,1.1133839415135451
43,0.5,cam8,refractive,0.07448405733753717,-0.5962013979490361,0.46652539598697357,-1.0023,0.5654,0.0,-1.0021269877238994,0.5649667417658956,-0.0016792336070012052,0.4980757191638623
43,0.5,cam9,non_refractive,7.807557438245145,-15.176198825949655,4.450252409514732,-0.8949,0.2677,0.0,-0.8915454559205903,0.26477565724859603,-0.05119284179376196,1.1133839415135451
43,0.5,cam9,refractive,-0.04654785645732507,1.132775591585857,0.4627916911846533,-0.8949,0.2677,0.0,-0.8944372425945845,0.2677056332195591,4.9743382533687873e-05,0.4980757191638623
43,0.82,cam0,non_refractive,5.449382183474235,34.30772720363541,0.0,0.0,0.0,0.0,0.0,0.0,0.0,1.28746847138388
43,0.82,cam0,refractive,-0.014392757026716909,1.7599413883236197,0.0,0.0,0.0,0.0,0.0,0.0,0.0,0.8170704994683404
43,0.82,cam1,non_refractive,5.9782130235624145,25.84865162925991,1.0590005366044255,0.208,0.2419,0.0,0.20709401555334042,0.24135166222185644,-0.0084590755743755,1.28746847138388
43,0.82,cam1,refractive,0.04746211884292106,0.7964270798848931,0.6349087107736592,0.208,0.2419,0.0,0.20762050333260068,0.2413909898326663,-0.0009635143084387265,0.8170704994683404
43,0.82,cam10,non_refractive,7.408169399799144,-3.245361472905593,0.6228452936488791,-0.6639,0.0038,0.0,-0.6633421689454628,0.0035229426513978465,-0.037553088676541,1.28746847138388
43,0.82,cam10,refractive,0.05347254275452515,0.25913154142549333,0.17156487972800344,-0.6639,0.0038,0.0,-0.6637311125927049,0.0037698080869568206,-0.0015008098468981264,0.8170704994683404
43,0.82,cam11,non_refractive,6.0312643269579285,20.701415742419925,1.7874861802512803,-0.3364,-0.0573,0.0,-0.33461757642121753,-0.05743443597133839,-0.013606311461215485,1.28746847138388
43,0.82,cam11,refractive,0.07275031441209638,0.23752118123634625,0.5491294377720871,-0.3364,-0.0573,0.0,-0.3368828624756612,-0.05756150902283902,-0.0015224202070872734,0.8170704994683404
43,0.82,cam2,non_refractive,6.175963246011515,18.709674112624548,2.716255313391395,0.3353,0.573,0.0,0.33395518334428576,0.5706400188369309,-0.015598053091010863,1.28746847138388
43,0.82,cam2,refractive,0.0002898131920512543,1.511204318389945,0.8380109643015708,0.3353,0.573,0.0,0.3347324028155845,0.5723834808903746,-0.0002487370699336747,0.8170704994683404
43,0.82,cam3,non_refractive,5.852955022821026,17.67090956651864,4.6949670546538895,0.2227,0.8684,0.0,0.22132634647249463,0.8639104797995044,-0.016636817637116767,1.28746847138388
43,0.82,cam3,refractive,0.151554133162516,-0.5913036319751701,0.8148188095926242,0.2227,0.8684,0.0,0.22252973614507726,0.8676031688308224,-0.0023512450202987896,0.8170704994683404
43,0.82,cam4,non_refractive,5.565881269071168,15.535818343851606,5.543767097432416,0.0039,1.149,0.0,0.005529414518063835,1.143701098042151,-0.018771908859783804,1.28746847138388
43,0.82,cam4,refractive,0.09628849053049911,-0.519851454680621,0.807415847682165,0.0039,1.149,0.0,0.0037026139147841933,1.1482170829645157,-0.0022797928430042407,0.8170704994683404
43,0.82,cam5,non_refractive,6.439038133321208,-3.0958012170239684,6.427750868611849,-0.3363,1.193,0.0,-0.332020520761378,1.1882039559348205,-0.037403528420659374,1.28746847138388
43,0.82,cam5,refractive,0.11379183096846422,-0.8599101032343397,0.6304127677151214,-0.3363,1.193,0.0,-0.33646237729686246,1.1923908580861886,-0.0026198514915579596,0.8170704994683404
43,0.82,cam6,non_refractive,7.875977499090711,-27.889010384855048,4.671369426312304,-0.6801,1.1523,0.0,-0.6782843574319515,1.1479959165456308,-0.06219673758849046,1.28746847138388
43,0.82,cam6,refractive,0.10869186469000783,-1.0151041609516664,1.088604915505693,-0.6801,1.1523,0.0,-0.6802799114194265,1.1512263647997467,-0.002775045549275286,0.8170704994683404
43,0.82,cam7,non_refractive,7.667501687807188,-21.69691770628861,5.201640095441141,-0.8868,0.8828,0.0,-0.8832502266181705,0.8789978731451784,-0.05600464490992402,1.28746847138388
43,0.82,cam7,refractive,0.03053748885009532,-0.15925476990204657,0.7790152161089904,-0.8868,0.8828,0.0,-0.8864710460501355,0.8820938456218377,-0.0019191961582256663,0.8170704994683404
43,0.82,cam8,non_refractive,8.134695303323085,-26.691954675593387,5.350963294413368,-1.0023,0.5654,0.0,-0.9986830052912109,0.5614566312048261,-0.060999681879228794,1.28746847138388
43,0.82,cam8,refractive,0.1304265967753803,-1.2872184566298428,0.700231564175176,-1.0023,0.5654,0.0,-1.0020926417641391,0.564731175056171,-0.0030471598449534625,0.8170704994683404
43,0.82,cam9,non_refractive,7.825261591387493,-15.847423938008063,4.455170839894349,-0.8949,0.2677,0.0,-0.8915365045802823,0.26477845147666806,-0.05015515114164347,1.28746847138388
43,0.82,cam9,refractive,-0.08112486146787588,1.628358456437009,0.7746206170581127,-0.8949,0.2677,0.0,-0.8941349145957729,0.26757883307130215,-0.0001315829318866105,0.8170704994683404
43,1.2,cam0,non_refractive,5.411048409038008,38.25520212098681,0.0,0.0,0.0,0.0,0.0,0.0,0.0,1.5563676451400692
43,1.2,cam0,refractive,-0.015849294281843358,2.9088192609560495,0.0,0.0,0.0,0.0,0.0,0.0,0.0,1.1961893718032341
43,1.2,cam1,non_refractive,5.9550381320929215,29.973192744715494,1.2745426917770792,0.208,0.2419,0.0,0.20713426533537768,0.24096460566410008,-0.008282009376271314,1.5563676451400692
43,1.2,cam1,refractive,0.0831718165795195,1.3624378314448335,1.0026759355524746,0.208,0.2419,0.0,0.20742635079564636,0.24107763413125272,-0.001546381429511216,1.1961893718032341
43,1.2,cam10,non_refractive,7.399592455530882,-2.747941533162148,0.8239812520866648,-0.6639,0.0038,0.0,-0.6631493471984137,0.0034601978880865513,-0.041003143654148956,1.5563676451400692
43,1.2,cam10,refractive,0.07231983708542102,0.7765605485283529,0.4134012898734242,-0.6639,0.0038,0.0,-0.6634906243897079,0.00374244796991501,-0.0021322587124276964,1.1961893718032341
43,1.2,cam11,non_refractive,5.953701414676562,23.79550513202564,1.8684770544053813,-0.3364,-0.0573,0.0,-0.3345336403419579,-0.05738892766539483,-0.014459696988961167,1.5563676451400692
43,1.2,cam11,refractive,0.11733007241476782,0.577850975908115,0.7232833391481094,-0.3364,-0.0573,0.0,-0.3370183386107584,-0.05767522813212039,-0.0023309682850479346,1.1961893718032341
43,1.2,cam2,non_refractive,6.132595455069614,22.585057217917146,3.087824416497435,0.3353,0.573,0.0,0.3338937797032572,0.5702509630587883,-0.01567014490306966,1.5563676451400692
43,1.2,cam2,refractive,0.028896121690254947,2.071682647543688,1.0833316520889074,0.3353,0.573,0.0,0.33469944097171955,0.5720983701857366,-0.0008371366134123616,1.1961893718032341
43,1.2,cam3,non_refractive,5.933452775222671,18.38430142448395,4.951765651974353,0.2227,0.8684,0.0,0.2214700845636886,0.8636034083880743,-0.01987090069650286,1.5563676451400692
43,1.2,cam3,refractive,0.23770968481803276,-0.8872935344488337,1.2441657244293114,0.2227,0.8684,0.0,0.22250716097704754,0.8671708696321905,-0.0037961127954048834,1.1961893718032341
43,1.2,cam4,non_refractive,5.609526133484492,14.795883626590022,5.610944790187968,0.0039,1.149,0.0,0.0056119731110905215,1.14365660692954,-0.023459318494396787,1.5563676451400692
43,1.2,cam4,refractive,0.13404217606426508,-0.577053516946187,1.2413080234430887,0.0039,1.149,0.0,0.0035202246680148355,1.1478182147799707,-0.0034858727779022367,1.1961893718032341
43,1.2,cam5,non_refractive,6.411091648916237,-4.305126366236898,6.85070232797533,-0.3363,1.193,0.0,-0.3318482894971116,1.1877928514535305,-0.04256032848722371,1.5563676451400692
43,1.2,cam5,refractive,0.16503361519669538,-1.227349077696481,1.0138743500489655,-0.3363,1.193,0.0,-0.336418156770282,1.1919930341737062,-0.0041361683386525305,1.1961893718032341
43,1.2,cam6,non_refractive,7.893368819302977,-31.290743061485372,5.394326042704214,-0.6801,1.1523,0.0,-0.6781072854144438,1.1472872320983805,-0.06954594518247217,1.5563676451400692
43,1.2,cam6,refractive,0.17245405955136503,-1.869617639248934,1.7626237364442139,-0.6801,1.1523,0.0,-0.6803200658749737,1.1505511679763487,-0.004778436900204984,1.1961893718032341
43,1.2,cam7,non_refractive,7.628204864167574,-24.39407658110916,5.773631036129348,-0.8868,0.8828,0.0,-0.8829518727432616,0.8784957309613243,-0.06264927870209597,1.5563676451400692
43,1.2,cam7,refractive,0.04092279997441493,-0.3216661775235279,1.3686926690698535,-0.8868,0.8828,0.0,-0.8862100698865704,0.8815649687924452,-0.0032304854384795773,1.1961893718032341
43,1.2,cam8,non_refractive,8.142073269997972,-29.545342783746577,5.828035933830325,-1.0023,0.5654,0.0,-0.9983972470585042,0.5610716605581744,-0.06780054490473339,1.5563676451400692
43,1.2,cam8,refractive,0.2069473027022521,-2.1557028179577062,0.9965014989179303,-1.0023,0.5654,0.0,-1.0020436405530555,0.5644370383853403,-0.005064522078913756,1.1961893718032341
43,1.2,cam9,non_refractive,7.81623690759344,-17.250709819992117,4.940036998565786,-0.8949,0.2677,0.0,-0.8912868204124337,0.2643311873285692,-0.055505911940978925,1.5563676451400692
43,1.2,cam9,refractive,-0.10437535767710478,2.250150760396679,1.3099923075363693,-0.8949,0.2677,0.0,-0.8936266854088827,0.26739218544892723,-0.0006586685005593704,1.1961893718032341
44,0.25,cam0,non_refractive,7.180729674287107,9.85082598801015,0.0,0.0,0.0,0.0,0.0,0.0,0.0,1.296807092802898
44,0.25,cam0,refractive,0.021198188910563215,-0.9012589745874451,0.0,0.0,0.0,0.0,0.0,0.0,0.0,0.24971556906647233
44,0.25,cam1,non_refractive,7.42846066469804,8.134850491150312,2.1623035172291685,0.208,0.2419,0.0,0.20602514152819718,0.24101938060606737,-0.001715975496859839,1.296807092802898
44,0.25,cam1,refractive,-0.023094986372307575,-0.21102347449553238,0.16283670472591877,0.208,0.2419,0.0,0.20783724378164894,0.24189488084049254,0.0006902355000919127,0.24971556906647233
44,0.25,cam10,non_refractive,6.873101462596484,7.694267072965401,6.350948851308928,-0.6639,0.0038,0.0,-0.657549215376533,0.0037543274888293936,-0.0021565589150447494,1.296807092802898
44,0.25,cam10,refractive,-0.04840177503071172,0.3276399996372614,0.10501935268932791,-0.6639,0.0038,0.0,-0.6639417706378191,0.0038963549596827966,0.0012288989742247065,0.24971556906647233
44,0.25,cam11,non_refractive,6.937392178004897,9.611908548704529,3.971502342121576,-0.3364,-0.0573,0.0,-0.33248198737043916,-0.05665037865792518,-0.00023891743930562134,1.296807092802898
44,0.25,cam11,refractive,-0.026464036411288205,-0.11774241294261467,0.187169736815614,-0.3364,-0.0573,0.0,-0.3365844391540937,-0.05726814550554757,0.0007835165616448304,0.24971556906647233
44,0.25,cam2,non_refractive,7.33630055340002,4.054534720740756,4.816043090310281,0.3353,0.573,0.0,0.33240952991138084,0.5691477988481228,-0.005796291267269394,1.296807092802898
44,0.25,cam2,refractive,-0.016523389904232924,-0.02579590071646387,0.2527600467860245,0.3353,0.573,0.0,0.3351383913454734,0.572805654215293,0.0008754630738709812,0.24971556906647233
44,0.25,cam3,non_refractive,6.52203554770596,11.490182977043586,8.776994697462795,0.2227,0.8684,0.0,0.22058376461865384,0.8598819495346629,0.0016393569890334365,1.296807092802898
44,0.25,cam3,refractive,-0.014989197975824145,-0.015069106959964329,0.2927914231869852,0.2227,0.8684,0.0,0.22244651986291758,0.8682534577276123,0.0008861898676274807,0.24971556906647233
44,0.25,cam4,non_refractive,6.434208543230676,7.4879135590794315,11.113971028977513,0.0039,1.149,0.0,0.003945029471691975,1.1378861201923167,-0.002362912428930719,1.296807092802898
44,0.25,cam4,refractive,-0.016909116326588376,0.06979709659042044,0.19626044801248416,0.0039,1.149,0.0,0.003827874162143487,1.148817473215753,0.0009710560711778656,0.24971556906647233
44,0.25,cam5,non_refractive,6.353952988043756,4.7223921426947335,11.410768914229797,-0.3363,1.193,0.0,-0.33163614861735363,1.1825858683753978,-0.005128433845315417,1.296807092802898
44,0.25,cam5,refractive,-0.029702869618100702,0.24848189029109036,0.27297169339165533,-0.3363,1.193,0.0,-0.3362751705582948,1.1927281598921835,0.0011497408648785355,0.24971556906647233
44,0.25,cam6,non_refractive,6.725884239289803,-3.4549674678135585,13.985445410904278,-0.6801,1.1523,0.0,-0.6697999667854736,1.142839450379548,-0.013305793455823708,1.296807092802898
44,0.25,cam6,refractive,0.02211806173454809,-0.5003880201256916,0.16572592368232572,-0.6801,1.1523,0.0,-0.6802656955197244,1.1522968256459492,0.0004008709544617534,0.24971556906647233
44,0.25,cam7,non_refractive,7.449597700191103,-9.931485928011227,10.10392187014282,-0.8868,0.8828,0.0,-0.8781415822500973,0.8775922135963425,-0.019782311916021377,1.296807092802898
44,0.25,cam7,refractive,-0.011277529653189254,0.10987830731147286,0.18040276120288673,-0.8868,0.8828,0.0,-0.8868589862471848,0.8826295131122559,0.001011137281898918,0.24971556906647233
44,0.25,cam8,non_refractive,8.292423555854961,-21.719939959878257,8.48417161234257,-1.0023,0.5654,0.0,-0.9941521162421993,0.5630350141190594,-0.03157076594788841,1.296807092802898
44,0.25,cam8,refractive,-0.06168658288057833,0.5483006771447407,0.21215658553394165,-1.0023,0.5654,0.0,-1.002102844116183,0.565478357987862,0.0014495596517321858,0.24971556906647233
44,0.25,cam9,non_refractive,8.32343552402898,-18.089656156675712,6.02054258514406,-0.8949,0.2677,0.0,-0.889033150046574,0.26634833264317054,-0.027940482144685863,1.296807092802898
44,0.25,cam9,refractive,0.006722662943753521,-0.43407905573471967,0.1559742714082691,-0.8949,0.2677,0.0,-0.895042946629043,0.2677624038026612,0.00046717991885272543,0.24971556906647233
44,0.5,cam0,non_refractive,7.216582177371341,12.442251385134647,0.0,0.0,0.0,0.0,0.0,0.0,0.0,1.365529201850532
44,0.5,cam0,refractive,0.04720391535988888,-1.9085272994697065,0.0,0.0,0.0,0.0,0.0,0.0,0.0,0.4994577040734514
44,0.5,cam1,non_refractive,7.414152450689797,11.949230497631376,2.3813042290180735,0.208,0.2419,0.0,0.20576761172558897,0.24107111374519086,-0.0004930208875032708,1.365529201850532
44,0.5,cam1,refractive,-0.04528493909031091,-0.4831968128874482,0.3327232646511687,0.208,0.2419,0.0,0.20766982034828568,0.2419410629813086,0.0014253304865822583,0.4994577040734514
44,0.5,cam10,non_refractive,6.8469643621887055,8.075516652206518,6.187244852131587,-0.6639,0.0038,0.0,-0.6577135986247946,0.0039021610742171007,-0.0043667347329281285,1.365529201850532
44,0.5,cam10,refractive,-0.09641026163324382,0.6506765899786993,0.24388352076063588,-0.6639,0.0038,0.0,-0.6639966464567065,0.004023916578449844,0.002559203889448406,0.4994577040734514
44,0.5,cam11,non_refractive,6.89606541393413,11.98434861263972,3.7300622286760023,-0.3364,-0.0573,0.0,-0.33274142675710194,-0.05657322214112842,-0.000457902772494927,1.365529201850532
44,0.5,cam11,refractive,-0.053591813571765685,-0.23867084027891217,0.3956430286344689,-0.3364,-0.0573,0.0,-0.3367810517497624,-0.05719354357647357,0.0016698564591907943,0.4994577040734514
44,0.5,cam2,non_refractive,7.303790428989082,7.895610672429148,5.125437776839716,0.3353,0.573,0.0,0.33209919368665625,0.5689968822964201,-0.004546640712705498,1.365529201850532
44,0.5,cam2,refractive,-0.03763740334490467,-0.03649296531094581,0.5163382707866441,0.3353,0.573,0.0,0.33496043504293127,0.5726110259008496,0.0018720343341587606,0.4994577040734514
44,0.5,cam3,non_refractive,6.498011734277656,13.556349703518821,8.990519911260808,0.2227,0.8684,0.0,0.22002791013339817,0.8598157479056366,0.001114098318384174,1.365529201850532
44,0.5,cam3,refractive,-0.03235885629304822,-0.022257685421383178,0.5984925684578661,0.2227,0.8684,0.0,0.22217735066418406,0.8681083992004975,0.0018862696140483234,0.4994577040734514
44,0.5,cam4,non_refractive,6.403714750575465,7.718423856309164,11.261367865889742,0.0039,1.149,0.0,0.0036491259743517703,1.137741426891735,-0.004723827528825483,1.365529201850532
44,0.5,cam4,refractive,-0.032454715684627294,0.08854359601123729,0.38579406120108145,0.0039,1.149,0.0,0.0037484422239849116,1.1486452221847587,0.001997070895480944,0.4994577040734514
44,0.5,cam5,non_refractive,6.324057789244556,3.167798317819532,11.555410665713326,-0.3363,1.193,0.0,-0.3319996994868173,1.1822745661556466,-0.009274453067315114,1.365529201850532
44,0.5,cam5,refractive,-0.05904101695358695,0.4715235343262185,0.5517851494714093,-0.3363,1.193,0.0,-0.33622742019408053,1.192453009119866,0.002380050833795925,0.4994577040734514
44,0.5,cam6,non_refractive,6.730269515606943,-7.017117297813243,13.862189991525515,-0.6801,1.1523,0.0,-0.6701144232676209,1.14268498212779,-0.01945936868294789,1.365529201850532
44,0.5,cam6,refractive,0.040946583908437126,-0.9552640685941381,0.31052829336395843,-0.6801,1.1523,0.0,-0.6804105107779591,1.152296701856464,0.0009532632308755683,0.4994577040734514
44,0.5,cam7,non_refractive,7.467714418982761,-13.727342895707935,10.01332459543373,-0.8868,0.8828,0.0,-0.8783990426068472,0.8773510932902142,-0.026169594280842583,1.365529201850532
44,0.5,cam7,refractive,-0.024566420486380948,0.24845893149677178,0.3364586922746675,-0.8868,0.8828,0.0,-0.8869163681708874,0.8824843056851771,0.002156986230966478,0.4994577040734514
44,0.5,cam8,non_refractive,8.194776452872524,-23.60941875374659,8.697667442139435,-1.0023,0.5654,0.0,-0.9939228408404112,0.5630606361230092,-0.036051670138881234,1.365529201850532
44,0.5,cam8,refractive,-0.1251421663805895,1.1258553457034075,0.42099663476931987,-1.0023,0.5654,0.0,-1.0019170247979396,0.5655748375277049,0.003034382645173114,0.4994577040734514
44,0.5,cam9,non_refractive,8.329164661639785,-19.9933993652865,6.045894056204485,-0.8949,0.2677,0.0,-0.8890107620606696,0.2663326260815708,-0.032435650750421145,1.365529201850532
44,0.5,cam9,refractive,0.012544824217852904,-0.8491756250235065,0.3009661586245478,-0.8949,0.2677,0.0,-0.8951599505577839,0.2678516783970943,0.0010593516744461999,0.4994577040734514
44,0.82,cam0,non_refractive,7.281553456764017,11.925885565245698,0.0,0.0,0.0,0.0,0.0,0.0,0.0,1.5094978452243248
44,0.82,cam0,refractive,0.09793928762203746,-3.4211184462040705,0.0,0.0,0.0,0.0,0.0,0.0,0.0,0.8193646468868736
44,0.82,cam1,non_refractive,7.40054201042461,12.724672894149569,2.6613430240037275,0.208,0.2419,0.0,0.2054259217238683,0.24122408009367954,0.0007987873289038699,1.5094978452243248
44,0.82,cam1,refractive,-0.07217667086797258,-0.7934190160825545,0.6268390257810598,0.208,0.2419,0.0,0.2074007269776006,0.2420838450675608,0.002627699430121516,0.8193646468868736
44,0.82,cam10,non_refractive,6.811518912314324,8.42014708852397,5.772997746492789,-0.6639,0.0038,0.0,-0.6581423958496275,0.004221304436985829,-0.0035057384767217276,1.5094978452243248
44,0.82,cam10,refractive,-0.15007745418755492,1.1490810682390546,0.47935767059715106,-0.6639,0.0038,0.0,-0.6641477999144221,0.004210340076976111,0.004570199514443125,0.8193646468868736
44,0.82,cam11,non_refractive,6.837742468604022,13.066453769460844,3.3358503673583,-0.3364,-0.0573,0.0,-0.33319447646390954,-0.056376681781304644,0.0011405682042151463,1.5094978452243248
44,0.82,cam11,refractive,-0.08490714012351189,-0.354534072733788,0.7993608055568028,-0.3364,-0.0573,0.0,-0.3371566331053797,-0.057042155005276665,0.0030665843734702823,0.8193646468868736
44,0.82,cam2,non_refractive,7.262593683924802,8.963969768463382,5.402432421984686,0.3353,0.573,0.0,0.33172498176281284,0.5689496270939713,-0.0029619157967823158,1.5094978452243248
44,0.82,cam2,refractive,-0.045523621757703664,-0.34744964418267577,0.7876783367242463,0.3353,0.573,0.0,0.33476661433589555,0.5724203993655347,0.0030736688020213945,0.8193646468868736
44,0.82,cam3,non_refractive,6.44733132950858,13.971786405863693,8.996015326180235,0.2227,0.8684,0.0,0.2193860275205045,0.8600366347590209,0.0020459008406179934,1.5094978452243248
44,0.82,cam3,refractive,-0.048210584061504295,-0.19774295231551342,0.9689554049886067,0.2227,0.8684,0.0,0.22181877045776774,0.8679971240007722,0.003223375493888557,0.8193646468868736
44,0.82,cam4,non_refractive,6.366292445595622,7.321160538238992,11.163341965973034,0.0039,1.149,0.0,0.003246560064784995,1.137855798812821,-0.004604725027006706,1.5094978452243248
44,0.82,cam4,refractive,-0.0372757195209023,-0.04268157611372514,0.55711780941881,0.0039,1.149,0.0,0.003616126977675336,1.1485206292032593,0.0033784368700903455,0.8193646468868736
44,0.82,cam5,non_refractive,6.262522058051088,2.844190045677518,11.505253846238736,-0.3363,1.193,0.0,-0.3326107532897385,1.1821022789181768,-0.009081695519568181,1.5094978452243248
44,0.82,cam5,refractive,-0.07642154404268565,0.5887391854722588,0.791400478207723,-0.3363,1.193,0.0,-0.3362816029656854,1.192208813381031,0.00400985763167633,0.8193646468868736
44,0.82,cam6,non_refractive,6.742579057396289,-8.741802671860148,13.268232637765443,-0.6801,1.1523,0.0,-0.6707967471560606,1.1428397947246587,-0.020667688237105845,1.5094978452243248
44,0.82,cam6,refractive,0.07772645990865833,-1.5557581822522715,0.531923105887008,-0.6801,1.1523,0.0,-0.6806265504995519,1.1523754106225819,0.001865360263951799,0.8193646468868736
44,0.82,cam7,non_refractive,7.4716239710642425,-14.963289850183157,9.490499177036204,-0.8868,0.8828,0.0,-0.8790476447077903,0.8773254623891444,-0.026889175415428856,1.5094978452243248
44,0.82,cam7,refractive,-0.034010683113291904,0.5348769778453515,0.5121061235971506,-0.8868,0.8828,0.0,-0.8871162176374754,0.8823971860385051,0.003955995424049422,0.8193646468868736
44,0.82,cam8,non_refractive,8.071084746651021,-22.995566484645337,8.461135416961827,-1.0023,0.5654,0.0,-0.9941141020458633,0.5632594656674965,-0.034921452049891034,1.5094978452243248
44,0.82,cam8,refractive,-0.198195115155918,1.9747563048609318,0.5335182444928799,-1.0023,0.5654,0.0,-1.00187063972834,0.5657166882920582,0.005395874751065002,0.8193646468868736
44,0.82,cam9,non_refractive,8.32876695847378,-20.611721503689346,5.633136143863504,-0.8949,0.2677,0.0,-0.8893919697557052,0.26651939606843145,-0.03253760706893505,1.5094978452243248
44,0.82,cam9,refractive,0.006168062857971269,-0.955868092737072,0.6076284842925037,-0.8949,0.2677,0.0,-0.8954007740557377,0.268044147817113,0.0024652503534669983,0.8193646468868736
44,1.2,cam0,non_refractive,7.379094109674457,10.21677142428967,0.0,0.0,0.0,0.0,0.0,0.0,0.0,1.743431144150219
44,1.2,cam0,refractive,0.21381135139207819,-5.728958193818267,0.0,0.0,0.0,0.0,0.0,0.0,0.0,1.199566151674627
44,1.2,cam1,non_refractive,7.36331728268878,11.587949505719118,2.86380706030691,0.208,0.2419,0.0,0.20516966895019415,0.24146340290064106,0.001371178081429449,1.743431144150219
44,1.2,cam1,refractive,-0.061433784723138984,-1.4654748783779477,1.0596670535411015,0.208,0.2419,0.0,0.20700020713357586,0.24225115308429218,0.004263483315440319,1.199566151674627
44,1.2,cam10,non_refractive,6.775272469649867,11.792107967153491,5.410099287724822,-0.6639,0.0038,0.0,-0.6585533316968902,0.004626022009126543,0.0015753365428638217,1.743431144150219
44,1.2,cam10,refractive,-0.17519169265009726,1.625041103356697,0.7126416911602437,-0.6639,0.0038,0.0,-0.6643018382011895,0.004388544170003039,0.007353999297174963,1.199566151674627
44,1.2,cam11,non_refractive,6.781429183189055,15.480519308884697,2.9547027141500206,-0.3364,-0.0573,0.0,-0.33370263893954416,-0.05609396872406136,0.005263747884595027,1.743431144150219
44,1.2,cam11,refractive,-0.09791153262078589,-0.4469827014866423,1.358295213563653,-0.3364,-0.0573,0.0,-0.33768864291367684,-0.056870622161470416,0.005281975492331625,1.199566151674627
44,1.2,cam2,non_refractive,7.240540040014272,6.2060320819354216,5.546940664179839,0.3353,0.573,0.0,0.33154438533607206,0.5689178548252148,-0.004010739342354248,1.743431144150219
44,1.2,cam2,refractive,-0.018312810302965162,-0.8657791296573523,1.298688215538704,0.3353,0.573,0.0,0.33437214042581015,0.5720913374158889,0.004863179064160915,1.199566151674627
44,1.2,cam3,non_refractive,6.409030941279297,10.614748829334918,8.938216352525767,0.2227,0.8684,0.0,0.2188815497525943,0.8603184686307206,0.0003979774050452481,1.743431144150219
44,1.2,cam3,refractive,-0.02720907135359962,-0.5269694700084671,1.4907885590536125,0.2227,0.8684,0.0,0.22130332566441469,0.8678787022653776,0.0052019887238098,1.199566151674627
44,1.2,cam4,non_refractive,6.357430050433961,3.3822512012751984,10.871527658113063,0.0039,1.149,0.0,0.0030113451614649316,1.1381648531990072,-0.006834520223014472,1.743431144150219
44,1.2,cam4,refractive,-0.002812470385344884,-0.22389812573431733,0.802263661024697,0.0039,1.149,0.0,0.003376960846293438,1.1483916768741116,0.005505060068083949,1.199566151674627
44,1.2,cam5,non_refractive,6.215276831960255,1.0550252319355948,11.430928662378017,-0.3363,1.193,0.0,-0.33304719068818156,1.1820416533334028,-0.009161746192354076,1.743431144150219
44,1.2,cam5,refractive,-0.07510323701975682,1.0955817182827285,1.1381254459624124,-0.3363,1.193,0.0,-0.3365239969015633,1.1918841349011475,0.0068245399121009956,1.199566151674627
44,1.2,cam6,non_refractive,6.760083547843504,-9.84841072964356,12.54205660197313,-0.6801,1.1523,0.0,-0.67156118027372,1.1431135022185173,-0.020065182153933228,1.743431144150219
44,1.2,cam6,refractive,0.13996284880406976,-1.812590116643523,0.8515543448419152,-0.6801,1.1523,0.0,-0.6809462386262767,1.1523949999453504,0.003916368077174744,1.199566151674627
44,1.2,cam7,non_refractive,7.4705429028361054,-13.74498494349375,8.82157868915644,-0.8868,0.8828,0.0,-0.8798407314136862,0.8773788533212498,-0.02396175636778342,1.743431144150219
44,1.2,cam7,refractive,-0.02124335872502154,1.3297352576886459,0.83098197137379,-0.8868,0.8828,0.0,-0.8873670456978745,0.8821925543536494,0.007058693451506913,1.199566151674627
44,1.2,cam8,non_refractive,7.956780582731231,-18.819520796333073,7.899376651354385,-1.0023,0.5654,0.0,-0.9946201091410721,0.5635508304904852,-0.02903629222062274,1.743431144150219
44,1.2,cam8,refractive,-0.21513133679753726,2.7201717380165196,0.4778560443730349,-1.0023,0.5654,0.0,-1.0020461421066054,0.5658048488225315,0.008449129931834786,1.199566151674627
44,1.2,cam9,non_refractive,8.34230717259168,-17.705717656768066,4.912223016976552,-0.8949,0.2677,0.0,-0.890086651873815,0.26671938040777016,-0.02792248908105774,1.743431144150219
44,1.2,cam9,refractive,0.0633778175874027,-1.42883539543634,1.1032570518227314,-0.8949,0.2677,0.0,-0.8958811360816922,0.268204527612325,0.0043001227983819265,1.199566151674627
45,0.25,cam0,non_refractive,6.4114644821533995,30.86293897640943,0.0,0.0,0.0,0.0,0.0,0.0,0.0,1.199532890703648
45,0.25,cam0,refractive,-0.004828127060682368,-0.0048960513566656755,0.0,0.0,0.0,0.0,0.0,0.0,0.0,0.24856099355321806
45,0.25,cam1,non_refractive,7.037193526418216,22.493214061445293,0.8068929373283251,0.208,0.2419,0.0,0.20851616469836876,0.2412797982453522,-0.008369724914964138,1.199532890703648
45,0.25,cam1,refractive,-0.02689811708919434,0.2820563567765322,0.07832579076120193,0.208,0.2419,0.0,0.20798568926074865,0.24182299264814028,0.00028695240813319785,0.24856099355321806
45,0.25,cam10,non_refractive,7.217310972505792,9.228535333094268,1.9441243860293431,-0.6639,0.0038,0.0,-0.6622663046909866,0.002746121797520536,-0.021634403643315165,1.199532890703648
45,0.25,cam10,refractive,0.030600893501116368,-0.5178257457041564,0.008879645717641459,-0.6639,0.0038,0.0,-0.6638973256180313,0.0038084673366034394,-0.0005129296943474907,0.24856099355321806
45,0.25,cam11,non_refractive,6.982320091700288,16.51307656220241,1.5218538484701887,-0.3364,-0.0573,0.0,-0.33528660440280594,-0.05833749186996933,-0.01434986241420702,1.199532890703648
45,0.25,cam11,refractive,-0.0051496382339160755,0.025300958117301587,0.19097751812613584,-0.3364,-0.0573,0.0,-0.3362294891778266,-0.05721398562939037,3.019700947396726e-05,0.24856099355321806
45,0.25,cam2,non_refractive,7.277879204828014,13.33076509492264,0.12273682002308844,0.3353,0.573,0.0,0.3352324914146572,0.5728974967420303,-0.01753217388148679,1.199532890703648
45,0.25,cam2,refractive,-0.00231390661747161,0.07998222124451804,0.06842223111537117,0.3353,0.573,0.0,0.3353662803434409,0.5730169858112599,8.487827260118371e-05,0.24856099355321806
45,0.25,cam3,non_refractive,6.319200283414725,20.998667820108743,1.6323612114265023,0.2227,0.8684,0.0,0.22147328590397053,0.8673230711949379,-0.009864271156300689,1.199532890703648
45,0.25,cam3,refractive,0.008306798848557822,-0.04659238350694136,0.2689642532885577,0.2227,0.8684,0.0,0.2228962284568479,0.8682160539147734,-4.169633215027568e-05,0.24856099355321806
45,0.25,cam4,non_refractive,7.293058821966415,-4.608947637984812,2.362394506090613,0.0039,1.149,0.0,0.0047243800108800315,1.1467861107976982,-0.035471886614394245,1.199532890703648
45,0.25,cam4,refractive,0.020020375032425812,-0.28050768972803036,0.2996782825458472,0.0039,1.149,0.0,0.004086549509684455,1.1487654656667647,-0.0002756116383713647,0.24856099355321806
45,0.25,cam5,non_refractive,7.402805329810566,-12.37616433474578,4.425496671909598,-0.3363,1.193,0.0,-0.33314525150400986,1.1898963597630958,-0.043239103311155214,1.199532890703648
45,0.25,cam5,refractive,0.03240688396948002,-0.4261770568178078,0.30753054764567794,-0.3363,1.193,0.0,-0.3361807224241632,1.1927165429527464,-0.0004212810054611422,0.24856099355321806
45,0.25,cam6,non_refractive,7.463769780680053,-17.251344590366834,7.493305831809297,-0.6801,1.1523,0.0,-0.6742506322033337,1.1476165687078437,-0.048114283566776266,1.199532890703648
45,0.25,cam6,refractive,-0.0010977059531048034,0.20887432917563303,0.4110980620168943,-0.6801,1.1523,0.0,-0.6798736823751826,1.1519568062510899,0.00021377038053229871,0.24856099355321806
45,0.25,cam7,non_refractive,7.767074655993382,-16.50707679950648,7.467725156171275,-0.8868,0.8828,0.0,-0.8816764770968534,0.8773670972704231,-0.04737001577591591,1.199532890703648
45,0.25,cam7,refractive,-0.013006978233803305,0.44211491867075264,0.3194425447361947,-0.8868,0.8828,0.0,-0.8866035478746027,0.8825481069635452,0.00044701097002741827,0.24856099355321806
45,0.25,cam8,non_refractive,8.831664438458462,-28.699018645293286,5.576313800551597,-1.0023,0.5654,0.0,-1.0009130194414582,0.5599989296864002,-0.059561957621702716,1.199532890703648
45,0.25,cam8,refractive,0.010959398100295517,-0.12788234459439118,0.1868615693011891,-1.0023,0.5654,0.0,-1.0022037172547031,0.5652398535700061,-0.0001229862932377255,0.24856099355321806
45,0.25,cam9,non_refractive,7.547303879389236,-3.1217068638761774,4.411208623932689,-0.8949,0.2677,0.0,-0.8914653476622258,0.26493198178429395,-0.033984645840285606,1.199532890703648
45,0.25,cam9,refractive,-0.029940078708921777,0.3606564363665897,0.4522496811367919,-0.8949,0.2677,0.0,-0.894447750352612,0.26770017471624613,0.0003655524877232554,0.24856099355321806
45,0.5,cam0,non_refractive,6.411430129794954,22.876773151197366,0.0,0.0,0.0,0.0,0.0,0.0,0.0,1.270348067284096
45,0.5,cam0,refractive,-0.0076585864182690125,-0.0444016231057538,0.0,0.0,0.0,0.0,0.0,0.0,0.0,0.49715150765357846
45,0.5,cam1,non_refractive,7.017935782391503,17.60366050377674,0.8375905195023545,0.208,0.2419,0.0,0.2086493561866205,0.2413709495097272,-0.005273112647420624,1.270348067284096
45,0.5,cam1,refractive,-0.05149980282508548,0.5315565895019164,0.18508159795476842,0.208,0.2419,0.0,0.20797455727748387,0.24171667551780393,0.0005759582126076702,0.49715150765357846
45,0.5,cam10,non_refractive,7.26105021339453,1.2964372450085229,1.692590222946468,-0.6639,0.0038,0.0,-0.6624252757541146,0.002969307480826069,-0.021580335906188842,1.270348067284096
45,0.5,cam10,refractive,0.06227093943688098,-1.084658779691871,0.03219613827149701,-0.6639,0.0038,0.0,-0.6638682199524868,0.0037948405523887943,-0.0010402571565861173,0.49715150765357846
45,0.5,cam11,non_refractive,6.9404872414896746,8.854390297933987,1.3732177545768633,-0.3364,-0.0573,0.0,-0.3352291249263295,-0.05801748070590245,-0.014022382853263378,1.270348067284096
45,0.5,cam11,refractive,-0.009485944955197693,0.032740427203252355,0.40112187421200823,-0.3364,-0.0573,0.0,-0.33603824912829156,-0.057126693725475526,7.714205030900616e-05,0.49715150765357846
45,0.5,cam2,non_refractive,7.290347203497275,12.093103221546164,0.29593767377096936,0.3353,0.573,0.0,0.3354201560658765,0.5732704470864883,-0.010783669929651202,1.270348067284096
45,0.5,cam2,refractive,0.001988615851880614,0.07825580630323131,0.1675294782579354,0.3353,0.573,0.0,0.33546660021062974,0.5730176208939471,0.00012265742940898512,0.49715150765357846
45,0.5,cam3,non_refractive,6.3466265277273965,23.4558142512064,1.2340383094014395,0.2227,0.8684,0.0,0.22183539836535243,0.8675194805155846,0.0005790411000090347,1.270348067284096
45,0.5,cam3,refractive,0.020630834323209328,-0.09638184393805477,0.5596628512380551,0.2227,0.8684,0.0,0.2231169911050918,0.8680267160258861,-5.198022083230096e-05,0.49715150765357846
45,0.5,cam4,non_refractive,7.375702144822884,0.5472613415648979,2.1175901054101947,0.0039,1.149,0.0,0.0051033650889346326,1.1472575590921743,-0.02232951180963247,1.270348067284096
45,0.5,cam4,refractive,0.04017947391590605,-0.5221295833386127,0.6328479400936757,0.0039,1.149,0.0,0.004309969835208093,1.1485178991293306,-0.0004777279602328589,0.49715150765357846
45,0.5,cam5,non_refractive,7.4281102179020095,-5.558535188141143,4.497217291585015,-0.3363,1.193,0.0,-0.3327191102257632,1.1902793030686059,-0.028435308339338508,1.270348067284096
45,0.5,cam5,refractive,0.06734864771675488,-0.8547057855773199,0.6457633700612229,-0.3363,1.193,0.0,-0.33603729469472465,1.1924100879279986,-0.0008103041624715661,0.49715150765357846
45,0.5,cam6,non_refractive,7.479078470288647,-10.442598897843471,7.617097191563814,-0.6801,1.1523,0.0,-0.6737226111680926,1.1481347771593358,-0.033319372049040834,1.270348067284096
45,0.5,cam6,refractive,-0.002174239961190563,0.4461669163524251,0.8643292136852766,-0.6801,1.1523,0.0,-0.6795830433113891,1.1516073090359114,0.0004905685394581789,0.49715150765357846
45,0.5,cam7,non_refractive,7.786341632260907,-12.593138113474179,7.207582240962939,-0.8868,0.8828,0.0,-0.8814714438717911,0.8779465752968887,-0.03546991126467154,1.270348067284096
45,0.5,cam7,refractive,-0.02469243497615207,0.922253750025199,0.6647604639207066,-0.8868,0.8828,0.0,-0.8863806076717623,0.8822842320779581,0.0009666553731309529,0.49715150765357846
45,0.5,cam8,non_refractive,8.883342977439737,-29.27305700976751,4.906420866183453,-1.0023,0.5654,0.0,-1.0011293510082786,0.5606352810519085,-0.052149830160964875,1.270348067284096
45,0.5,cam8,refractive,0.02099058606938024,-0.20392691781904249,0.3796177487749426,-1.0023,0.5654,0.0,-1.0020818445290367,0.5650893268185476,-0.0001595252947132887,0.49715150765357846
45,0.5,cam9,non_refractive,7.490102313769197,-5.983337651810427,4.588981219991561,-0.8949,0.2677,0.0,-0.8909804784334214,0.2653133497687008,-0.028860110803007794,1.270348067284096
45,0.5,cam9,refractive,-0.06010671622490744,0.7508294209788765,0.9601155832251422,-0.8949,0.2677,0.0,-0.8939400941315604,0.2677200663122397,0.0007952310440846303,0.49715150765357846
45,0.82,cam0,non_refractive,6.418785757949998,27.302002735925246,0.0,0.0,0.0,0.0,0.0,0.0,0.0,1.4187468332174842
45,0.82,cam0,refractive,0.033813586252493325,-0.4416318532932193,0.0,0.0,0.0,0.0,0.0,0.0,0.0,0.8155649073387782
45,0.82,cam1,non_refractive,7.002537014482971,21.823096380529513,1.0352537785481637,0.208,0.2419,0.0,0.20889786770275487,0.2413846515990634,-0.0054789063553957315,1.4187468332174842
45,0.82,cam1,refractive,-0.05345898915605512,0.6908682952519662,0.2361148050781484,0.208,0.2419,0.0,0.2079216264379685,0.2416772719461954,0.0011325001485451855,0.8155649073387782
45,0.82,cam10,non_refractive,7.321579378294165,2.8699060152937044,1.648548200834377,-0.6639,0.0038,0.0,-0.6625252689244286,0.002890150759558177,-0.02443209672063154,1.4187468332174842
45,0.82,cam10,refractive,0.15964868652709732,-2.385585118393489,0.038923601552286115,-0.6639,0.0038,0.0,-0.6638644122677223,0.0038157657879323834,-0.0019439532651002699,0.8155649073387782
45,0.82,cam11,non_refractive,6.871445883909269,13.78927261805893,1.3078350988849305,-0.3364,-0.0573,0.0,-0.33516753878868816,-0.05773757514610311,-0.013512730117866315,1.4187468332174842
45,0.82,cam11,refractive,-0.010443311223965957,0.313689644313598,0.7690669150440709,-0.3364,-0.0573,0.0,-0.3357849205049636,-0.056838327892762386,0.0007553214976068173,0.8155649073387782
45,0.82,cam2,non_refractive,7.31454799123645,14.597235607819165,0.6604998903002528,0.3353,0.573,0.0,0.3357081539304269,0.5735192980590794,-0.01270476712810608,1.4187468332174842
45,0.82,cam2,refractive,0.016988709313949222,0.22707426258348717,0.20533275575625276,0.3353,0.573,0.0,0.3354796298518659,0.5730994718900246,0.0006687061158767065,0.8155649073387782
45,0.82,cam3,non_refractive,6.3877606727627905,24.124119251184673,0.687089524856113,0.2227,0.8684,0.0,0.2224039100355518,0.8677799816550132,-0.0031778834847405735,1.4187468332174842
45,0.82,cam3,refractive,0.08194290586780603,-0.45694939776783466,0.8606331999902697,0.2227,0.8684,0.0,0.22341971536889899,0.8679280897408446,-1.531754447461534e-05,0.8155649073387782
45,0.82,cam4,non_refractive,7.489023855685614,-2.249105033558898,2.457404907662347,0.0039,1.149,0.0,0.005762253437178154,1.1473966126432078,-0.029551107769484143,1.4187468332174842
45,0.82,cam4,refractive,0.09402708419137255,-0.8226774782648387,1.0084939380727305,0.0039,1.149,0.0,0.004603610467649738,1.1482775096312454,-0.0003810456249716194,0.8155649073387782
45,0.82,cam5,non_refractive,7.45479714656213,-8.476494644200567,5.2250333657739745,-0.3363,1.193,0.0,-0.3319068247048821,1.1901713988439837,-0.03577849738012581,1.4187468332174842
45,0.82,cam5,refractive,0.13084033657312066,-1.284822877288629,0.9711504119478656,-0.3363,1.193,0.0,-0.3359384648631407,1.1920986535253064,-0.0008431910239954098,0.8155649073387782
45,0.82,cam6,non_refractive,7.518991545280253,-14.44990095859276,8.39958217842466,-0.6801,1.1523,0.0,-0.6727223471521736,1.1482846271369813,-0.041751903694518006,1.4187468332174842
45,0.82,cam6,refractive,0.0028043420458238526,1.0383686993209043,1.5306214694542823,-0.6801,1.1523,0.0,-0.6791173383648287,1.1511264676427484,0.0014800005526141235,0.8155649073387782
45,0.82,cam7,non_refractive,7.8328230603307585,-15.639931333876088,7.506558682497314,-0.8868,0.8828,0.0,-0.880919279858289,0.8781346432217193,-0.04294193406980133,1.4187468332174842
45,0.82,cam7,refractive,-0.037538366385454235,1.885630166457403,1.1468042099399713,-0.8868,0.8828,0.0,-0.8859845878891379,0.8819936111450452,0.0023272620197506222,0.8155649073387782
45,0.82,cam8,non_refractive,8.980170849694643,-31.868887791101127,5.109706137907859,-1.0023,0.5654,0.0,-1.0012003125302524,0.5604100316349045,-0.05917089052702637,1.4187468332174842
45,0.82,cam8,refractive,0.05284814890619809,-0.2770745599859031,0.5372452139368439,-1.0023,0.5654,0.0,-1.001977769425438,0.5649701164381888,0.00016455729330731622,0.8155649073387782
45,0.82,cam9,non_refractive,7.427265677822356,-4.519310111556511,5.183871799232197,-0.8949,0.2677,0.0,-0.8903673800014956,0.2651844716698012,-0.031821312847481756,1.4187468332174842
45,0.82,cam9,refractive,-0.06653922838480562,1.0714783637733367,1.6115818644694082,-0.8949,0.2677,0.0,-0.8932921808112136,0.2678100616284496,0.001513110217066556,0.8155649073387782
45,1.2,cam0,non_refractive,6.422493470430285,17.409000320077276,0.0,0.0,0.0,0.0,0.0,0.0,0.0,1.658994342166007
45,1.2,cam0,refractive,0.07306645728900076,-1.02815570304492,0.0,0.0,0.0,0.0,0.0,0.0,0.0,1.1939451271034387
45,1.2,cam1,non_refractive,6.955966532210551,13.835470370484177,1.1384062110101754,0.208,0.2419,0.0,0.20909680955015475,0.2415950778591905,-0.0035735299495930975,1.658994342166007
45,1.2,cam1,refractive,-0.05663529373108418,0.6856535573024232,0.4036281435039664,0.208,0.2419,0.0,0.20781409618843347,0.24154173271001458,0.0017138092603473432,1.1939451271034387
45,1.2,cam10,non_refractive,7.378022512847182,-2.7269509967382035,1.2020919849958354,-0.6639,0.0038,0.0,-0.6628003667541988,0.003314374768859832,-0.02013595131681548,1.658994342166007
45,1.2,cam10,refractive,0.26214879563066884,-3.994387312333397,0.09535258125423612,-0.6639,0.0038,0.0,-0.663891302474615,0.0038949550830868086,-0.002966231609288477,1.1939451271034387
45,1.2,cam11,non_refractive,6.799206384656417,7.016721517779025,1.1718033919774735,-0.3364,-0.0573,0.0,-0.33524049496936514,-0.0571306740616963,-0.01039227880229825,1.658994342166007
45,1.2,cam11,refractive,-0.014692635932909556,0.41572791324689673,1.3052995326489618,-0.3364,-0.0573,0.0,-0.33547367743257417,-0.056380362369728564,0.0014438836162918168,1.1939451271034387
45,1.2,cam2,non_refractive,7.338293793838294,8.63002439333825,1.43489725261135,0.3353,0.573,0.0,0.3361382671771495,0.5741645764316975,-0.008778975926739025,1.658994342166007
45,1.2,cam2,refractive,0.03548459084882058,0.04806893198187745,0.19495927480253247,0.3353,0.573,0.0,0.33545474065088604,0.5731185936330284,0.0010762246350267974,1.1939451271034387
45,1.2,cam3,non_refractive,6.437029296858207,22.49481472811636,0.52538340488534,0.2227,0.8684,0.0,0.2231694782886359,0.8681641656118619,0.005085814408039083,1.658994342166007
45,1.2,cam3,refractive,0.14509758558983651,-0.9986279424368764,1.1023033850140842,0.2227,0.8684,0.0,0.2235916266273228,0.8677518682926576,2.9527760608043675e-05,1.1939451271034387
45,1.2,cam4,non_refractive,7.565704302285065,0.3208911408247701,2.6282446988221455,0.0039,1.149,0.0,0.006363879957488936,1.148085141676558,-0.017088109179252506,1.658994342166007
45,1.2,cam4,refractive,0.13701256796347777,-1.126068781099247,1.5585178336892966,0.0039,1.149,0.0,0.004914974815397762,1.1478172895696597,-9.791307805432689e-05,1.1939451271034387
45,1.2,cam5,non_refractive,7.469318006146097,-2.111926039649685,5.6056709155088456,-0.3363,1.193,0.0,-0.331137845914231,1.1908146598416356,-0.01952092635972696,1.658994342166007
45,1.2,cam5,refractive,0.19270191631747102,-1.8797187950532521,1.4537789916394097,-0.3363,1.193,0.0,-0.33585897804726694,1.1916147299924782,-0.0008515630920083321,1.1939451271034387
45,1.2,cam6,non_refractive,7.586503472713356,-6.868572121399854,8.637519454510178,-0.6801,1.1523,0.0,-0.6719576422667501,1.149417509259195,-0.02427757244147713,1.658994342166007
45,1.2,cam6,refractive,-0.029385447799134327,2.0837146586196393,2.6450607513410938,-0.6801,1.1523,0.0,-0.6784526359734547,1.1502305705756588,0.0031118703616645595,1.1939451271034387
45,1.2,cam7,non_refractive,7.875076751788821,-8.827278851907778,7.172030049973906,-0.8868,0.8828,0.0,-0.8805635710154522,0.8792581122888464,-0.026236279171985052,1.658994342166007
45,1.2,cam7,refractive,-0.08786378842846629,3.277285836696189,1.8963020695055472,-0.8868,0.8828,0.0,-0.8853376378675516,0.8815927475274857,0.004305441539741109,1.1939451271034387
45,1.2,cam8,non_refractive,9.091518891691257,-28.883570720315753,4.106324116519402,-1.0023,0.5654,0.0,-1.0018695515020777,0.5613162992469397,-0.04629257104039303,1.658994342166007
45,1.2,cam8,refractive,0.06742916949482741,-0.2904123519340488,0.8347652907880108,-1.0023,0.5654,0.0,-1.001723242180697,0.5647965238127505,0.0007377433511108712,1.1939451271034387
45,1.2,cam9,non_refractive,7.328110314195165,-2.879623420531299,5.616778076642627,-0.8949,0.2677,0.0,-0.8896839595601413,0.265616465001011,-0.020288623740608573,1.658994342166007
45,1.2,cam9,refractive,-0.11157582008838672,1.778764285009796,2.5515568025328172,-0.8949,0.2677,0.0,-0.8923597729325228,0.2679401844337325,0.002806919988054716,1.1939451271034387
