test_depth_m,model,signed_mean_mm,rmse_mm,scale_factor,calib_depth_min_m,calib_depth_max_m,xy_rmse_mm,z_rmse_mm,anisotropy_ratio,n_points,noise_std,seed
1.1,non_refractive,0.18540269341323656,0.8054028987411409,1.0030900448902207,1.1824180883607724,1.8966756493207828,32.73019572705539,40.26054099630287,1.2300733344843018,4054,0.25,42
1.1,refractive,0.007264907776584574,0.20036368113410855,1.0001210817962765,1.1824180883607724,1.8966756493207828,0.2603984422154738,0.7127110022110202,2.737001789055512,4054,0.25,42
1.2,non_refractive,0.11994979097366293,0.6348818180502973,1.0019991631828944,1.1824180883607724,1.8966756493207828,34.9887483797768,21.4476386801801,0.6129867364039993,4247,0.25,42
1.2,refractive,0.005977426082485073,0.18781739832727873,1.0000996237680415,1.1824180883607724,1.8966756493207828,0.26408962789253526,0.6583793997366838,2.493014985066339,4247,0.25,42
1.3,non_refractive,0.11047459975937196,0.45086984043742323,1.001841243329323,1.1824180883607724,1.8966756493207828,37.33511727972804,19.387407109132667,0.5192807341108717,4282,0.25,42
1.3,refractive,0.006198255764584491,0.20144736885781742,1.000103304262743,1.1824180883607724,1.8966756493207828,0.28080170901324325,0.7087852011098857,2.5241484590695915,4282,0.25,42
1.4,non_refractive,0.13242694096883686,0.31390303888811577,1.0022071156828138,1.1824180883607724,1.8966756493207828,39.73881435449645,34.32666203576908,0.8638068999631595,4294,0.25,42
1.4,refractive,0.007401380412569498,0.19321185184151243,1.0001233563402094,1.1824180883607724,1.8966756493207828,0.28597516933957784,0.7114117187671073,2.487669542813872,4294,0.25,42
1.5,non_refractive,0.16105210826251104,0.31780305886813115,1.0026842018043751,1.1824180883607724,1.8966756493207828,42.162496529126024,52.72507952790156,1.250520815139086,4288,0.25,42
1.5,refractive,0.009076708966466568,0.20828308105821258,1.0001512784827744,1.1824180883607724,1.8966756493207828,0.30754380407207704,0.7999509357325216,2.6010959256556583,4288,0.25,42
1.7,non_refractive,0.22651082974789918,0.3468041764233003,1.0037751804957984,1.1824180883607724,1.8966756493207828,47.132964009730536,95.4769906643032,2.0256945997411093,4312,0.25,42
1.7,refractive,0.010737986342858018,0.19633316717893487,1.0001789664390477,1.1824180883607724,1.8966756493207828,0.32346431296041145,0.8134559829244654,2.514824511797144,4312,0.25,42
2.0,non_refractive,0.32797014241332517,0.4610650751558281,1.005466169040222,1.1824180883607724,1.8966756493207828,54.473316571606034,159.90180276979157,2.935415224068432,4312,0.25,42
2.0,refractive,0.009948830195461675,0.19046186117874378,1.000165813836591,1.1824180883607724,1.8966756493207828,0.3602400107516262,0.877116573830206,2.4348116468243988,4312,0.25,42
2.5,non_refractive,0.544144965499318,0.8374364422310447,1.009069082758322,1.1824180883607724,1.8966756493207828,66.72512977501822,260.360768362994,3.901989688755504,4312,0.25,42
2.5,refractive,0.016116700249817997,0.20516801944833032,1.0002686116708304,1.1824180883607724,1.8966756493207828,0.4286854364945077,1.0453863037046485,2.4385859996856736,4312,0.25,42
1.1,non_refractive,0.2000177984745249,0.8947586330273035,1.0033336299745754,1.1824180883607724,1.8966756493207828,29.038385603125498,41.82446715435619,1.4403165425923157,4054,0.5,42
1.1,refractive,0.02788966439486355,0.4025468481776271,1.0004648277399144,1.1824180883607724,1.8966756493207828,0.52057019608701,1.4220535114503956,2.7317228726108405,4054,0.5,42
1.2,non_refractive,0.13423108772059686,0.7286052124777163,1.0022371847953433,1.1824180883607724,1.8966756493207828,31.049605412692372,21.790802709348007,0.7018061073471944,4247,0.5,42
1.2,refractive,0.023882521213263938,0.37840291855113134,1.000398042020221,1.1824180883607724,1.8966756493207828,0.5288719152570828,1.3299893719543094,2.5147664937129557,4247,0.5,42
1.3,non_refractive,0.1251963168352371,0.5813753689695291,1.0020866052805872,1.1824180883607724,1.8966756493207828,33.13265156962332,16.951503935246198,0.5116253342907114,4282,0.5,42
1.3,refractive,0.02542133352541077,0.40411168447140533,1.00042368889209,1.1824180883607724,1.8966756493207828,0.5639321347339119,1.4416594181049005,2.556441332759196,4282,0.5,42
1.4,non_refractive,0.14751927361359432,0.46564276050986625,1.0024586545602265,1.1824180883607724,1.8966756493207828,35.27180152853271,31.470510121036252,0.8922286006735025,4294,0.5,42
1.4,refractive,0.02701984099817029,0.3918342563256763,1.0004503306833028,1.1824180883607724,1.8966756493207828,0.574916012968816,1.4547082226968373,2.5302969301287184,4294,0.5,42
1.5,non_refractive,0.1788393270543868,0.48870311386396464,1.0029806554509064,1.1824180883607724,1.8966756493207828,37.45008584081099,50.228691822142586,1.3412170010944593,4288,0.5,42
1.5,refractive,0.03303059389326501,0.42214706103244404,1.000550509898221,1.1824180883607724,1.8966756493207828,0.6185228138828894,1.6273059462033668,2.6309554145426874,4288,0.5,42
1.7,non_refractive,0.24617959782227894,0.49878219691407266,1.004102993297038,1.1824180883607724,1.8966756493207828,41.922399075722936,93.04738792698579,2.219514865046669,4312,0.5,42
1.7,refractive,0.035457743867379876,0.3981358165652466,1.0005909623977898,1.1824180883607724,1.8966756493207828,0.6560040728783787,1.680982257469195,2.5624570440446703,4312,0.5,42
2.0,non_refractive,0.3468287022207187,0.5763634187716073,1.0057804783703452,1.1824180883607724,1.8966756493207828,48.52142600643736,157.46060367829293,3.24517675258354,4312,0.5,42
2.0,refractive,0.03332005241201154,0.3845335548839445,1.000555334206867,1.1824180883607724,1.8966756493207828,0.7320581580284925,1.8324507948924922,2.5031492031008433,4312,0.5,42
2.5,non_refractive,0.5709196551875705,0.9211616101424541,1.0095153275864595,1.1824180883607724,1.8966756493207828,59.545254073480024,257.88861954434634,4.330968497104852,4312,0.5,42
2.5,refractive,0.048225545843282695,0.41348140888408663,1.000803759097388,1.1824180883607724,1.8966756493207828,0.8769004838586449,2.151687812828801,2.453742303072614,4312,0.5,42
1.1,non_refractive,0.2307110415241539,1.0660056220036513,1.0038451840254026,1.1824180883607724,1.8966756493207828,30.874124084164936,38.97383461361181,1.2623462452689027,4054,0.82,42
1.1,refractive,0.07514590877556203,0.6716933983656896,1.0012524318129261,1.1824180883607724,1.8966756493207828,0.8216282895133176,2.3153468282145515,2.8179979411200917,4054,0.82,42
1.2,non_refractive,0.163699800965119,0.903086977792462,1.0027283300160854,1.1824180883607724,1.8966756493207828,33.07971604689536,20.87262729520741,0.6309796391727603,4247,0.82,42
1.2,refractive,0.06488087703632697,0.6347194059449373,1.0010813479506055,1.1824180883607724,1.8966756493207828,0.8272282696225136,2.18604307325429,2.642611662983713,4247,0.82,42
1.3,non_refractive,0.1563708290974351,0.7987850114630498,1.0026061804849573,1.1824180883607724,1.8966756493207828,35.310607750042095,20.157016338311006,0.5708487512024478,4282,0.82,42
1.3,refractive,0.06973219743644232,0.674738983088497,1.0011622032906073,1.1824180883607724,1.8966756493207828,0.8854697354952288,2.3562112134493165,2.6609731750250343,4282,0.82,42
1.4,non_refractive,0.17943992241793424,0.700776604337016,1.0029906653736322,1.1824180883607724,1.8966756493207828,37.60794908074318,35.8470912323048,0.9531785728421969,4294,0.82,42
1.4,refractive,0.07104144006785766,0.6615001688998067,1.001184024001131,1.1824180883607724,1.8966756493207828,0.9007743857266336,2.370266409386675,2.6313652418908835,4294,0.82,42
1.5,non_refractive,0.21714044817621483,0.7455758504480601,1.0036190074696036,1.1824180883607724,1.8966756493207828,39.92271520448139,53.99140098315929,1.3523980196892684,4288,0.82,42
1.5,refractive,0.08605537448778426,0.7149091268370349,1.001434256241463,1.1824180883607724,1.8966756493207828,0.9644557483099023,2.648101402716454,2.7456950796933364,4288,0.82,42
1.7,non_refractive,0.28739049286282753,0.7369281196453177,1.004789841547714,1.1824180883607724,1.8966756493207828,44.69572688443165,96.74926038342817,2.164619911733167,4312,0.82,42
1.7,refractive,0.08840532226763205,0.6727433544815068,1.0014734220377939,1.1824180883607724,1.8966756493207828,1.0228953804570873,2.7344759756521944,2.673270432045823,4312,0.82,42
2.0,non_refractive,0.38817963015727197,0.7807070086135618,1.006469660502621,1.1824180883607724,1.8966756493207828,51.73318193041527,160.79803385778493,3.1082185138750886,4312,0.82,42
2.0,refractive,0.08398681472411691,0.6440548283348534,1.001399780245402,1.1824180883607724,1.8966756493207828,1.1379993368155872,2.967591094095961,2.6077265584354725,4312,0.82,42
2.5,non_refractive,0.6273415777431465,1.0916463116084625,1.0104556929623858,1.1824180883607724,1.8966756493207828,63.37908361533681,260.8722951643179,4.116062907245801,4312,0.82,42
2.5,refractive,0.11438561685292899,0.6914699327492668,1.0019064269475488,1.1824180883607724,1.8966756493207828,1.3645405911060562,3.4114060425965382,2.500039987693846,4312,0.82,42
1.1,non_refractive,0.28529205291264975,1.3237363622890852,1.0047548675485443,1.1824180883607724,1.8966756493207828,48.73296204724922,32.84979381956692,0.6740775122127254,4054,1.2,42
1.1,refractive,0.16032963963756322,1.0135515673819604,1.0026721606606261,1.1824180883607724,1.8966756493207828,1.3546845611464793,3.6444188974413403,2.6902343187236464,4054,1.2,42
1.2,non_refractive,0.21445451239072968,1.1583575095164662,1.0035742418731788,1.1824180883607724,1.8966756493207828,52.182231681133295,24.755479319799303,0.47440438099832644,4247,1.2,42
1.2,refractive,0.13845868240797107,0.9625952316000358,1.0023076447067996,1.1824180883607724,1.8966756493207828,1.3843676581776483,3.5415869610174067,2.5582705144090663,4247,1.2,42
1.3,non_refractive,0.2110002233871288,1.0933673237394268,1.0035166703897855,1.1824180883607724,1.8966756493207828,55.66124578249395,34.04017957146478,0.6115597862197109,4282,1.2,42
1.3,refractive,0.1495689962072794,1.0236250945938983,1.0024928166034546,1.1824180883607724,1.8966756493207828,1.4897888477613788,3.800129845218543,2.5507841939673415,4282,1.2,42
1.4,non_refractive,0.23359557643627854,1.0068062491513083,1.0038932596072714,1.1824180883607724,1.8966756493207828,59.19022072655949,50.62841613322874,0.855351027784072,4294,1.2,42
1.4,refractive,0.149314490145798,1.0100598343511507,1.0024885748357633,1.1824180883607724,1.8966756493207828,1.5394124492128975,3.8246464791305543,2.4844845714259995,4294,1.2,42
1.5,non_refractive,0.2818545319860791,1.0782539051161373,1.0046975755331014,1.1824180883607724,1.8966756493207828,62.76334279395047,67.53304103499454,1.0759949682205867,4288,1.2,42
1.5,refractive,0.1800834574023614,1.099444107231953,1.003001390956706,1.1824180883607724,1.8966756493207828,1.6405151189514995,4.199527051879859,2.5598831753308673,4288,1.2,42
1.7,non_refractive,0.35406775721079836,1.050848698692862,1.0059011292868467,1.1824180883607724,1.8966756493207828,70.04640485859139,109.70349536270008,1.5661545454640795,4312,1.2,42
1.7,refractive,0.1812554503140877,1.0317447635109258,1.0030209241719015,1.1824180883607724,1.8966756493207828,1.7794160064868683,4.333388996860062,2.4352871847070467,4312,1.2,42
2.0,non_refractive,0.45403950056652204,1.0626204892164364,1.0075673250094421,1.1824180883607724,1.8966756493207828,80.84558846328892,173.52460318331555,2.146370710902935,4312,1.2,42
2.0,refractive,0.1731395048575303,0.9751368517288889,1.0028856584142922,1.1824180883607724,1.8966756493207828,2.0203771324839956,4.642250512281974,2.2977148363258597,4312,1.2,42
2.5,non_refractive,0.714039324856519,1.3533185287575897,1.0119006554142753,1.1824180883607724,1.8966756493207828,98.77586095475372,272.80565312874404,2.761865606554502,4312,1.2,42
2.5,refractive,0.22835400517364654,1.046613167552691,1.0038059000862274,1.1824180883607724,1.8966756493207828,2.4516077113577146,5.122128032083502,2.089293490289618,4312,1.2,42
1.1,non_refractive,0.20789435311589124,0.7724868887189992,1.003464905885265,1.2169216660941733,1.9727428619424974,21.388397190176242,41.288872630178346,1.930433228028066,4054,0.25,43
1.1,refractive,0.005375340019555272,0.19940634411891497,1.0000895890003259,1.2169216660941733,1.9727428619424974,0.31345755297922523,1.0126986231750177,3.230736071120084,4054,0.25,43
1.2,non_refractive,0.1771256565253929,0.6536649158482545,1.0029520942754233,1.2169216660941733,1.9727428619424974,23.080092519464884,20.751492426982804,0.8991078527731972,4247,0.25,43
1.2,refractive,0.00516773942898206,0.18723549312550875,1.000086128990483,1.2169216660941733,1.9727428619424974,0.31743902049708184,0.9294857936550823,2.9280766813090233,4247,0.25,43
1.3,non_refractive,0.14092772462321512,0.4367370975663359,1.002348795410387,1.2169216660941733,1.9727428619424974,24.683341305527605,12.417643465078433,0.5030778982218918,4282,0.25,43
1.3,refractive,0.00544599808242331,0.20087973443474264,1.000090766634707,1.2169216660941733,1.9727428619424974,0.3419989333969862,0.9320337669311973,2.7252534318559096,4282,0.25,43
1.4,non_refractive,0.14392841043085086,0.32212216600438465,1.002398806840514,1.2169216660941733,1.9727428619424974,26.328817586372097,28.551149810714712,1.0844068373770384,4294,0.25,43
1.4,refractive,0.006249956115473997,0.1930981312465283,1.0001041659352579,1.2169216660941733,1.9727428619424974,0.35296183842393897,0.8939801309752217,2.532795429010292,4294,0.25,43
1.5,non_refractive,0.12896616875267125,0.28602332981068657,1.0021494361458778,1.2169216660941733,1.9727428619424974,27.830327397364492,48.68246104707628,1.7492593727692356,4288,0.25,43
1.5,refractive,0.007462851774807035,0.20706800366500333,1.0001243808629134,1.2169216660941733,1.9727428619424974,0.37288384444623995,0.9247127651136116,2.479894956261455,4288,0.25,43
1.7,non_refractive,0.16640770148673445,0.30746739341104296,1.0027734616914457,1.2169216660941733,1.9727428619424974,31.261355631567227,92.10373515355882,2.946248916363496,4312,0.25,43
1.7,refractive,0.009541221328961225,0.19554996421669357,1.0001590203554827,1.2169216660941733,1.9727428619424974,0.39980681870239493,0.8398528251796756,2.100646577028089,4312,0.25,43
2.0,non_refractive,0.2459703424190589,0.4334885290999051,1.0040995057069844,1.2169216660941733,1.9727428619424974,36.29884514960947,156.45005665062087,4.310056036377898,4312,0.25,43
2.0,refractive,0.009758798974226641,0.19038831902569914,1.0001626466495706,1.2169216660941733,1.9727428619424974,0.45454809537552665,0.7531998898626203,1.657030130640766,4312,0.25,43
2.5,non_refractive,0.37719618827355783,0.7464967187407335,1.0062866031378925,1.2169216660941733,1.9727428619424974,44.67636370360908,259.4892725268081,5.808200377459231,4312,0.25,43
2.5,refractive,0.0159860327364465,0.20507465502000008,1.0002664338789409,1.2169216660941733,1.9727428619424974,0.5426380778016114,0.7364480853322455,1.3571625646246872,4312,0.25,43
1.1,non_refractive,0.22186501256073007,0.8610228337083295,1.0036977502093456,1.2169216660941733,1.9727428619424974,23.945113620455913,39.8042732968325,1.662312984926844,4054,0.5,43
1.1,refractive,0.02470755719236631,0.4004507368624765,1.0004117926198728,1.2169216660941733,1.9727428619424974,0.6808530114068556,2.156094718096914,3.1667550586899025,4054,0.5,43
1.2,non_refractive,0.19075288544231955,0.7443422510854969,1.003179214757372,1.2169216660941733,1.9727428619424974,25.820360582817145,19.815796521706833,0.7674484815248394,4247,0.5,43
1.2,refractive,0.022740261384910868,0.37710665592126885,1.0003790043564151,1.2169216660941733,1.9727428619424974,0.6928830760254804,2.0109770388352746,2.9023324546627003,4247,0.5,43
1.3,non_refractive,0.15617532243754928,0.5700545789265501,1.0026029220406258,1.2169216660941733,1.9727428619424974,27.602946977614888,14.174645745389808,0.5135192904179758,4282,0.5,43
1.3,refractive,0.024281370776502224,0.40309583039141417,1.0004046895129417,1.2169216660941733,1.9727428619424974,0.7487895420509538,2.0028157672623617,2.6747379000200744,4282,0.5,43
1.4,non_refractive,0.15887548449448788,0.4736635425290593,1.0026479247415747,1.2169216660941733,1.9727428619424974,29.421905958719194,30.634292199379335,1.0412069239280826,4294,0.5,43
1.4,refractive,0.024989943926910407,0.3910339405832707,1.0004164990654485,1.2169216660941733,1.9727428619424974,0.772250770665643,1.911787108428939,2.4756040149769882,4294,0.5,43
1.5,non_refractive,0.14565300476610415,0.4609844502609475,1.002427550079435,1.2169216660941733,1.9727428619424974,31.097143789774613,50.58594694400067,1.6267071756163785,4288,0.5,43
1.5,refractive,0.03000374108414579,0.4197939001728965,1.0005000623514024,1.2169216660941733,1.9727428619424974,0.8180736641540561,1.9518858261412266,2.3859536269996044,4288,0.5,43
1.7,non_refractive,0.18477438693841358,0.4622185801555744,1.0030795731156403,1.2169216660941733,1.9727428619424974,34.88769334998776,93.89538227335538,2.6913611436391602,4312,0.5,43
1.7,refractive,0.03323260178132999,0.39619304757423224,1.0005538766963555,1.2169216660941733,1.9727428619424974,0.8792303823488976,1.774901698840346,2.018699233412099,4312,0.5,43
2.0,non_refractive,0.2638065325433578,0.5520198730194926,1.0043967755423893,1.2169216660941733,1.9727428619424974,40.46679616024445,158.17372688316854,3.9087286835561796,4312,0.5,43
2.0,refractive,0.03278745211818722,0.38446831059209463,1.0005464575353031,1.2169216660941733,1.9727428619424974,0.9989045781207643,1.576042968757836,1.5777712939536628,4312,0.5,43
2.5,non_refractive,0.4018571082393717,0.8281472378742837,1.0066976184706562,1.2169216660941733,1.9727428619424974,49.735235540572674,261.0042501601242,5.247874013730244,4312,0.5,43
2.5,refractive,0.047448493038035,0.41310792099102833,1.0007908082173005,1.2169216660941733,1.9727428619424974,1.1958764674684013,1.4563850490366923,1.2178390399468033,4312,0.5,43
1.1,non_refractive,0.2537453908589333,1.0329013440984411,1.004229089847649,1.2169216660941733,1.9727428619424974,20.511227184171663,41.09958089001543,2.0037602100049687,4054,0.82,43
1.1,refractive,0.0699280958643479,0.6676535774270957,1.0011654682644058,1.2169216660941733,1.9727428619424974,1.3264032709533997,3.5840616878787523,2.7020905077402135,4054,0.82,43
1.2,non_refractive,0.22068944576606842,0.9163280058504197,1.0036781574294344,1.2169216660941733,1.9727428619424974,22.165773226576853,20.510525988246005,0.92532418240451,4247,0.82,43
1.2,refractive,0.06271803309810661,0.6324811838652631,1.001045300551635,1.2169216660941733,1.9727428619424974,1.3594730735648262,3.3944838205211423,2.4969114037838844,4247,0.82,43
1.3,non_refractive,0.1893514542962103,0.7921111894172087,1.0031558575716035,1.2169216660941733,1.9727428619424974,23.70091939453466,12.26104668011664,0.51732367323033,4282,0.82,43
1.3,refractive,0.0675006069311026,0.6733749242208731,1.0011250101155185,1.2169216660941733,1.9727428619424974,1.46107688509499,3.3650070413243083,2.3031005935772755,4282,0.82,43
1.4,non_refractive,0.19163859323286073,0.7073480706712861,1.003193976553881,1.2169216660941733,1.9727428619424974,25.280301556621886,28.478590436975455,1.1265130826541037,4294,0.82,43
1.4,refractive,0.0675264100467398,0.6591857933257601,1.0011254401674456,1.2169216660941733,1.9727428619424974,1.5130004732208333,3.19217428499421,2.1098303282078943,4294,0.82,43
1.5,non_refractive,0.18281107176823,0.7182281471475619,1.0030468511961372,1.2169216660941733,1.9727428619424974,26.73033458813647,48.751594105747195,1.823830298307761,4288,0.82,43
1.5,refractive,0.08082842755678751,0.7109466570921463,1.0013471404592797,1.2169216660941733,1.9727428619424974,1.5964774275246927,3.267741122765919,2.0468445506507966,4288,0.82,43
1.7,non_refractive,0.22327767493977735,0.698623323781229,1.0037212945823297,1.2169216660941733,1.9727428619424974,30.056587094301786,92.08461003282312,3.063708123078311,4312,0.82,43
1.7,refractive,0.08444263550818702,0.6687848041403864,1.0014073772584697,1.2169216660941733,1.9727428619424974,1.7166491554816292,2.9895937817321045,1.7415287056098152,4312,0.82,43
2.0,non_refractive,0.30132569515129753,0.7565256799253572,1.0050220949191884,1.2169216660941733,1.9727428619424974,34.94947286303455,156.29811458119082,4.472116509273724,4312,0.82,43
2.0,refractive,0.08200008215828081,0.6439230492636028,1.0013666680359714,1.2169216660941733,1.9727428619424974,1.9413453825509854,2.677303382842443,1.3790968917258746,4312,0.82,43
2.5,non_refractive,0.45100356094215666,0.9962897101066485,1.0075167260157025,1.2169216660941733,1.9727428619424974,43.06651516627662,259.0307518934131,6.014667100259088,4312,0.82,43
2.5,refractive,0.11129009557734762,0.6901604578498975,1.001854834926289,1.2169216660941733,1.9727428619424974,2.32116688216678,2.4155583521119075,1.0406655250298134,4312,0.82,43
1.1,non_refractive,0.30697462914982837,1.2907903610758908,1.0051162438191639,1.2169216660941733,1.9727428619424974,26.485494994913168,38.217876225836875,1.4429738327781694,4054,1.2,43
1.1,refractive,0.15229344725012495,1.0066307320975885,1.0025382241208354,1.2169216660941733,1.9727428619424974,2.141357313672765,5.778727925905862,2.698628523604234,4054,1.2,43
1.2,non_refractive,0.2697877143083609,1.1705483307523767,1.0044964619051393,1.2169216660941733,1.9727428619424974,28.561999272602826,18.935945290276713,0.6629768844102032,4247,1.2,43
1.2,refractive,0.13495536553521043,0.9601625821844963,1.0022492560922536,1.2169216660941733,1.9727428619424974,2.227807971314865,5.541215355507395,2.4872948776805655,4247,1.2,43
1.3,non_refractive,0.2439864783359575,1.0903316754333388,1.0040664413055993,1.2169216660941733,1.9727428619424974,30.51555547052972,16.334410622152532,0.535281444833191,4282,1.2,43
1.3,refractive,0.14602831038949762,1.022481704905663,1.0024338051731583,1.2169216660941733,1.9727428619424974,2.404937879061478,5.46801313810265,2.273660864885429,4282,1.2,43
1.4,non_refractive,0.245531116088661,1.0113748711569812,1.0040921852681444,1.2169216660941733,1.9727428619424974,32.51105100813194,32.84386372080456,1.010236910292115,4294,1.2,43
1.4,refractive,0.14472074500290863,1.0068739913935205,1.002412012416715,1.2169216660941733,1.9727428619424974,2.5115489969792124,5.185906109490299,2.064823786327757,4294,1.2,43
1.5,non_refractive,0.24547626597107336,1.048168405039542,1.0040912710995178,1.2169216660941733,1.9727428619424974,34.374144253826074,52.78806217159941,1.535690947876433,4288,1.2,43
1.5,refractive,0.17269309761799914,1.0954059435598467,1.0028782182936333,1.2169216660941733,1.9727428619424974,2.656856100190762,5.229289469655557,1.9682245753844532,4288,1.2,43
1.7,non_refractive,0.28687075954636343,1.0057020817436464,1.0047811793257728,1.2169216660941733,1.9727428619424974,38.542269671625185,95.88778216212185,2.487860288952169,4312,1.2,43
1.7,refractive,0.17553881508515382,1.025367929905934,1.0029256469180858,1.2169216660941733,1.9727428619424974,2.8999330786879853,4.797349741223547,1.6542967065274516,4312,1.2,43
2.0,non_refractive,0.3638116217636981,1.0370158572480466,1.006063527029395,1.2169216660941733,1.9727428619424974,44.70746734893638,160.07538799058867,3.5805067359602276,4312,1.2,43
2.0,refractive,0.16916498586201517,0.9752819648200532,1.0028194164310336,1.2169216660941733,1.9727428619424974,3.3254550170720703,4.291332035144038,1.2904495815199402,4312,1.2,43
2.5,non_refractive,0.5318884072167074,1.2574223463189045,1.0088648067869452,1.2169216660941733,1.9727428619424974,54.9534333097252,262.4544469091148,4.775942668220291,4312,1.2,43
2.5,refractive,0.22178367919955955,1.0439916197942658,1.003696394653326,1.2169216660941733,1.9727428619424974,4.028994991717795,3.7099729910023447,0.9208184667960005,4312,1.2,43
1.1,non_refractive,0.22055462449587354,0.8921290362357966,1.0036759104082646,1.2232582894305215,2.0370421038025053,18.38876408673971,67.00125485071494,3.6435974997922838,4054,0.25,44
1.1,refractive,0.0044220298094979705,0.19973382773728568,1.000073700496825,1.2232582894305215,2.0370421038025053,0.5007628269415065,1.1569028899273106,2.3102810905379902,4054,0.25,44
1.2,non_refractive,0.2054473280565621,0.7648635281753726,1.0034241221342761,1.2232582894305215,2.0370421038025053,20.212543280022313,45.96221685304971,2.273945253513835,4247,0.25,44
1.2,refractive,0.005107149107385885,0.18804157051903514,1.0000851191517897,1.2232582894305215,2.0370421038025053,0.5081801551808373,1.1650798461866234,2.2926512070744414,4247,0.25,44
1.3,non_refractive,0.18117857704977067,0.5380164707678421,1.0030196429508296,1.2232582894305215,2.0370421038025053,21.701449822043188,25.220694694054473,1.1621663483716476,4282,0.25,44
1.3,refractive,0.004748153673525491,0.20106430492558164,1.0000791358945587,1.2232582894305215,2.0370421038025053,0.5419408768673492,1.1474624132750797,2.11732028760758,4282,0.25,44
1.4,non_refractive,0.20542710864917751,0.41501238864490286,1.003423785144153,1.2232582894305215,2.0370421038025053,23.326330815572515,8.268071084247685,0.3544522775407083,4294,0.25,44
1.4,refractive,0.005550470596111235,0.1933935310721966,1.0000925078432685,1.2232582894305215,2.0370421038025053,0.5665104695352856,1.1506353627577248,2.031092847589565,4294,0.25,44
1.5,non_refractive,0.19615534310064742,0.37003191777353184,1.003269255718344,1.2232582894305215,2.0370421038025053,24.66961164021408,18.528136223042534,0.7510509890978466,4288,0.25,44
1.5,refractive,0.006521432656737192,0.20729732869209516,1.0001086905442789,1.2232582894305215,2.0370421038025053,0.6001190880383234,1.163566935276202,1.9388933937756985,4288,0.25,44
1.7,non_refractive,0.2757910237351009,0.384376416852665,1.0045965170622517,1.2232582894305215,2.0370421038025053,27.940068291071615,59.110125518311264,2.115604189027705,4312,0.25,44
1.7,refractive,0.009207846308838297,0.19515165278767638,1.0001534641051473,1.2232582894305215,2.0370421038025053,0.6447745142200749,1.161329164713077,1.801139994061073,4312,0.25,44
2.0,non_refractive,0.41112402816591087,0.5362163942728442,1.0068520671360985,1.2232582894305215,2.0370421038025053,33.1335457385799,119.7724610998879,3.614839837694393,4312,0.25,44
2.0,refractive,0.009237487347999873,0.19024496535933325,1.0001539581224668,1.2232582894305215,2.0370421038025053,0.7127423016871454,1.1780728890234087,1.6528735368095466,4312,0.25,44
2.5,non_refractive,0.6255257654609574,0.8282146225396392,1.0104254294243493,1.2232582894305215,2.0370421038025053,41.273292667672855,216.07352181583133,5.235189824946292,4312,0.25,44
2.5,refractive,0.015211853278521497,0.20531839193602935,1.0002535308879754,1.2232582894305215,2.0370421038025053,0.8619558048971238,1.232489438472378,1.4298754431144858,4312,0.25,44
1.1,non_refractive,0.23130713303354225,0.9705674219362401,1.0038551188838924,1.2232582894305215,2.0370421038025053,24.997637276803324,64.6398986067052,2.5858403292653622,4054,0.5,44
1.1,refractive,0.022437693307068293,0.4006605557376633,1.0003739615551177,1.2232582894305215,2.0370421038025053,0.996536947443893,2.242512220689732,2.2503051456764878,4054,0.5,44
1.2,non_refractive,0.21779855012784544,0.8474551721742581,1.003629975835464,1.2232582894305215,2.0370421038025053,27.256881767400525,43.45555374252874,1.5942965931819086,4247,0.5,44
1.2,refractive,0.022361570882028753,0.37804260457703354,1.0003726928480339,1.2232582894305215,2.0370421038025053,1.0114019988684984,2.245109995538975,2.219799840271902,4247,0.5,44
1.3,non_refractive,0.19555282207105,0.6574281239357926,1.0032592137011842,1.2232582894305215,2.0370421038025053,29.173741301130814,23.456662306456348,0.8040333964827178,4282,0.5,44
1.3,refractive,0.022722725420881027,0.40302058145196595,1.000378712090348,1.2232582894305215,2.0370421038025053,1.081937996432114,2.216214230918272,2.0483745262913757,4282,0.5,44
1.4,non_refractive,0.21934015485903097,0.545833550574317,1.0036556692476506,1.2232582894305215,2.0370421038025053,31.236127232227243,9.873866248590065,0.31610404757229005,4294,0.5,44
1.4,refractive,0.023304049516545574,0.3910649870332484,1.0003884008252757,1.2232582894305215,2.0370421038025053,1.1337697983239674,2.207951834507872,1.9474428034437412,4294,0.5,44
1.5,non_refractive,0.21186314977974596,0.5221680679935854,1.003531052496329,1.2232582894305215,2.0370421038025053,33.01430172636946,21.769543936383556,0.6593973762284847,4288,0.5,44
1.5,refractive,0.02786768339395101,0.41898531482518936,1.0004644613898992,1.2232582894305215,2.0370421038025053,1.1994772063716734,2.2377095317916504,1.8655707002224327,4288,0.5,44
1.7,non_refractive,0.2937644067259463,0.5172243972230971,1.0048960734454324,1.2232582894305215,2.0370421038025053,37.15351683830783,61.86153409399949,1.6650249924716682,4312,0.5,44
1.7,refractive,0.03224133042716406,0.394643344671471,1.0005373555071193,1.2232582894305215,2.0370421038025053,1.293363939455814,2.224092038833752,1.7196180989625733,4312,0.5,44
2.0,non_refractive,0.43007912759980316,0.6421691294220307,1.0071679854599966,1.2232582894305215,2.0370421038025053,43.65590553110632,122.48668911589832,2.8057301211773598,4312,0.5,44
2.0,refractive,0.03156421232917966,0.3838778383764872,1.0005260702054863,1.2232582894305215,2.0370421038025053,1.4366226637403425,2.2439589159244533,1.5619681998348525,4312,0.5,44
2.5,non_refractive,0.6545174180746003,0.9189111637965169,1.0109086236345766,1.2232582894305215,2.0370421038025053,53.98865975753647,218.47027458609938,4.04659562892006,4312,0.5,44
2.5,refractive,0.04604145071857327,0.4136299523179376,1.0007673575119762,1.2232582894305215,2.0370421038025053,1.7411686164706577,2.382504985424638,1.3683367382614364,4312,0.5,44
1.1,non_refractive,0.26337297663286996,1.1290568583883505,1.004389549610548,1.2232582894305215,2.0370421038025053,26.94980893379131,64.99950736482774,2.411872660192681,4054,0.82,44
1.1,refractive,0.06788601763576675,0.668043073745333,1.0011314336272628,1.2232582894305215,2.0370421038025053,1.6730433222658163,3.9599590188427998,2.3669195926617097,4054,0.82,44
1.2,non_refractive,0.24886286999183702,1.0065942542707706,1.0041477144998638,1.2232582894305215,2.0370421038025053,29.322529898691933,43.81089470356578,1.4941035052204061,4247,0.82,44
1.2,refractive,0.06340519006849171,0.6334340203945147,1.0010567531678083,1.2232582894305215,2.0370421038025053,1.7125427338482677,3.9898350279158534,2.3297725359239734,4247,0.82,44
1.3,non_refractive,0.2304224959224065,0.8673608427068251,1.0038403749320401,1.2232582894305215,2.0370421038025053,31.346139672759115,23.945598606938784,0.7639090126223211,4282,0.82,44
1.3,refractive,0.06595062511937759,0.6727945680289045,1.001099177085323,1.2232582894305215,2.0370421038025053,1.8383874138990148,3.9349435366618164,2.140432156417041,4282,0.82,44
1.4,non_refractive,0.25246994811796436,0.7642485044058435,1.0042078324686328,1.2232582894305215,2.0370421038025053,33.50881168117233,10.542166605644956,0.3146087872632113,4294,0.82,44
1.4,refractive,0.06551621256721157,0.658659709165206,1.0010919368761202,1.2232582894305215,2.0370421038025053,1.9363842913404397,3.9044024691213446,2.0163365746055333,4294,0.82,44
1.5,non_refractive,0.24945237370693898,0.7650419367028625,1.0041575395617823,1.2232582894305215,2.0370421038025053,35.38145036166294,21.833206761285375,0.6170806040484544,4288,0.82,44
1.5,refractive,0.07822947652651138,0.7082392282669712,1.001303824608775,1.2232582894305215,2.0370421038025053,2.051435813395883,3.945806309905267,1.9234363971512722,4288,0.82,44
1.7,non_refractive,0.33244325312113665,0.7377187676636378,1.0055407208853522,1.2232582894305215,2.0370421038025053,39.72943145154251,61.68399512688471,1.5526020099764053,4312,0.82,44
1.7,refractive,0.0831188327184007,0.6651323709061155,1.00138531387864,1.2232582894305215,2.0370421038025053,2.2314279917530486,3.9293634770428905,1.7609187890288647,4312,0.82,44
2.0,non_refractive,0.4679775126175672,0.8350090384847794,1.0077996252102928,1.2232582894305215,2.0370421038025053,46.551840107589136,122.26921207682747,2.6265172718037086,4312,0.82,44
2.0,refractive,0.07964951527645481,0.6423985083050741,1.0013274919212742,1.2232582894305215,2.0370421038025053,2.5008870066712854,3.958302564679897,1.5827594585924343,4312,0.82,44
2.5,non_refractive,0.7051549714647524,1.0930677390221861,1.0117525828577458,1.2232582894305215,2.0370421038025053,57.41813668471491,218.13829966743364,3.7991184016513637,4312,0.82,44
2.5,refractive,0.10765780063715104,0.6909601877945274,1.001794296677286,1.2232582894305215,2.0370421038025053,3.0559228925393445,4.170222203035082,1.3646359380389343,4312,0.82,44
1.1,non_refractive,0.32186187269523475,1.3746951805612144,1.0053643645449206,1.2232582894305215,2.0370421038025053,26.113090601008302,66.59689872982881,2.5503261849540437,4054,1.2,44
1.1,refractive,0.1517900440362343,1.008245637011767,1.0025298340672706,1.2232582894305215,2.0370421038025053,2.869597841738276,6.355575603955629,2.214796621155005,4054,1.2,44
1.2,non_refractive,0.30346435299207586,1.2488885547551722,1.0050577392165345,1.2232582894305215,2.0370421038025053,28.42770033987646,45.76578938541841,1.6099012174129768,4247,1.2,44
1.2,refractive,0.137388571514508,0.9607081350244838,1.0022898095252417,1.2232582894305215,2.0370421038025053,2.976623376358834,6.4792620485622505,2.176715435356163,4247,1.2,44
1.3,non_refractive,0.2906030683689003,1.1585726622804728,1.004843384472815,1.2232582894305215,2.0370421038025053,30.414890437869847,25.490153197271113,0.838081374954851,4282,1.2,44
1.3,refractive,0.14473276652746253,1.0204683954719065,1.0024122127754578,1.2232582894305215,2.0370421038025053,3.1965112304072116,6.413670468357964,2.0064595448147102,4282,1.2,44
1.4,non_refractive,0.31011474926855387,1.0608834609871305,1.005168579154476,1.2232582894305215,2.0370421038025053,32.48632297232988,10.623058079330288,0.3270009378524754,4294,1.2,44
1.4,refractive,0.14221540170625577,1.0050594091169103,1.0023702566951043,1.2232582894305215,2.0370421038025053,3.383304106802379,6.387551671847308,1.887962615895116,4294,1.2,44
1.5,non_refractive,0.31592723943477086,1.0874238921640427,1.0052654539905794,1.2232582894305215,2.0370421038025053,34.23761672191592,20.260758457915575,0.591768948828334,4288,1.2,44
1.5,refractive,0.16958306425342884,1.0880497925983814,1.0028263844042238,1.2232582894305215,2.0370421038025053,3.5817675240637206,6.447732669939361,1.8001538700155613,4288,1.2,44
1.7,non_refractive,0.39816906142905123,1.035369334440304,1.0066361510238175,1.2232582894305215,2.0370421038025053,38.427621882517975,60.09549399384488,1.5638619058335315,4312,1.2,44
1.7,refractive,0.17319022687470365,1.0166366211566409,1.002886503781245,1.2232582894305215,2.0370421038025053,3.930938290130777,6.499420373336605,1.6534017818734006,4312,1.2,44
2.0,non_refractive,0.5309556737507182,1.1090904823929377,1.0088492612291786,1.2232582894305215,2.0370421038025053,44.98689452535117,120.50491089247329,2.6786670243389654,4312,1.2,44
2.0,refractive,0.1652062269309923,0.9716096900689024,1.0027534371155165,1.2232582894305215,2.0370421038025053,4.445819807387804,6.658514784597505,1.4977023525633615,4312,1.2,44
2.5,non_refractive,0.7854848089863119,1.357832249200537,1.0130914134831053,1.2232582894305215,2.0370421038025053,55.47625774403742,216.37158792743307,3.9002556539727786,4312,1.2,44
2.5,refractive,0.21501974624652453,1.0442461955860678,1.0035836624374421,1.2232582894305215,2.0370421038025053,5.451150038944634,7.125970688901452,1.3072417082618166,4312,1.2,44
1.1,non_refractive,0.2217745333225478,0.8086034056661788,1.0036962422220426,1.2388241104774134,1.9662840143592777,21.821409081237064,51.18149587212762,2.3454716275006984,4054,0.25,45
1.1,refractive,0.005214964727095954,0.19951271983879246,1.0000869160787849,1.2388241104774134,1.9662840143592777,0.5091895682059278,0.7365918671971488,1.4465965392662057,4054,0.25,45
1.2,non_refractive,0.19230220911522045,0.6990108790043884,1.003205036818587,1.2388241104774134,1.9662840143592777,23.373849245081843,30.057483718070955,1.285944963660422,4247,0.25,45
1.2,refractive,0.004681108394036983,0.1869071215162412,1.0000780184732339,1.2388241104774134,1.9662840143592777,0.5228029735633519,0.6558746241105693,1.2545349917201496,4247,0.25,45
1.3,non_refractive,0.15588962888386818,0.5016077186190826,1.0025981604813978,1.2388241104774134,1.9662840143592777,25.058930792026615,12.863747474342768,0.5133398380443202,4282,0.25,45
1.3,refractive,0.005134950349741795,0.20142501000468221,1.000085582505829,1.2388241104774134,1.9662840143592777,0.5415186474287423,0.6916598552633059,1.2772595339929091,4282,0.25,45
1.4,non_refractive,0.1528746259920714,0.35864851147103216,1.0025479104332011,1.2388241104774134,1.9662840143592777,26.925669734406508,18.263151119345263,0.6782802916136199,4294,0.25,45
1.4,refractive,0.004869428244080888,0.1930962311287161,1.0000811571374013,1.2388241104774134,1.9662840143592777,0.5557630781230811,0.671879101422632,1.2089307977991213,4294,0.25,45
1.5,non_refractive,0.1374317960776407,0.31805142154270694,1.0022905299346274,1.2388241104774134,1.9662840143592777,28.390679768495936,36.7119426012727,1.2930984006240864,4288,0.25,45
1.5,refractive,0.006737344567477607,0.20737789381940364,1.0001122890761247,1.2388241104774134,1.9662840143592777,0.5827149550040783,0.7502789617634614,1.2875574160580971,4288,0.25,45
1.7,non_refractive,0.16165251985012274,0.28630493128443274,1.0026942086641688,1.2388241104774134,1.9662840143592777,31.83808550145408,79.0500849209505,2.4828780900579024,4312,0.25,45
1.7,refractive,0.009643919706959525,0.1955896748405405,1.000160731995116,1.2388241104774134,1.9662840143592777,0.6105872947346718,0.6872705494083655,1.1255893388790805,4312,0.25,45
2.0,non_refractive,0.2199088100969353,0.39577779594312795,1.003665146834949,1.2388241104774134,1.9662840143592777,36.957379004772775,142.49134205505084,3.855558643286071,4312,0.25,45
2.0,refractive,0.009624202586112655,0.1901782082882687,1.0001604033764353,1.2388241104774134,1.9662840143592777,0.6553168555200999,0.6707488092521349,1.0235488429788475,4312,0.25,45
2.5,non_refractive,0.34361670659471816,0.7372502138030248,1.005726945109912,1.2388241104774134,1.9662840143592777,45.52964060150416,243.93465058142937,5.357710874910146,4312,0.25,45
2.5,refractive,0.015786698024626556,0.20520995854233043,1.0002631116337437,1.2388241104774134,1.9662840143592777,0.7576964809429951,0.7297831112739563,0.9631602226338717,4312,0.25,45
1.1,non_refractive,0.23671455960410334,0.8940852457370511,1.0039452426600683,1.2388241104774134,1.9662840143592777,11.263904981519211,58.00911743756663,5.150000602166185,4054,0.5,45
1.1,refractive,0.023930205382784696,0.4009890641772444,1.0003988367563796,1.2388241104774134,1.9662840143592777,1.0595720434730962,1.487696360277792,1.4040539946688073,4054,0.5,45
1.2,non_refractive,0.20718532564771766,0.7813979556983714,1.0034530887607953,1.2388241104774134,1.9662840143592777,12.196388138277683,36.2408471191916,2.971440946967875,4247,0.5,45
1.2,refractive,0.02125966613472589,0.37616846705261736,1.0003543277689122,1.2388241104774134,1.9662840143592777,1.0868110730981044,1.3314050397939874,1.2250565647979959,4247,0.5,45
1.3,non_refractive,0.17222161585848084,0.6213137201148108,1.002870360264308,1.2388241104774134,1.9662840143592777,13.01466535810454,15.693852037470625,1.2058590525109192,4282,0.5,45
1.3,refractive,0.023349807325222197,0.4046775533574852,1.0003891634554203,1.2388241104774134,1.9662840143592777,1.125664623749341,1.4049918252957232,1.2481442479874731,4282,0.5,45
1.4,non_refractive,0.16846265146098066,0.5022328375862289,1.002807710857683,1.2388241104774134,1.9662840143592777,14.064728310502007,9.560555305381547,0.6797539983934682,4294,0.5,45
1.4,refractive,0.02175697331531573,0.39045138238325633,1.000362616221922,1.2388241104774134,1.9662840143592777,1.15958047514002,1.3572957694485552,1.170505884280831,4294,0.5,45
1.5,non_refractive,0.15550161446286,0.48957371615176387,1.002591693574381,1.2388241104774134,1.9662840143592777,14.908990641815956,28.894510593126988,1.9380594761448957,4288,0.5,45
1.5,refractive,0.028094053342533728,0.41992744750098404,1.0004682342223756,1.2388241104774134,1.9662840143592777,1.2097516140266547,1.5074458682969305,1.246078823800368,4288,0.5,45
1.7,non_refractive,0.18068518216240262,0.4440474426114299,1.0030114197027067,1.2388241104774134,1.9662840143592777,16.876976067213437,71.32069141646481,4.225916487196903,4312,0.5,45
1.7,refractive,0.03304103979326135,0.39625726747322465,1.0005506839965543,1.2388241104774134,1.9662840143592777,1.271649377148423,1.3737075916234005,1.080256567815757,4312,0.5,45
2.0,non_refractive,0.23792842857039356,0.5229504121647283,1.0039654738095065,1.2388241104774134,1.9662840143592777,19.89042579743463,134.89743493872194,6.782028515252818,4312,0.5,45
2.0,refractive,0.03208758300879627,0.3839612027165636,1.0005347930501467,1.2388241104774134,1.9662840143592777,1.3697299986159008,1.3229782101348309,0.9658678801454942,4312,0.5,45
2.5,non_refractive,0.36868804722333015,0.8246981746180458,1.0061448007870555,1.2388241104774134,1.9662840143592777,24.8041496584505,236.45991099881385,9.533078708798008,4312,0.5,45
2.5,refractive,0.046819169085313805,0.4135842109815742,1.0007803194847553,1.2388241104774134,1.9662840143592777,1.581187377584754,1.4136293297017044,0.894030239389469,4312,0.5,45
1.1,non_refractive,0.27157506584148544,1.0626481034988235,1.004526251097358,1.2388241104774134,1.9662840143592777,16.937417466035775,54.77540850946398,3.2339882168756766,4054,0.82,45
1.1,refractive,0.06849146619652959,0.6697466884387764,1.0011415244366089,1.2388241104774134,1.9662840143592777,1.7556560364510214,2.4731098438227734,1.4086528297547691,4054,0.82,45
1.2,non_refractive,0.24092801531748356,0.9444707857470027,1.004015466921958,1.2388241104774134,1.9662840143592777,18.249848134517425,33.13180263724715,1.815456347528847,4247,0.82,45
1.2,refractive,0.059445798732932105,0.6299498184677889,1.0009907633122155,1.2388241104774134,1.9662840143592777,1.80567388803043,2.2152581173979695,1.2268317840129486,4247,0.82,45
1.3,non_refractive,0.20834120564767353,0.8303776080072327,1.0034723534274612,1.2388241104774134,1.9662840143592777,19.539348819292144,14.020831379586504,0.7175690197895981,4282,0.82,45
1.3,refractive,0.06579720232179276,0.6770256373758776,1.0010966200386966,1.2388241104774134,1.9662840143592777,1.8729799557304034,2.320965732740567,1.2391834336718586,4282,0.82,45
1.4,non_refractive,0.20343840578559574,0.7310019537162514,1.0033906400964265,1.2388241104774134,1.9662840143592777,21.026074699709206,13.812556887353217,0.6569251315151204,4294,0.82,45
1.4,refractive,0.061572041127264554,0.6575726727855571,1.0010262006854544,1.2388241104774134,1.9662840143592777,1.9340331180967745,2.224438335474281,1.1501552453575798,4294,0.82,45
1.5,non_refractive,0.1957437398372762,0.7456406971392007,1.0032623956639546,1.2388241104774134,1.9662840143592777,22.23634749725128,32.622231952489834,1.4670679146619015,4288,0.82,45
1.5,refractive,0.07764270975009531,0.7109940774238724,1.0012940451625016,1.2388241104774134,1.9662840143592777,2.016121822372162,2.452106934382938,1.2162493888875212,4288,0.82,45
1.7,non_refractive,0.22170917971721918,0.6820939251403955,1.0036951529952869,1.2388241104774134,1.9662840143592777,25.04012315053729,74.7676399767679,2.985913428910736,4312,0.82,45
1.7,refractive,0.08393261871425017,0.6691032446096545,1.0013988769785709,1.2388241104774134,1.9662840143592777,2.1278213377938986,2.229628135756988,1.047845557404101,4312,0.82,45
2.0,non_refractive,0.2769888661156684,0.735397544015698,1.0046164811019278,1.2388241104774134,1.9662840143592777,29.279908816323786,138.24377357310405,4.721455057811929,4312,0.82,45
2.0,refractive,0.08075621437889599,0.6430738537525378,1.001345936906315,1.2388241104774134,1.9662840143592777,2.306415421041412,2.1422299170562162,0.928813559566359,4312,0.82,45
2.5,non_refractive,0.41994172040826055,0.9992144360733073,1.006999028673471,1.2388241104774134,1.9662840143592777,36.268862286904394,239.40649620651487,6.60088244049931,4312,0.82,45
2.5,refractive,0.11059068605360285,0.6916528652318964,1.0018431781008934,1.2388241104774134,1.9662840143592777,2.677473813755071,2.363351433035975,0.8826795694115307,4312,0.82,45
1.1,non_refractive,0.3315586738551984,1.32136304190604,1.0055259778975867,1.2388241104774134,1.9662840143592777,6.393200322684295,63.55393865598702,9.940864582404139,4054,1.2,45
1.1,refractive,0.14920664656788787,1.01179573137048,1.0024867774427981,1.2388241104774134,1.9662840143592777,2.6029096442054573,3.6519308118105727,1.403018664109384,4054,1.2,45
1.2,non_refractive,0.298063436028977,1.193831234394992,1.0049677239338164,1.2388241104774134,1.9662840143592777,6.960826327262253,42.01414189712642,6.035798039174884,4247,1.2,45
1.2,refractive,0.12877019583092816,0.9549506853125829,1.0021461699305154,1.2388241104774134,1.9662840143592777,2.68093173774679,3.270211007449728,1.2198039067560156,4247,1.2,45
1.3,non_refractive,0.26919275309350904,1.1226372889446186,1.0044865458848917,1.2388241104774134,1.9662840143592777,7.223101477113649,20.631772632999244,2.8563592382539387,4282,1.2,45
1.3,refractive,0.14310520674758784,1.02966483326685,1.0023850867791264,1.2388241104774134,1.9662840143592777,2.7800452206190007,3.4128140420805275,1.2276109815654854,4282,1.2,45
1.4,non_refractive,0.2624145687289996,1.0342818274789234,1.0043735761454833,1.2388241104774134,1.9662840143592777,7.598542468336538,5.208338159381589,0.6854391063924383,4294,1.2,45
1.4,refractive,0.13503579641192612,1.0031758236269965,1.0022505966068653,1.2388241104774134,1.9662840143592777,2.8705812430173596,3.2644591798612,1.1372119105849876,4294,1.2,45
1.5,non_refractive,0.2638579249062517,1.077206421214682,1.004397632081771,1.2388241104774134,1.9662840143592777,8.270227298858359,23.257572441539825,2.812204743725769,4288,1.2,45
1.5,refractive,0.16811186060927394,1.0951639525117247,1.002801864343488,1.2388241104774134,1.9662840143592777,2.9889796604428374,3.5885222743826777,1.200584373950211,4288,1.2,45
1.7,non_refractive,0.2896201406705986,0.9900249010076732,1.00482700234451,1.2388241104774134,1.9662840143592777,9.321367623286182,65.4328739930171,7.019664563980495,4312,1.2,45
1.7,refractive,0.17548105098996086,1.024613039206632,1.002924684183166,1.2388241104774134,1.9662840143592777,3.158154728598507,3.251185273001344,1.0294572471577799,4312,1.2,45
2.0,non_refractive,0.3412408784483571,1.021039837989481,1.0056873479741393,1.2388241104774134,1.9662840143592777,11.106256591515955,128.82209851238653,11.599056572382226,4312,1.2,45
2.0,refractive,0.17020301385167144,0.9741732140621497,1.0028367168975278,1.2388241104774134,1.9662840143592777,3.4301340153910616,3.121584068210886,0.9100472617700337,4312,1.2,45
2.5,non_refractive,0.502459522387618,1.2654011887317698,1.008374325373127,1.2388241104774134,1.9662840143592777,13.912920614769536,230.1595229573384,16.542861799485006,4312,1.2,45
2.5,refractive,0.22640689682333506,1.0479905371852318,1.0037734482803888,1.2388241104774134,1.9662840143592777,3.991175157122467,3.5477342259369413,0.8888946453792733,4312,1.2,45
