axis,axis_value,config_key,seed,camera,is_reference_camera,z_position_error_mm_raw,z_position_error_mm_gauge_corrected,water_z_error_mm_signed,h_c_error_mm_signed
cameras,16,cameras_16,42,cam0,True,0.0,-0.04489126186938473,0.4411769891905504,0.4411769891905504
cameras,16,cameras_16,42,cam1,False,0.05180565095655627,0.006914389087171541,0.4411769891905504,0.3893713382339941
cameras,16,cameras_16,42,cam10,False,0.21473776802871386,0.1698465061593291,0.4411769891905504,0.2264392211618365
cameras,16,cameras_16,42,cam11,False,0.1334653169315571,0.08857405506217238,0.4411769891905504,0.30771167225899326
cameras,16,cameras_16,42,cam12,False,0.6368600868405229,0.5919688249711381,0.4411769891905504,-0.1956830976499725
cameras,16,cameras_16,42,cam13,False,0.6998793703980304,0.6549881085286456,0.4411769891905504,-0.25870238120748
cameras,16,cameras_16,42,cam14,False,-0.14568027920168242,-0.19057154107106716,0.4411769891905504,0.5868572683922328
cameras,16,cameras_16,42,cam15,False,-0.11652031512404161,-0.16141157699342634,0.4411769891905504,0.557697304314592
cameras,16,cameras_16,42,cam2,False,0.2431253033649784,0.19823404149559365,0.4411769891905504,0.19805168582557198
cameras,16,cameras_16,42,cam3,False,-0.7128147402709453,-0.75770600214033,0.4411769891905504,1.1539917294614956
cameras,16,cameras_16,42,cam4,False,-0.24449325313209508,-0.2893845150014798,0.4411769891905504,0.6856702423226455
cameras,16,cameras_16,42,cam5,False,-0.09340349276844989,-0.13829475463783464,0.4411769891905504,0.5345804819590003
cameras,16,cameras_16,42,cam6,False,-0.4090594294482125,-0.45395069131759724,0.4411769891905504,0.8502364186387629
cameras,16,cameras_16,42,cam7,False,-0.5494645906568328,-0.5943558525262176,0.4411769891905504,0.9906415798473832
cameras,16,cameras_16,42,cam8,False,0.7028372203178668,0.657945958448482,0.4411769891905504,-0.2616602311273164
cameras,16,cameras_16,42,cam9,False,0.26209431180480514,0.2172030499354204,0.4411769891905504,0.17908267738574524
cameras,8,cameras_8,42,cam0,True,0.0,-0.16191589155908584,-0.6431563605058255,-0.6431563605058255
cameras,8,cameras_8,42,cam1,False,0.057607672218219774,-0.10430821934086607,-0.6431563605058255,-0.7007640327240452
cameras,8,cameras_8,42,cam2,False,-0.05741141411747322,-0.21932730567655906,-0.6431563605058255,-0.5857449463883523
cameras,8,cameras_8,42,cam3,False,0.30168638303251,0.13977049147342416,-0.6431563605058255,-0.9448427435383355
cameras,8,cameras_8,42,cam4,False,0.3876483637048811,0.22573247214579525,-0.6431563605058255,-1.0308047242107066
cameras,8,cameras_8,42,cam5,False,-0.18041280328991507,-0.3423286948490009,-0.6431563605058255,-0.46274355721591043
cameras,8,cameras_8,42,cam6,False,0.4966385460568544,0.3347226544977686,-0.6431563605058255,-1.1397949065626798
cameras,8,cameras_8,42,cam7,False,0.12765449330852385,-0.034261398250561986,-0.6431563605058255,-0.7708108538143493
index,1.333,baseline,42,cam0,True,0.0,-0.42655281499644127,0.7127005245057827,0.7127005245057827
index,1.333,baseline,42,cam1,False,-0.0006165074853030708,-0.42716932248174433,0.7127005245057827,0.7133170319910858
index,1.333,baseline,42,cam10,False,0.2529252534225024,-0.17362756157393888,0.7127005245057827,0.4597752710832803
index,1.333,baseline,42,cam11,False,1.091822269385472,0.6652694543890307,0.7127005245057827,-0.3791217448796893
index,1.333,baseline,42,cam2,False,0.6316168141009427,0.20506399910450146,0.7127005245057827,0.08108371040483997
index,1.333,baseline,42,cam3,False,0.21350590599596933,-0.21304690900047193,0.7127005245057827,0.4991946185098134
index,1.333,baseline,42,cam4,False,-0.021021567617701947,-0.44757438261414323,0.7127005245057827,0.7337220921234846
index,1.333,baseline,42,cam5,False,0.004811104652509279,-0.421741710343932,0.7127005245057827,0.7078894198532735
index,1.333,baseline,42,cam6,False,0.6246489496292374,0.19809613463279618,0.7127005245057827,0.08805157487654525
index,1.333,baseline,42,cam7,False,0.6896404149825501,0.26308759998610887,0.7127005245057827,0.023060109523232564
index,1.333,baseline,42,cam8,False,0.7345333902258993,0.307980575229458,0.7127005245057827,-0.021832865720116557
index,1.333,baseline,42,cam9,False,0.47021493766877687,0.0436621226723356,0.7127005245057827,0.24248558683700583
index,1.36,index_1.36,42,cam0,True,0.0,-0.2569581277117165,-0.2714812610595807,-0.2714812610595807
index,1.36,index_1.36,42,cam1,False,0.17359684725885666,-0.08336128045285984,-0.2714812610595807,-0.44507810831843736
index,1.36,index_1.36,42,cam10,False,-0.020251383658581215,-0.2772095113702977,-0.2714812610595807,-0.2512298774009995
index,1.36,index_1.36,42,cam11,False,0.7420817298420469,0.4851236021303304,-0.2714812610595807,-1.0135629909016277
index,1.36,index_1.36,42,cam2,False,0.5279917551771112,0.27103362746539467,-0.2714812610595807,-0.7994730162366919
index,1.36,index_1.36,42,cam3,False,0.770973244871703,0.5140151171599865,-0.2714812610595807,-1.0424545059312837
index,1.36,index_1.36,42,cam4,False,0.07368151445146377,-0.18327661326025274,-0.2714812610595807,-0.34516277551104446
index,1.36,index_1.36,42,cam5,False,0.1003670578798169,-0.1565910698318996,-0.2714812610595807,-0.3718483189393976
index,1.36,index_1.36,42,cam6,False,0.5176629528957682,0.26070482518405175,-0.2714812610595807,-0.789144213955349
index,1.36,index_1.36,42,cam7,False,0.7218257506931515,0.46486762298143497,-0.2714812610595807,-0.9933070117527322
index,1.36,index_1.36,42,cam8,False,-0.3463768937614683,-0.6033350214731847,-0.2714812610595807,0.0748956327018876
index,1.36,index_1.36,42,cam9,False,-0.4350131708209873,-0.6919712985327038,-0.2714812610595807,0.16353190976140658
index,1.39,index_1.39,42,cam0,True,0.0,-0.4001542521226112,0.3170786660782188,0.3170786660782188
index,1.39,index_1.39,42,cam1,False,0.46396987233413617,0.06381562021152498,0.3170786660782188,-0.1468912062559174
index,1.39,index_1.39,42,cam10,False,0.08951291601923105,-0.31064133610338013,0.3170786660782188,0.22756575005898771
index,1.39,index_1.39,42,cam11,False,1.1731837001522036,0.7730294480295925,0.3170786660782188,-0.8561050340739849
index,1.39,index_1.39,42,cam2,False,0.6414279169666406,0.2412736648440294,0.3170786660782188,-0.3243492508884218
index,1.39,index_1.39,42,cam3,False,0.9844362137508599,0.5842819616282486,0.3170786660782188,-0.6673575476726411
index,1.39,index_1.39,42,cam4,False,0.07387146253350031,-0.3262827895891109,0.3170786660782188,0.24320720354471848
index,1.39,index_1.39,42,cam5,False,0.24349805493804802,-0.15665619718456317,0.3170786660782188,0.07358061114017075
index,1.39,index_1.39,42,cam6,False,0.521022646093459,0.12086839397084786,0.3170786660782188,-0.20394398001524028
index,1.39,index_1.39,42,cam7,False,1.179682986236527,0.7795287341139159,0.3170786660782188,-0.8626043201583082
index,1.39,index_1.39,42,cam8,False,-0.7549470610379869,-1.155101313160598,0.3170786660782188,1.0720257271162057
index,1.39,index_1.39,42,cam9,False,-0.2139619346378961,-0.6141161867605073,0.3170786660782188,0.5310406007161148
index,1.42,index_1.42,42,cam0,True,0.0,-0.0635670779782472,0.2108898041837115,0.2108898041837115
index,1.42,index_1.42,42,cam1,False,-0.15364688404495563,-0.21721396202320284,0.2108898041837115,0.36453668822866714
index,1.42,index_1.42,42,cam10,False,0.03491583863402122,-0.028651239344225983,0.2108898041837115,0.17597396554969028
index,1.42,index_1.42,42,cam11,False,0.03798916832322991,-0.025577909655017293,0.2108898041837115,0.1729006358604816
index,1.42,index_1.42,42,cam2,False,-0.7063475717068932,-0.7699146496851405,0.2108898041837115,0.9172373758906047
index,1.42,index_1.42,42,cam3,False,-0.7578102028143376,-0.8213772807925849,0.2108898041837115,0.9687000069980491
index,1.42,index_1.42,42,cam4,False,0.5296582013730653,0.46609112339481806,0.2108898041837115,-0.3187683971893538
index,1.42,index_1.42,42,cam5,False,0.4904379368688219,0.42687085889057474,0.2108898041837115,-0.2795481326851104
index,1.42,index_1.42,42,cam6,False,-0.12278708897067335,-0.18635416694892054,0.2108898041837115,0.33367689315438487
index,1.42,index_1.42,42,cam7,False,-0.616320776774786,-0.6798878547530333,0.2108898041837115,0.8272105809584975
index,1.42,index_1.42,42,cam8,False,0.8791025556092397,0.8155354776309924,0.2108898041837115,-0.6682127514255282
index,1.42,index_1.42,42,cam9,False,1.084046681263987,1.02047960328574,0.2108898041837115,-0.8731568770802756
index,1.45,index_1.45,42,cam0,True,0.0,-0.3175742484824808,0.1100006916523455,0.1100006916523455
index,1.45,index_1.45,42,cam1,False,0.25385603481809654,-0.06371821366438424,0.1100006916523455,-0.14385534316575105
index,1.45,index_1.45,42,cam10,False,0.21479347204464347,-0.10278077643783731,0.1100006916523455,-0.10479278039229797
index,1.45,index_1.45,42,cam11,False,0.6674188779448279,0.3498446294623471,0.1100006916523455,-0.5574181862924824
index,1.45,index_1.45,42,cam2,False,0.4063951201502894,0.08882087166780861,0.1100006916523455,-0.2963944284979439
index,1.45,index_1.45,42,cam3,False,0.16246640894258205,-0.15510783953989873,0.1100006916523455,-0.05246571729023655
index,1.45,index_1.45,42,cam4,False,0.5451447934899679,0.22757054500748713,0.1100006916523455,-0.4351441018376224
index,1.45,index_1.45,42,cam5,False,0.23198154465653778,-0.085592703825943,0.1100006916523455,-0.12198085300419229
index,1.45,index_1.45,42,cam6,False,0.009525090984217801,-0.308049157498263,0.1100006916523455,0.10047560066812769
index,1.45,index_1.45,42,cam7,False,0.7230152921865792,0.40544104370409845,0.1100006916523455,-0.6130146005342337
index,1.45,index_1.45,42,cam8,False,0.4710003938112979,0.1534261453288171,0.1100006916523455,-0.3609997021589524
index,1.45,index_1.45,42,cam9,False,-0.19228029572175132,-0.5098545442042322,0.1100006916523455,0.3022809873740968
index,1.48,index_1.48,42,cam0,True,0.0,1.1688253589334832,-0.9841067617255561,-0.9841067617255561
index,1.48,index_1.48,42,cam1,False,-0.16631972152201557,1.0025056374114676,-0.9841067617255561,-0.8177870402035405
index,1.48,index_1.48,42,cam10,False,-1.752783319977354,-0.5839579610438708,-0.9841067617255561,0.7686765582517978
index,1.48,index_1.48,42,cam11,False,-2.183183691354379,-1.014358332420896,-0.9841067617255561,1.199076929628823
index,1.48,index_1.48,42,cam2,False,-1.1059139265311677,0.06291143240231545,-0.9841067617255561,0.1218071648056116
index,1.48,index_1.48,42,cam3,False,-2.1209531260739456,-0.9521277671404624,-0.9841067617255561,1.1368463643483895
index,1.48,index_1.48,42,cam4,False,-0.6900466173330025,0.4787787416004806,-0.9841067617255561,-0.29406014439255357
index,1.48,index_1.48,42,cam5,False,-0.565984730406855,0.6028406285266281,-0.9841067617255561,-0.41812203131870107
index,1.48,index_1.48,42,cam6,False,-1.5267982865215988,-0.3579729275881156,-0.9841067617255561,0.5426915247960427
index,1.48,index_1.48,42,cam7,False,-1.90678266844687,-0.7379573095133869,-0.9841067617255561,0.9226759067213139
index,1.48,index_1.48,42,cam8,False,-0.25721686735394234,0.9116084915795408,-0.9841067617255561,-0.7268898943716138
index,1.48,index_1.48,42,cam9,False,-0.5810959927471833,0.5877293661862999,-0.9841067617255561,-0.40301076897837285
index,1.51,index_1.51,42,cam0,True,0.0,0.2246640015567458,-0.8379762090549026,-0.8379762090549026
index,1.51,index_1.51,42,cam1,False,0.23738384567782972,0.4620478472345755,-0.8379762090549026,-1.0753600547327322
index,1.51,index_1.51,42,cam10,False,-0.8271109992765886,-0.6024469977198428,-0.8379762090549026,-0.010865209778313956
index,1.51,index_1.51,42,cam11,False,-0.5975836942736265,-0.37291969271688064,-0.8379762090549026,-0.2403925147812761
index,1.51,index_1.51,42,cam2,False,-0.1757110600991976,0.048952941457548194,-0.8379762090549026,-0.662265148955705
index,1.51,index_1.51,42,cam3,False,-0.10948627427271457,0.11517772728403122,-0.8379762090549026,-0.728489934782188
index,1.51,index_1.51,42,cam4,False,-0.24590911097876078,-0.02124510942201499,-0.8379762090549026,-0.5920670980761418
index,1.51,index_1.51,42,cam5,False,0.04250608157890454,0.2671700831356503,-0.8379762090549026,-0.8804822906338071
index,1.51,index_1.51,42,cam6,False,-0.2290476449700288,-0.0043836434132830115,-0.8379762090549026,-0.6089285640848737
index,1.51,index_1.51,42,cam7,False,-0.8970344136100304,-0.6723704120532846,-0.8379762090549026,0.05905820455512789
index,1.51,index_1.51,42,cam8,False,0.535168000283498,0.7598320018402438,-0.8379762090549026,-1.3731442093384005
index,1.51,index_1.51,42,cam9,False,-0.20447874718348882,0.020185254373256967,-0.8379762090549026,-0.6334974618714138
index,1.55,index_1.55,42,cam0,True,0.0,0.666496801790592,0.027033099589512943,0.027033099589512943
index,1.55,index_1.55,42,cam1,False,-0.19116667327093856,0.47533012851965345,0.027033099589512943,0.2181997728604515
index,1.55,index_1.55,42,cam10,False,-0.5567633497170367,0.10973345207355534,0.027033099589512943,0.5837964493065496
index,1.55,index_1.55,42,cam11,False,-0.8117170313547811,-0.14522022956418912,0.027033099589512943,0.8387501309442941
index,1.55,index_1.55,42,cam2,False,-0.829317982930804,-0.16282118114021205,0.027033099589512943,0.856351082520317
index,1.55,index_1.55,42,cam3,False,-1.1238522337545147,-0.4573554319639227,0.027033099589512943,1.1508853333440277
index,1.55,index_1.55,42,cam4,False,-0.7018778090908036,-0.03538100730021154,0.027033099589512943,0.7289109086803165
index,1.55,index_1.55,42,cam5,False,-0.441776500205457,0.224720301585135,0.027033099589512943,0.46880959979496994
index,1.55,index_1.55,42,cam6,False,-0.5895962161692552,0.07690058562133684,0.027033099589512943,0.6166293157587681
index,1.55,index_1.55,42,cam7,False,-0.6234853960249038,0.04301140576568818,0.027033099589512943,0.6505184956144168
index,1.55,index_1.55,42,cam8,False,-0.9516044050149451,-0.28510760322435313,0.027033099589512943,0.9786375046044581
index,1.55,index_1.55,42,cam9,False,-0.5103072221630724,0.15618957962751956,0.027033099589512943,0.5373403217525854
layout,line,layout_line,42,cam0,True,0.0,0.13318481779093103,-1.258486023291594,-1.258486023291594
layout,line,layout_line,42,cam1,False,-0.451570365195067,-0.31838554740413594,-1.258486023291594,-0.806915658096527
layout,line,layout_line,42,cam10,False,-0.674010843869774,-0.5408260260788429,-1.258486023291594,-0.58447517942182
layout,line,layout_line,42,cam11,False,12.831352337901297,12.964537155692229,-1.258486023291594,-14.089838361192891
layout,line,layout_line,42,cam2,False,-1.0788122877002675,-0.9456274699093364,-1.258486023291594,-0.1796737355913265
layout,line,layout_line,42,cam3,False,-0.08987418678775907,0.04331063100317195,-1.258486023291594,-1.168611836503835
layout,line,layout_line,42,cam4,False,-9.07289741310151,-8.939712595310578,-1.258486023291594,7.814411389809916
layout,line,layout_line,42,cam5,False,-0.15018283642814245,-0.016998018637211426,-1.258486023291594,-1.1083031868634516
layout,line,layout_line,42,cam6,False,-1.8621462616119533,-1.7289614438210223,-1.258486023291594,0.6036602383203593
layout,line,layout_line,42,cam7,False,-0.29156995866670177,-0.15838514087577074,-1.258486023291594,-0.9669160646248922
layout,line,layout_line,42,cam8,False,-0.7942892648865759,-0.6611044470956449,-1.258486023291594,-0.46419675840501806
layout,line,layout_line,42,cam9,False,0.16896808464621044,0.30215290243714144,-1.258486023291594,-1.4274541079378045
layout,ring,layout_ring,42,cam0,True,0.0,0.11044900436517668,0.42035091847769657,0.42035091847769657
layout,ring,layout_ring,42,cam1,False,-0.14255136539274502,-0.03210236102756833,0.42035091847769657,0.5629022838704416
layout,ring,layout_ring,42,cam10,False,0.49473205303423956,0.6051810573994163,0.42035091847769657,-0.074381134556543
layout,ring,layout_ring,42,cam11,False,0.5288161502066554,0.6392651545718321,0.42035091847769657,-0.10846523172895883
layout,ring,layout_ring,42,cam2,False,0.37882181169608936,0.48927081606126605,0.42035091847769657,0.041529106781607206
layout,ring,layout_ring,42,cam3,False,0.185951571053093,0.2964005754182697,0.42035091847769657,0.23439934742460355
layout,ring,layout_ring,42,cam4,False,-0.82066703520027,-0.7102180308350933,0.42035091847769657,1.2410179536779666
layout,ring,layout_ring,42,cam5,False,-0.4434957056201755,-0.3330467012549988,0.42035091847769657,0.863846624097872
layout,ring,layout_ring,42,cam6,False,-1.6220084072178644,-1.5115594028526878,0.42035091847769657,2.042359325695561
layout,ring,layout_ring,42,cam7,False,-0.08220024960841743,0.028248754756759253,0.42035091847769657,0.502551168086114
layout,ring,layout_ring,42,cam8,False,-0.051773057683089825,0.05867594668208686,0.42035091847769657,0.4721239761607864
layout,ring,layout_ring,42,cam9,False,0.3594351867155414,0.4698841910807181,0.42035091847769657,0.060915731762155145
cameras,16,cameras_16,43,cam0,True,0.0,-0.12257078070865243,-0.39328630321056046,-0.39328630321056046
cameras,16,cameras_16,43,cam1,False,0.20545280065624882,0.08288201994759639,-0.39328630321056046,-0.5987391038668093
cameras,16,cameras_16,43,cam10,False,0.12322836830606639,0.0006575875974139528,-0.39328630321056046,-0.5165146715166269
cameras,16,cameras_16,43,cam11,False,0.29258717262390255,0.17001639191525011,-0.39328630321056046,-0.685873475834463
cameras,16,cameras_16,43,cam12,False,-0.37957234302023773,-0.5021431237288901,-0.39328630321056046,-0.013713960190322727
cameras,16,cameras_16,43,cam13,False,-0.6206921839144136,-0.7432629646230661,-0.39328630321056046,0.22740588070385315
cameras,16,cameras_16,43,cam14,False,0.0736407960261212,-0.048929984682531236,-0.39328630321056046,-0.46692709923668163
cameras,16,cameras_16,43,cam15,False,0.31022779846436205,0.18765701775570962,-0.39328630321056046,-0.7035141016749225
cameras,16,cameras_16,43,cam2,False,0.48752387843571837,0.36495309772706597,-0.39328630321056046,-0.8808101816462788
cameras,16,cameras_16,43,cam3,False,0.40322834878675756,0.28065756807810516,-0.39328630321056046,-0.7965146519973181
cameras,16,cameras_16,43,cam4,False,0.38146100023169305,0.2588902195230406,-0.39328630321056046,-0.7747473034422535
cameras,16,cameras_16,43,cam5,False,0.14815618092979282,0.025585400221140392,-0.39328630321056046,-0.5414424841403533
cameras,16,cameras_16,43,cam6,False,0.47654184193473453,0.35397106122608213,-0.39328630321056046,-0.8698281451452949
cameras,16,cameras_16,43,cam7,False,0.2669213332113969,0.14435055250274445,-0.39328630321056046,-0.6602076364219573
cameras,16,cameras_16,43,cam8,False,-0.0020587405798558897,-0.12462952128850832,-0.39328630321056046,-0.3912275626307046
cameras,16,cameras_16,43,cam9,False,-0.32808454146250043,-0.4506553221711529,-0.39328630321056046,-0.06520176174806003
cameras,8,cameras_8,43,cam0,True,0.0,-0.7373500472592358,-0.8762420819601324,-0.8762420819601324
cameras,8,cameras_8,43,cam1,False,0.865000474382393,0.12765042712315722,-0.8762420819601324,-1.7412425563425256
cameras,8,cameras_8,43,cam2,False,1.1645276982355859,0.4271776509763501,-0.8762420819601324,-2.0407697801957183
cameras,8,cameras_8,43,cam3,False,0.4598258106728731,-0.2775242365863627,-0.8762420819601324,-1.3360678926330056
cameras,8,cameras_8,43,cam4,False,0.8237848034827059,0.08643475622347008,-0.8762420819601324,-1.7000268854428384
cameras,8,cameras_8,43,cam5,False,1.1459220473000888,0.40857200004085303,-0.8762420819601324,-2.0221641292602213
cameras,8,cameras_8,43,cam6,False,-0.13175568440818133,-0.8691057316674171,-0.8762420819601324,-0.7444863975519511
cameras,8,cameras_8,43,cam7,False,0.8341451811491853,0.09679513388994954,-0.8762420819601324,-1.7103872631093178
index,1.333,baseline,43,cam0,True,0.0,0.23825866922452557,-0.8325780522437931,-0.8325780522437931
index,1.333,baseline,43,cam1,False,0.02801827500738263,0.2662769442319082,-0.8325780522437931,-0.8605963272511757
index,1.333,baseline,43,cam10,False,-0.6621305570271465,-0.423871887802621,-0.8325780522437931,-0.1704474952166466
index,1.333,baseline,43,cam11,False,-0.8304728891424606,-0.5922142199179351,-0.8325780522437931,-0.0021051631013324634
index,1.333,baseline,43,cam2,False,-0.017035875045120878,0.22122279417940469,-0.8325780522437931,-0.8155421771986723
index,1.333,baseline,43,cam3,False,0.5048677477052224,0.7431264169297479,-0.8325780522437931,-1.3374457999490155
index,1.333,baseline,43,cam4,False,-0.1692154117072266,0.06904325751729898,-0.8325780522437931,-0.6633626405365665
index,1.333,baseline,43,cam5,False,-0.3975700321971658,-0.15931136297264023,-0.8325780522437931,-0.4350080200466273
index,1.333,baseline,43,cam6,False,-0.23250448853980077,0.005754180684724802,-0.8325780522437931,-0.6000735637039923
index,1.333,baseline,43,cam7,False,-0.15166676688469719,0.08659190233982839,-0.8325780522437931,-0.680911285359096
index,1.333,baseline,43,cam8,False,0.18995636990089634,0.4282150391254219,-0.8325780522437931,-1.0225344221446895
index,1.333,baseline,43,cam9,False,-0.8830917335396639,-0.6448330643151383,-0.8325780522437931,0.05051368129587075
index,1.36,index_1.36,43,cam0,True,0.0,-2.086153915405282,2.317467104063109,2.317467104063109
index,1.36,index_1.36,43,cam1,False,1.2630788251285574,-0.8230750902767248,2.317467104063109,1.0543882789345516
index,1.36,index_1.36,43,cam10,False,2.5085286170689107,0.42237470166362856,2.317467104063109,-0.19106151300580176
index,1.36,index_1.36,43,cam11,False,3.643592478700934,1.5574385632956518,2.317467104063109,-1.326125374637825
index,1.36,index_1.36,43,cam2,False,1.7343535183220702,-0.351800397083212,2.317467104063109,0.5831135857410388
index,1.36,index_1.36,43,cam3,False,2.1164311446558552,0.03027722925057308,2.317467104063109,0.20103595940725372
index,1.36,index_1.36,43,cam4,False,1.3677748693703258,-0.7183790460349564,2.317467104063109,0.9496922346927832
index,1.36,index_1.36,43,cam5,False,1.5947578167980776,-0.49139609860720457,2.317467104063109,0.7227092872650314
index,1.36,index_1.36,43,cam6,False,2.1548577134375493,0.06870379803226712,2.317467104063109,0.16260939062555968
index,1.36,index_1.36,43,cam7,False,3.340147748027768,1.253993832622486,2.317467104063109,-1.0226806439646592
index,1.36,index_1.36,43,cam8,False,0.7562814150415005,-1.3298725003637817,2.317467104063109,1.5611856890216085
index,1.36,index_1.36,43,cam9,False,2.4678889229065533,0.3817350075012711,2.317467104063109,-0.1504218188434443
index,1.39,index_1.39,43,cam0,True,0.0,-1.3028009149544588,1.619106517620983,1.619106517620983
index,1.39,index_1.39,43,cam1,False,1.0119416745415895,-0.29085924041286937,1.619106517620983,0.6071648430793934
index,1.39,index_1.39,43,cam10,False,1.4398269944733635,0.13702607951890466,1.619106517620983,0.1792795231476194
index,1.39,index_1.39,43,cam11,False,2.2366990387954226,0.9338981238409638,1.619106517620983,-0.6175925211744397
index,1.39,index_1.39,43,cam2,False,1.5651783839865425,0.2623774690320837,1.619106517620983,0.05392813363444038
index,1.39,index_1.39,43,cam3,False,2.293842118528775,0.9910412035743161,1.619106517620983,-0.674735600907792
index,1.39,index_1.39,43,cam4,False,0.0770874728284166,-1.2257134421260423,1.619106517620983,1.5420190447925664
index,1.39,index_1.39,43,cam5,False,0.922722995009134,-0.3800779199453248,1.619106517620983,0.6963835226118489
index,1.39,index_1.39,43,cam6,False,1.494460274731111,0.19165935977665227,1.619106517620983,0.1246462428898718
index,1.39,index_1.39,43,cam7,False,1.9623213583869508,0.6595204434324919,1.619106517620983,-0.34321484076596787
index,1.39,index_1.39,43,cam8,False,0.10012797886696374,-1.202672936087495,1.619106517620983,1.5189785387540191
index,1.39,index_1.39,43,cam9,False,1.2266017743507802,-0.0761991406036786,1.619106517620983,0.3925047432702027
index,1.42,index_1.42,43,cam0,True,0.0,-0.27548442878387236,-0.5685332906963936,-0.5685332906963936
index,1.42,index_1.42,43,cam1,False,0.40191926556446295,0.1264348367805906,-0.5685332906963936,-0.9704525562608566
index,1.42,index_1.42,43,cam10,False,0.18571128499538175,-0.0897731437884906,-0.5685332906963936,-0.7542445756917753
index,1.42,index_1.42,43,cam11,False,0.11110839990399962,-0.16437602887987274,-0.5685332906963936,-0.6796416906003933
index,1.42,index_1.42,43,cam2,False,0.3270316630779634,0.05154723429409103,-0.5685332906963936,-0.895564953774357
index,1.42,index_1.42,43,cam3,False,0.8326707560646777,0.5571863272808053,-0.5685332906963936,-1.4012040467610714
index,1.42,index_1.42,43,cam4,False,-0.036016015129489286,-0.3115004439133616,-0.5685332906963936,-0.5325172755669043
index,1.42,index_1.42,43,cam5,False,-0.007919508420731192,-0.28340393720460355,-0.5685332906963936,-0.5606137822756624
index,1.42,index_1.42,43,cam6,False,0.6398556830943977,0.3643712543105253,-0.5685332906963936,-1.2083889737907914
index,1.42,index_1.42,43,cam7,False,0.4570928112397111,0.18160838245583877,-0.5685332906963936,-1.0256261019361048
index,1.42,index_1.42,43,cam8,False,-0.0029483628088361013,-0.27843279159270845,-0.5685332906963936,-0.5655849278875574
index,1.42,index_1.42,43,cam9,False,0.12182273904105811,-0.15366168974281424,-0.5685332906963936,-0.6903560297374517
index,1.45,index_1.45,43,cam0,True,0.0,-0.4627516825648294,-0.04185844119142246,-0.04185844119142246
index,1.45,index_1.45,43,cam1,False,0.09274856782921391,-0.3700031147356155,-0.04185844119142246,-0.13460700902063638
index,1.45,index_1.45,43,cam10,False,0.8562126198234866,0.3934609372586572,-0.04185844119142246,-0.8980710610149091
index,1.45,index_1.45,43,cam11,False,1.3119543419065367,0.8492026593417072,-0.04185844119142246,-1.3538127830979592
index,1.45,index_1.45,43,cam2,False,0.725583888223351,0.26283220565852156,-0.04185844119142246,-0.7674423294147734
index,1.45,index_1.45,43,cam3,False,0.7026528007291243,0.23990111816429488,-0.04185844119142246,-0.7445112419205467
index,1.45,index_1.45,43,cam4,False,-0.08549845665162584,-0.5482501392164553,-0.04185844119142246,0.04364001546020338
index,1.45,index_1.45,43,cam5,False,0.27876118371539854,-0.18399049884943086,-0.04185844119142246,-0.320619624906821
index,1.45,index_1.45,43,cam6,False,0.6838039519652491,0.22105226940041972,-0.04185844119142246,-0.7256623931566716
index,1.45,index_1.45,43,cam7,False,0.776094962369657,0.3133432798048276,-0.04185844119142246,-0.8179534035610795
index,1.45,index_1.45,43,cam8,False,-0.43967638142293153,-0.9024280639877609,-0.04185844119142246,0.39781794023150907
index,1.45,index_1.45,43,cam9,False,0.1876310297256635,-0.27512065283916587,-0.04185844119142246,-0.22948947091708596
index,1.48,index_1.48,43,cam0,True,0.0,0.10685380115253024,0.7457048796930543,0.7457048796930543
index,1.48,index_1.48,43,cam1,False,0.12438543515797895,0.2312392363105092,0.7457048796930543,0.6213194445350754
index,1.48,index_1.48,43,cam10,False,-0.37196060311552187,-0.26510680196299163,0.7457048796930543,1.1176654828085761
index,1.48,index_1.48,43,cam11,False,-0.4681166277115609,-0.36126282655903064,0.7457048796930543,1.2138215074046153
index,1.48,index_1.48,43,cam2,False,-0.029717998411840467,0.07713580274068976,0.7457048796930543,0.7754228781048947
index,1.48,index_1.48,43,cam3,False,-0.7063412506490112,-0.599487449496481,0.7457048796930543,1.4520461303420655
index,1.48,index_1.48,43,cam4,False,-0.07652712842886765,0.030326672723662587,0.7457048796930543,0.822232008121922
index,1.48,index_1.48,43,cam5,False,0.4424977924180002,0.5493515935705304,0.7457048796930543,0.30320708727505413
index,1.48,index_1.48,43,cam6,False,0.019825234254539928,0.12667903540707015,0.7457048796930543,0.7258796454385144
index,1.48,index_1.48,43,cam7,False,-0.23166980143002422,-0.12481600027749398,0.7457048796930543,0.9773746811230786
index,1.48,index_1.48,43,cam8,False,0.10862441207908843,0.21547821323161867,0.7457048796930543,0.6370804676139659
index,1.48,index_1.48,43,cam9,False,0.013608723159386129,0.12046252431191637,0.7457048796930543,0.7320961565336682
index,1.51,index_1.51,43,cam0,True,0.0,-0.03755266321052473,0.02225043321946174,0.02225043321946174
index,1.51,index_1.51,43,cam1,False,-0.24935626998087235,-0.2869089331913971,0.02225043321946174,0.2716067032003341
index,1.51,index_1.51,43,cam10,False,0.09383013586790724,0.05627747265738251,0.02225043321946174,-0.0715797026484455
index,1.51,index_1.51,43,cam11,False,0.08332711181864962,0.045774448608124886,0.02225043321946174,-0.061076678599187875
index,1.51,index_1.51,43,cam2,False,-0.22118845081148947,-0.2587411140220142,0.02225043321946174,0.2434388840309512
index,1.51,index_1.51,43,cam3,False,-0.44812036019048573,-0.4856730234010105,0.02225043321946174,0.4703707934099475
index,1.51,index_1.51,43,cam4,False,0.06706445127149145,0.029511788060966722,0.02225043321946174,-0.04481401805202971
index,1.51,index_1.51,43,cam5,False,0.35225278666422066,0.3147001234536959,0.02225043321946174,-0.3300023534447589
index,1.51,index_1.51,43,cam6,False,-0.025152250818558704,-0.06270491402908343,0.02225043321946174,0.04740268403802045
index,1.51,index_1.51,43,cam7,False,-0.1157282186950103,-0.15328088190553502,0.02225043321946174,0.13797865191447203
index,1.51,index_1.51,43,cam8,False,0.591261086053613,0.5537084228430883,0.02225043321946174,-0.5690106528341513
index,1.51,index_1.51,43,cam9,False,0.2848892741363065,0.24733661092578177,0.02225043321946174,-0.26263884091684475
index,1.55,index_1.55,43,cam0,True,0.0,-0.0936374887769207,-0.16363033374511282,-0.16363033374511282
index,1.55,index_1.55,43,cam1,False,-0.01681005259100265,-0.11044754136792334,-0.16363033374511282,-0.14682028115411017
index,1.55,index_1.55,43,cam10,False,0.11865617319013755,0.02501868441321685,-0.16363033374511282,-0.28228650693525037
index,1.55,index_1.55,43,cam11,False,0.07968651617259884,-0.013950972604321862,-0.16363033374511282,-0.24331684991771166
index,1.55,index_1.55,43,cam2,False,0.2556682222654011,0.1620307334884804,-0.16363033374511282,-0.4192985560105139
index,1.55,index_1.55,43,cam3,False,-0.10399613098171535,-0.19763361975863605,-0.16363033374511282,-0.05963420276339747
index,1.55,index_1.55,43,cam4,False,0.022998608963958236,-0.07063887981296246,-0.16363033374511282,-0.18662894270907104
index,1.55,index_1.55,43,cam5,False,-0.13508830821232393,-0.2287257969892446,-0.16363033374511282,-0.028542025532788895
index,1.55,index_1.55,43,cam6,False,-0.14180111052373068,-0.23543859930065136,-0.16363033374511282,-0.021829223221382144
index,1.55,index_1.55,43,cam7,False,0.24852213159166503,0.15488464281474434,-0.16363033374511282,-0.41215246533677785
index,1.55,index_1.55,43,cam8,False,0.5081342170426234,0.4144967282657027,-0.16363033374511282,-0.6717645507877362
index,1.55,index_1.55,43,cam9,False,0.19404210962851606,0.10040462085159536,-0.16363033374511282,-0.3576724433736289
layout,line,layout_line,43,cam0,True,0.0,20.18143006836127,-18.85927142631605,-18.85927142631605
layout,line,layout_line,43,cam1,False,-9.817536149014243,10.363893919347026,-18.85927142631605,-9.041735277301806
layout,line,layout_line,43,cam10,False,-22.399773254578374,-2.218343186217105,-18.85927142631605,3.5405018282623253
layout,line,layout_line,43,cam11,False,-20.949562409412653,-0.7681323410513841,-18.85927142631605,2.0902909830966045
layout,line,layout_line,43,cam2,False,-19.035337645326575,1.1460924230346947,-18.85927142631605,0.17606621901052577
layout,line,layout_line,43,cam3,False,-21.712105657642304,-1.530675589281035,-18.85927142631605,2.8528342313262556
layout,line,layout_line,43,cam4,False,-19.34318928862798,0.8382407797332903,-18.85927142631605,0.48391786231193024
layout,line,layout_line,43,cam5,False,-22.753780076143432,-2.5723500077821626,-18.85927142631605,3.894508649827383
layout,line,layout_line,43,cam6,False,-22.97138642919108,-2.7899563608298124,-18.85927142631605,4.112115002875033
layout,line,layout_line,43,cam7,False,-19.84265594976604,0.33877411859522866,-18.85927142631605,0.9833845234499918
layout,line,layout_line,43,cam8,False,-21.402883076801544,-1.2214530084402746,-18.85927142631605,2.543611650485495
layout,line,layout_line,43,cam9,False,-21.767520815469712,-1.586090747108443,-18.85927142631605,2.9082493891536636
layout,ring,layout_ring,43,cam0,True,0.0,-0.525854373373714,0.24206144561844667,0.24206144561844667
layout,ring,layout_ring,43,cam1,False,0.09126969850381961,-0.4345846748698944,0.24206144561844667,0.15079174711462706
layout,ring,layout_ring,43,cam10,False,0.5959103586573905,0.07005598528367651,0.24206144561844667,-0.35384891303894384
layout,ring,layout_ring,43,cam11,False,0.3943257394920614,-0.1315286338816526,0.24206144561844667,-0.15226429387361473
layout,ring,layout_ring,43,cam2,False,0.3047528431040208,-0.2211015302696932,0.24206144561844667,-0.06269139748557412
layout,ring,layout_ring,43,cam3,False,-0.15558121045252185,-0.6814355838262358,0.24206144561844667,0.3976426560709685
layout,ring,layout_ring,43,cam4,False,-0.023922852577267038,-0.549777225950981,0.24206144561844667,0.26598429819571373
layout,ring,layout_ring,43,cam5,False,0.2955352300046399,-0.2303191433690741,0.24206144561844667,-0.05347378438619321
layout,ring,layout_ring,43,cam6,False,0.9659921545299948,0.44013778115628077,0.24206144561844667,-0.7239307089115481
layout,ring,layout_ring,43,cam7,False,1.220061564955185,0.6942071915814709,0.24206144561844667,-0.9780001193367382
layout,ring,layout_ring,43,cam8,False,1.3443289124302202,0.8184745390565062,0.24206144561844667,-1.1022674668117736
layout,ring,layout_ring,43,cam9,False,0.7517256684633098,0.2258712950895958,0.24206144561844667,-0.5096642228448631
cameras,16,cameras_16,44,cam0,True,0.0,-0.03777754697946157,-2.114485837880986,-2.114485837880986
cameras,16,cameras_16,44,cam1,False,-0.04153316419885423,-0.0793107111783158,-2.114485837880986,-2.0729526736821318
cameras,16,cameras_16,44,cam10,False,0.06310987492475113,0.025332327945289564,-2.114485837880986,-2.1775957128057373
cameras,16,cameras_16,44,cam11,False,0.1470141315776342,0.10923658459817265,-2.114485837880986,-2.26149996945862
cameras,16,cameras_16,44,cam12,False,-0.3321484767091409,-0.36992602368860245,-2.114485837880986,-1.7823373611718452
cameras,16,cameras_16,44,cam13,False,-0.004556803462955634,-0.04233435044241721,-2.114485837880986,-2.1099290344180304
cameras,16,cameras_16,44,cam14,False,-0.2163031434403006,-0.25408069041976217,-2.114485837880986,-1.8981826944406854
cameras,16,cameras_16,44,cam15,False,1.0592919598937072,1.0215144129142455,-2.114485837880986,-3.1737777977746933
cameras,16,cameras_16,44,cam2,False,0.13056906148545527,0.09279151450599371,-2.114485837880986,-2.2450548993664414
cameras,16,cameras_16,44,cam3,False,-0.03915573717662131,-0.07693328415608289,-2.114485837880986,-2.075330100704365
cameras,16,cameras_16,44,cam4,False,-0.17912676910540518,-0.21690431608486674,-2.114485837880986,-1.9353590687755808
cameras,16,cameras_16,44,cam5,False,0.13539933054182918,0.09762178356236761,-2.114485837880986,-2.249885168422815
cameras,16,cameras_16,44,cam6,False,0.00012020272321250358,-0.037657344256249066,-2.114485837880986,-2.1146060406041984
cameras,16,cameras_16,44,cam7,False,0.3810033688915526,0.34322582191209106,-2.114485837880986,-2.4954892067725387
cameras,16,cameras_16,44,cam8,False,-0.24691714432671924,-0.2846946913061808,-2.114485837880986,-1.8675686935542668
cameras,16,cameras_16,44,cam9,False,-0.29010348692622145,-0.327881033905683,-2.114485837880986,-1.8243823509547648
cameras,8,cameras_8,44,cam0,True,0.0,0.7729385706164884,-0.31786112262466304,-0.31786112262466304
cameras,8,cameras_8,44,cam1,False,-0.6901153370796411,0.08282323353684728,-0.31786112262466304,0.3722542144549781
cameras,8,cameras_8,44,cam2,False,-1.281897282176995,-0.5089587115605065,-0.31786112262466304,0.9640361595523319
cameras,8,cameras_8,44,cam3,False,-0.4245919001362934,0.348346670480195,-0.31786112262466304,0.10673077751163035
cameras,8,cameras_8,44,cam4,False,-0.788997629710967,-0.01605905909447858,-0.31786112262466304,0.47113650708630395
cameras,8,cameras_8,44,cam5,False,-1.2087098607922988,-0.4357712901758104,-0.31786112262466304,0.8908487381676358
cameras,8,cameras_8,44,cam6,False,-0.271510119541913,0.5014284510745755,-0.31786112262466304,-0.04635100308275003
cameras,8,cameras_8,44,cam7,False,-0.7447478648773108,0.02819070573917759,-0.31786112262466304,0.4268867422526478
index,1.333,baseline,44,cam0,True,0.0,-0.08205328189357775,0.8927761495787223,0.8927761495787223
index,1.333,baseline,44,cam1,False,-0.017108045269530366,-0.0991613271631081,0.8927761495787223,0.9098841948482527
index,1.333,baseline,44,cam10,False,0.06442372663805797,-0.017629555255519777,0.8927761495787223,0.8283524229406644
index,1.333,baseline,44,cam11,False,0.38255646501722007,0.3005031831236423,0.8927761495787223,0.5102196845615022
index,1.333,baseline,44,cam2,False,0.115137129511559,0.03308384761798125,0.8927761495787223,0.7776390200671633
index,1.333,baseline,44,cam3,False,0.19865022247675998,0.11659694058318223,0.8927761495787223,0.6941259271019623
index,1.333,baseline,44,cam4,False,-0.1981950887775894,-0.28024837067116715,0.8927761495787223,1.0909712383563117
index,1.333,baseline,44,cam5,False,0.06752135831122234,-0.014531923582355402,0.8927761495787223,0.8252547912675
index,1.333,baseline,44,cam6,False,0.21117723366929528,0.12912395177571753,0.8927761495787223,0.681598915909427
index,1.333,baseline,44,cam7,False,0.0409325952374542,-0.04112068665612355,0.8927761495787223,0.8518435543412681
index,1.333,baseline,44,cam8,False,0.002402697582169094,-0.07965058431140865,0.8927761495787223,0.8903734519965533
index,1.333,baseline,44,cam9,False,0.03508780643273705,-0.0469654754608407,0.8927761495787223,0.8576883431459853
index,1.36,index_1.36,44,cam0,True,0.0,-0.7365300401267617,0.43843236515961337,0.43843236515961337
index,1.36,index_1.36,44,cam1,False,0.21857688085546648,-0.5179531592712953,0.43843236515961337,0.2198554843041469
index,1.36,index_1.36,44,cam10,False,1.2455324796247211,0.5090024394979594,0.43843236515961337,-0.8071001144651078
index,1.36,index_1.36,44,cam11,False,0.7619231423438245,0.025393102217062813,0.43843236515961337,-0.32349077718421115
index,1.36,index_1.36,44,cam2,False,0.2611937155466938,-0.4753363245800679,0.43843236515961337,0.17723864961291957
index,1.36,index_1.36,44,cam3,False,0.324013534302186,-0.4125165058245757,0.43843236515961337,0.11441883085742738
index,1.36,index_1.36,44,cam4,False,0.3170131947568327,-0.419516845369929,0.43843236515961337,0.12141917040278066
index,1.36,index_1.36,44,cam5,False,0.9166599560411588,0.1801299159143971,0.43843236515961337,-0.47822759088154543
index,1.36,index_1.36,44,cam6,False,0.9113512786724852,0.1748212385457235,0.43843236515961337,-0.47291891351287185
index,1.36,index_1.36,44,cam7,False,0.9184696501362508,0.1819396100094891,0.43843236515961337,-0.48003728497663745
index,1.36,index_1.36,44,cam8,False,1.2065806933613819,0.47005065323462014,0.43843236515961337,-0.7681483282017685
index,1.36,index_1.36,44,cam9,False,1.0205159157533776,0.2839858756266159,0.43843236515961337,-0.5820835505937643
index,1.39,index_1.39,44,cam0,True,0.0,0.9214674831890171,-0.883409412568481,-0.883409412568481
index,1.39,index_1.39,44,cam1,False,-0.7871358541794626,0.13433162900955442,-0.883409412568481,-0.09627355838901841
index,1.39,index_1.39,44,cam10,False,-0.7893510545740204,0.13211642861499662,-0.883409412568481,-0.0940583579944606
index,1.39,index_1.39,44,cam11,False,-1.2130719810536181,-0.2916044978646011,-0.883409412568481,0.3296625684851371
index,1.39,index_1.39,44,cam2,False,-0.8822506822355035,0.03921680095351354,-0.883409412568481,-0.0011587303329775311
index,1.39,index_1.39,44,cam3,False,-1.278568442353827,-0.35710095916481,-0.883409412568481,0.395159029785346
index,1.39,index_1.39,44,cam4,False,-0.45563806761600345,0.4658294155730136,-0.883409412568481,-0.4277713449524776
index,1.39,index_1.39,44,cam5,False,-0.9629338125567914,-0.04146632936777439,-0.883409412568481,0.0795243999883104
index,1.39,index_1.39,44,cam6,False,-1.236223131570032,-0.314755648381015,-0.883409412568481,0.352813719001551
index,1.39,index_1.39,44,cam7,False,-1.822600832372495,-0.9011333491834779,-0.883409412568481,0.9391914198040139
index,1.39,index_1.39,44,cam8,False,-0.36910865852490393,0.5523588246641131,-0.883409412568481,-0.5143007540435771
index,1.39,index_1.39,44,cam9,False,-0.33925979804253026,0.5822076851464868,-0.883409412568481,-0.5441496145259508
index,1.42,index_1.42,44,cam0,True,0.0,-0.014582206348243542,0.10521562481602409,0.10521562481602409
index,1.42,index_1.42,44,cam1,False,-0.298386802957955,-0.31296900930619853,0.10521562481602409,0.4036024277739791
index,1.42,index_1.42,44,cam10,False,0.15956728844616908,0.14498508209792554,0.10521562481602409,-0.054351663630144986
index,1.42,index_1.42,44,cam11,False,-0.12464911029287651,-0.13923131664112004,0.10521562481602409,0.2298647351089006
index,1.42,index_1.42,44,cam2,False,-0.19897008180872444,-0.21355228815696797,0.10521562481602409,0.30418570662474853
index,1.42,index_1.42,44,cam3,False,0.037751909725949453,0.02316970337770591,0.10521562481602409,0.06746371509007464
index,1.42,index_1.42,44,cam4,False,0.2280801505380502,0.21349794418980667,0.10521562481602409,-0.12286452572202611
index,1.42,index_1.42,44,cam5,False,0.3737738120390558,0.35919160569081227,0.10521562481602409,-0.2685581872230317
index,1.42,index_1.42,44,cam6,False,0.011750579303682757,-0.0028316270445607854,0.10521562481602409,0.09346504551234133
index,1.42,index_1.42,44,cam7,False,-0.35012783032395933,-0.36471003667220286,0.10521562481602409,0.4553434551399834
index,1.42,index_1.42,44,cam8,False,-0.021043758755947172,-0.035625965104190714,0.10521562481602409,0.12625938357197125
index,1.42,index_1.42,44,cam9,False,0.34265811391723416,0.32807590756899063,0.10521562481602409,-0.23744248910121007
index,1.45,index_1.45,44,cam0,True,0.0,-0.4524403328568898,0.42039862085441193,0.42039862085441193
index,1.45,index_1.45,44,cam1,False,0.17497263505911267,-0.27746769779777714,0.42039862085441193,0.24542598579529926
index,1.45,index_1.45,44,cam10,False,0.5231199195217624,0.07067958666487262,0.42039862085441193,-0.10272129866735047
index,1.45,index_1.45,44,cam11,False,0.8179755886530615,0.36553525579617174,0.42039862085441193,-0.3975769677986496
index,1.45,index_1.45,44,cam2,False,0.8133175184598116,0.3608771856029218,0.42039862085441193,-0.39291889760539966
index,1.45,index_1.45,44,cam3,False,0.7879196398532956,0.3354793069964058,0.42039862085441193,-0.3675210189988837
index,1.45,index_1.45,44,cam4,False,0.024980251283718627,-0.42746008157317117,0.42039862085441193,0.3954183695706933
index,1.45,index_1.45,44,cam5,False,0.13714522044891517,-0.3152951124079746,0.42039862085441193,0.28325340040549674
index,1.45,index_1.45,44,cam6,False,0.2862194094829437,-0.16622092337394606,0.42039862085441193,0.1341792113714682
index,1.45,index_1.45,44,cam7,False,1.3098915939214255,0.8574512610645357,0.42039862085441193,-0.8894929730670136
index,1.45,index_1.45,44,cam8,False,0.12393752922347782,-0.32850280363341194,0.42039862085441193,0.2964610916309341
index,1.45,index_1.45,44,cam9,False,-0.022635644481736657,-0.47507597733862644,0.42039862085441193,0.4430342653361486
index,1.48,index_1.48,44,cam0,True,0.0,-0.8671168822663912,0.5347647871585259,0.5347647871585259
index,1.48,index_1.48,44,cam1,False,0.5730628005823404,-0.2940540816840508,0.5347647871585259,-0.03829801342381445
index,1.48,index_1.48,44,cam10,False,0.920455201458528,0.05333831919213683,0.5347647871585259,-0.38569041430000206
index,1.48,index_1.48,44,cam11,False,1.2363118132370172,0.36919493097062606,0.5347647871585259,-0.7015470260784913
index,1.48,index_1.48,44,cam2,False,1.029375076575541,0.16225819430914978,0.5347647871585259,-0.494610289417015
index,1.48,index_1.48,44,cam3,False,1.031617287673609,0.16450040540721778,0.5347647871585259,-0.496852500515083
index,1.48,index_1.48,44,cam4,False,0.5148169239326678,-0.3522999583337234,0.5347647871585259,0.019947863225858176
index,1.48,index_1.48,44,cam5,False,0.6195017406253914,-0.24761514164099974,0.5347647871585259,-0.0847369534668655
index,1.48,index_1.48,44,cam6,False,1.0890270902766936,0.22191020801030248,0.5347647871585259,-0.5542623031181677
index,1.48,index_1.48,44,cam7,False,1.0058502818456445,0.13873339957925335,0.5347647871585259,-0.4710854946871186
index,1.48,index_1.48,44,cam8,False,0.8216956293685188,-0.045421252897872355,0.5347647871585259,-0.2869308422099929
index,1.48,index_1.48,44,cam9,False,0.6965718593543503,-0.17054502291204088,0.5347647871585259,-0.16180707219582435
index,1.51,index_1.51,44,cam0,True,0.0,0.22212546726333107,0.4367647107093031,0.4367647107093031
index,1.51,index_1.51,44,cam1,False,-0.020271252761074207,0.20185421450225688,0.4367647107093031,0.45703596347037734
index,1.51,index_1.51,44,cam10,False,-0.018184069755132308,0.20394139750819876,0.4367647107093031,0.45494878046443543
index,1.51,index_1.51,44,cam11,False,-0.801833280440741,-0.5797078131774099,0.4367647107093031,1.2385979911500442
index,1.51,index_1.51,44,cam2,False,-0.4562020617191959,-0.23407659445586484,0.4367647107093031,0.8929667724284991
index,1.51,index_1.51,44,cam3,False,-1.6086355292926,-1.386510062029269,0.4367647107093031,2.045400240001903
index,1.51,index_1.51,44,cam4,False,0.5058936638514281,0.7280191311147591,0.4367647107093031,-0.06912895314212497
index,1.51,index_1.51,44,cam5,False,-0.004915788308682521,0.21720967895464854,0.4367647107093031,0.4416804990179856
index,1.51,index_1.51,44,cam6,False,-0.6624363305542419,-0.44031086329091085,0.4367647107093031,1.099201041263545
index,1.51,index_1.51,44,cam7,False,-1.2432049959168585,-1.0210795286535275,0.4367647107093031,1.6799697066261616
index,1.51,index_1.51,44,cam8,False,1.051416164893824,1.273541632157155,0.4367647107093031,-0.6146514541845209
index,1.51,index_1.51,44,cam9,False,0.8149933401066327,1.0371188073699638,0.4367647107093031,-0.3782286293973296
index,1.55,index_1.55,44,cam0,True,0.0,0.31063735021667205,-0.9257646227174288,-0.9257646227174288
index,1.55,index_1.55,44,cam1,False,-0.534321317143805,-0.223683966927133,-0.9257646227174288,-0.3914433055736237
index,1.55,index_1.55,44,cam10,False,-0.060718715478520584,0.24991863473815146,-0.9257646227174288,-0.8650459072389082
index,1.55,index_1.55,44,cam11,False,-0.48004757571137,-0.16941022549469797,-0.9257646227174288,-0.44571704700605874
index,1.55,index_1.55,44,cam2,False,-0.4852549155196333,-0.17461756530296124,-0.9257646227174288,-0.4405097071977955
index,1.55,index_1.55,44,cam3,False,-1.012323136461329,-0.7016857862446569,-0.9257646227174288,0.08655851374390022
index,1.55,index_1.55,44,cam4,False,-0.40880865688575163,-0.09817130666907958,-0.9257646227174288,-0.5169559658316771
index,1.55,index_1.55,44,cam5,False,0.07083326191661704,0.3814706121332891,-0.9257646227174288,-0.9965978846340457
index,1.55,index_1.55,44,cam6,False,-0.37318228527654773,-0.06254493505987568,-0.9257646227174288,-0.552582337440881
index,1.55,index_1.55,44,cam7,False,0.21920416549066,0.5298415157073321,-0.9257646227174288,-1.1449687882080888
index,1.55,index_1.55,44,cam8,False,0.12459187683770548,0.4352292270543775,-0.9257646227174288,-1.0503564995551342
index,1.55,index_1.55,44,cam9,False,-0.47698355415141774,-0.1663462039347457,-0.9257646227174288,-0.448781068566011
layout,line,layout_line,44,cam0,True,0.0,-2.5785158979556226,4.652046104031138,4.652046104031138
layout,line,layout_line,44,cam1,False,-0.295583167604867,-2.8740990655604897,4.652046104031138,4.947629271636005
layout,line,layout_line,44,cam10,False,6.824256630563514,4.245740732607892,4.652046104031138,-2.1722105265323766
layout,line,layout_line,44,cam11,False,5.136284732801025,2.5577688348454024,4.652046104031138,-0.4842386287698872
layout,line,layout_line,44,cam2,False,1.8662967305173197,-0.7122191674383029,4.652046104031138,2.785749373513818
layout,line,layout_line,44,cam3,False,0.31130761455935896,-2.267208283396264,4.652046104031138,4.340738489471779
layout,line,layout_line,44,cam4,False,2.6178041782392745,0.03928828028365183,4.652046104031138,2.0342419257918634
layout,line,layout_line,44,cam5,False,-0.026760086037536275,-2.6052759839931587,4.652046104031138,4.678806190068674
layout,line,layout_line,44,cam6,False,-5.450891857965268,-8.029407755920891,4.652046104031138,10.102937961996407
layout,line,layout_line,44,cam7,False,5.900778303215503,3.3222624052598806,4.652046104031138,-1.2487321991843654
layout,line,layout_line,44,cam8,False,6.905425904011247,4.326910006055625,4.652046104031138,-2.2533797999801095
layout,line,layout_line,44,cam9,False,4.574755895212278,1.9962399972566556,4.652046104031138,0.07729020881885962
layout,ring,layout_ring,44,cam0,True,0.0,1.1059429859641567,-1.3165944935957796,-1.3165944935957796
layout,ring,layout_ring,44,cam1,False,-1.544930250605131,-0.43898726464097426,-1.3165944935957796,0.22833575700935138
layout,ring,layout_ring,44,cam10,False,-0.1217649629307446,0.9841780230334122,-1.3165944935957796,-1.194829530665035
layout,ring,layout_ring,44,cam11,False,-0.7284425175870173,0.37750046837713946,-1.3165944935957796,-0.5881519760087623
layout,ring,layout_ring,44,cam2,False,-1.4839975776429577,-0.37805459167880096,-1.3165944935957796,0.16740308404717807
layout,ring,layout_ring,44,cam3,False,-1.5484917329439658,-0.44254874697980906,-1.3165944935957796,0.23189723934818618
layout,ring,layout_ring,44,cam4,False,-1.643198778764809,-0.5372557928006523,-1.3165944935957796,0.3266042851690294
layout,ring,layout_ring,44,cam5,False,-1.4295160730140695,-0.3235730870499127,-1.3165944935957796,0.11292157941828984
layout,ring,layout_ring,44,cam6,False,-0.8582347385797187,0.24770824738443808,-1.3165944935957796,-0.45835975501606097
layout,ring,layout_ring,44,cam7,False,-0.9062408547013999,0.19970213126275682,-1.3165944935957796,-0.4103536388943797
layout,ring,layout_ring,44,cam8,False,-1.178091250094025,-0.0721482641298683,-1.3165944935957796,-0.13850324350175458
layout,ring,layout_ring,44,cam9,False,-0.7224641087418846,0.38347887722227214,-1.3165944935957796,-0.594130384853895
cameras,16,cameras_16,45,cam0,True,0.0,-0.6326843063036408,0.831617822590669,0.831617822590669
cameras,16,cameras_16,45,cam1,False,0.5961238691401987,-0.03656043716344215,0.831617822590669,0.2354939534504703
cameras,16,cameras_16,45,cam10,False,0.740126484651789,0.10744217834814818,0.831617822590669,0.09149133793887998
cameras,16,cameras_16,45,cam11,False,1.029560590179702,0.3968762838760612,0.831617822590669,-0.19794276758903306
cameras,16,cameras_16,45,cam12,False,0.1302220262401994,-0.5024622800634414,0.831617822590669,0.7013957963504696
cameras,16,cameras_16,45,cam13,False,0.7685083984516373,0.1358240921479965,0.831617822590669,0.06310942413903164
cameras,16,cameras_16,45,cam14,False,1.0332811409661014,0.40059683466246054,0.831617822590669,-0.2016633183754324
cameras,16,cameras_16,45,cam15,False,1.0156597677748778,0.38297546147123696,0.831617822590669,-0.1840419451842088
cameras,16,cameras_16,45,cam2,False,0.7291443783403999,0.0964600720367591,0.831617822590669,0.10247344425026905
cameras,16,cameras_16,45,cam3,False,1.3395507305245966,0.7068664242209558,0.831617822590669,-0.5079329079339276
cameras,16,cameras_16,45,cam4,False,-0.0785138246123169,-0.7111981309159577,0.831617822590669,0.9101316472029859
cameras,16,cameras_16,45,cam5,False,0.4097147379720453,-0.22296956833159554,0.831617822590669,0.4219030846186237
cameras,16,cameras_16,45,cam6,False,0.8427936345975195,0.21010932829387874,0.831617822590669,-0.011175812006850583
cameras,16,cameras_16,45,cam7,False,1.0214904956906292,0.3888061893869884,0.831617822590669,-0.18987267309996025
cameras,16,cameras_16,45,cam8,False,-0.21777745438815876,-0.8504617606917996,0.831617822590669,1.0493952769788277
cameras,16,cameras_16,45,cam9,False,0.13037961902539164,-0.5023046872782492,0.831617822590669,0.7012382035652773
cameras,8,cameras_8,45,cam0,True,0.0,-0.33071695053724437,0.35047078918948316,0.35047078918948316
cameras,8,cameras_8,45,cam1,False,0.42069586782079615,0.08997891728355178,0.35047078918948316,-0.070225078631313
cameras,8,cameras_8,45,cam2,False,0.7469059593719334,0.416189008834689,0.35047078918948316,-0.3964351701824502
cameras,8,cameras_8,45,cam3,False,-0.1920582917010567,-0.5227752422383011,0.35047078918948316,0.5425290808905399
cameras,8,cameras_8,45,cam4,False,0.13400139779229295,-0.19671555274495142,0.35047078918948316,0.2164693913971902
cameras,8,cameras_8,45,cam5,False,1.1678442832618892,0.8371273327246448,0.35047078918948316,-0.817373494072406
cameras,8,cameras_8,45,cam6,False,-0.5727113231337576,-0.903428273671002,0.35047078918948316,0.9231821123232408
cameras,8,cameras_8,45,cam7,False,0.6103407603486131,0.2796238098113687,0.35047078918948316,-0.2598699711591299
index,1.333,baseline,45,cam0,True,0.0,0.5194442452882162,-1.4137664077127354,-1.4137664077127354
index,1.333,baseline,45,cam1,False,0.0017606184357227272,0.5212048637239389,-1.4137664077127354,-1.415527026148458
index,1.333,baseline,45,cam10,False,-0.5621978075122298,-0.04275356222401361,-1.4137664077127354,-0.8515686002005056
index,1.333,baseline,45,cam11,False,-0.9570334492538441,-0.43758920396562795,-1.4137664077127354,-0.4567329584588913
index,1.333,baseline,45,cam2,False,-0.6616601823144488,-0.1422159370262326,-1.4137664077127354,-0.7521062253982866
index,1.333,baseline,45,cam3,False,-0.49860309918939805,0.020841146098818153,-1.4137664077127354,-0.9151633085233374
index,1.333,baseline,45,cam4,False,-0.4064796219300573,0.11296462335815888,-1.4137664077127354,-1.0072867857826782
index,1.333,baseline,45,cam5,False,-0.48739520184714563,0.03204904344107057,-1.4137664077127354,-0.9263712058655897
index,1.333,baseline,45,cam6,False,-0.6438170949760947,-0.12437284968787854,-1.4137664077127354,-0.7699493127366407
index,1.333,baseline,45,cam7,False,-0.8745353106395154,-0.3550910653512992,-1.4137664077127354,-0.53923109707322
index,1.333,baseline,45,cam8,False,-0.1357162098957615,0.3837280353924547,-1.4137664077127354,-1.2780501978169738
index,1.333,baseline,45,cam9,False,-0.48820933904760583,0.03123490624061037,-1.4137664077127354,-0.9255570686651295
index,1.36,index_1.36,45,cam0,True,0.0,-0.6525516700097103,0.33171934045261864,0.33171934045261864
index,1.36,index_1.36,45,cam1,False,0.820195790380002,0.16764412037029175,0.33171934045261864,-0.48847644992738337
index,1.36,index_1.36,45,cam10,False,0.6829617860520278,0.03041011604231758,0.33171934045261864,-0.3512424455994092
index,1.36,index_1.36,45,cam11,False,0.7741691691883754,0.12161749917866516,0.33171934045261864,-0.4424498287357568
index,1.36,index_1.36,45,cam2,False,0.40133824790326844,-0.2512134221064418,0.33171934045261864,-0.0696189074506498
index,1.36,index_1.36,45,cam3,False,0.29533036291073045,-0.3572213070989798,0.33171934045261864,0.03638897754188819
index,1.36,index_1.36,45,cam4,False,0.8494770606354676,0.1969253906257573,0.33171934045261864,-0.5177577201828489
index,1.36,index_1.36,45,cam5,False,0.7119533750360515,0.059401705026341234,0.33171934045261864,-0.38023403458343286
index,1.36,index_1.36,45,cam6,False,0.22737985738022562,-0.42517181262948467,0.33171934045261864,0.10433948307239302
index,1.36,index_1.36,45,cam7,False,0.737672841231237,0.08512117122152674,0.33171934045261864,-0.40595350077861836
index,1.36,index_1.36,45,cam8,False,0.9860079449923506,0.3334562749826403,0.33171934045261864,-0.6542886045397319
index,1.36,index_1.36,45,cam9,False,0.6915819343970773,0.03903026438736701,0.33171934045261864,-0.35986259394445863
index,1.39,index_1.39,45,cam0,True,0.0,-0.863452371190077,2.1033133875694165,2.1033133875694165
index,1.39,index_1.39,45,cam1,False,0.674181450312662,-0.18927092087741504,2.1033133875694165,1.4291319372567546
index,1.39,index_1.39,45,cam10,False,0.8800163860225615,0.016564014832484486,2.1033133875694165,1.2232970015468552
index,1.39,index_1.39,45,cam11,False,1.684770219878299,0.821317848688222,2.1033133875694165,0.41854316769111755
index,1.39,index_1.39,45,cam2,False,0.7335883029111877,-0.1298640682788893,2.1033133875694165,1.3697250846582287
index,1.39,index_1.39,45,cam3,False,1.280365822831928,0.4169134516418509,2.1033133875694165,0.8229475647374886
index,1.39,index_1.39,45,cam4,False,0.2727186135526179,-0.5907337576374592,2.1033133875694165,1.8305947740167987
index,1.39,index_1.39,45,cam5,False,0.5515788307650926,-0.3118735404249844,2.1033133875694165,1.551734556804324
index,1.39,index_1.39,45,cam6,False,0.9689421939685707,0.10548982277849372,2.1033133875694165,1.1343711936008458
index,1.39,index_1.39,45,cam7,False,1.269129844269859,0.4056774730797821,2.1033133875694165,0.8341835432995575
index,1.39,index_1.39,45,cam8,False,0.26732030822053043,-0.5961320629695466,2.1033133875694165,1.8359930793488861
index,1.39,index_1.39,45,cam9,False,0.9153641103575374,0.05191173916746039,2.1033133875694165,1.1879492772118792
index,1.42,index_1.42,45,cam0,True,0.0,0.08659918857358252,1.3417648602727095,1.3417648602727095
index,1.42,index_1.42,45,cam1,False,0.27730533119164036,0.36390451976522287,1.3417648602727095,1.064459529081069
index,1.42,index_1.42,45,cam10,False,-0.3831512590516521,-0.2965520704780696,1.3417648602727095,1.7249161193243616
index,1.42,index_1.42,45,cam11,False,-0.15502660354781236,-0.06842741497422984,1.3417648602727095,1.4967914638205218
index,1.42,index_1.42,45,cam2,False,-0.053173467912193476,0.03342572066138905,1.3417648602727095,1.394938328184903
index,1.42,index_1.42,45,cam3,False,-0.08581604833869248,0.0007831402348900396,1.3417648602727095,1.427580908611402
index,1.42,index_1.42,45,cam4,False,0.13406404097432695,0.22066322954790946,1.3417648602727095,1.2077008192983825
index,1.42,index_1.42,45,cam5,False,-0.08917365041942764,-0.0025744618458451163,1.3417648602727095,1.430938510692137
index,1.42,index_1.42,45,cam6,False,-0.2107355873741299,-0.12413639880054737,1.3417648602727095,1.5525004476468394
index,1.42,index_1.42,45,cam7,False,-0.3198569637849943,-0.23325777521141178,1.3417648602727095,1.6616218240577036
index,1.42,index_1.42,45,cam8,False,0.13712456418490687,0.22372375275848938,1.3417648602727095,1.2046402960878027
index,1.42,index_1.42,45,cam9,False,-0.20415143023137966,-0.11755224165779714,1.3417648602727095,1.545916290504089
index,1.45,index_1.45,45,cam0,True,0.0,0.1750912858635125,0.3478080242866888,0.3478080242866888
index,1.45,index_1.45,45,cam1,False,-0.11683316286198626,0.05825812300152623,0.3478080242866888,0.46464118714867503
index,1.45,index_1.45,45,cam10,False,-0.39071172400247145,-0.21562043813895895,0.3478080242866888,0.7385197482891602
index,1.45,index_1.45,45,cam11,False,-0.3056250474610142,-0.1305337615975017,0.3478080242866888,0.653433071747703
index,1.45,index_1.45,45,cam2,False,-0.6033163301634448,-0.42822504429993224,0.3478080242866888,0.9511243544501335
index,1.45,index_1.45,45,cam3,False,0.04671837869684565,0.22180966456035814,0.3478080242866888,0.30108964558984314
index,1.45,index_1.45,45,cam4,False,-0.0417858926819812,0.13330539318153128,0.3478080242866888,0.38959391696866996
index,1.45,index_1.45,45,cam5,False,-0.03050857135252676,0.14458271451098573,0.3478080242866888,0.37831659563921555
index,1.45,index_1.45,45,cam6,False,0.016667745003197745,0.19175903086671026,0.3478080242866888,0.33114027928349105
index,1.45,index_1.45,45,cam7,False,-0.5101847380216656,-0.3350934521581531,0.3478080242866888,0.8579927623083544
index,1.45,index_1.45,45,cam8,False,-0.46793676106113813,-0.2928454751976256,0.3478080242866888,0.8157447853478269
index,1.45,index_1.45,45,cam9,False,0.4775119594075481,0.6526032452710606,0.3478080242866888,-0.12970393512085931
index,1.48,index_1.48,45,cam0,True,0.0,-0.5100181477074275,-0.2218967290557039,-0.2218967290557039
index,1.48,index_1.48,45,cam1,False,0.009876794821230776,-0.5001413528861967,-0.2218967290557039,-0.23177352387693467
index,1.48,index_1.48,45,cam10,False,0.5870402213394963,0.07702207363206881,-0.2218967290557039,-0.8089369503952002
index,1.48,index_1.48,45,cam11,False,0.46726795726386317,-0.04275019044356432,-0.2218967290557039,-0.6891646863195671
index,1.48,index_1.48,45,cam2,False,0.3027447059884185,-0.20727344171900897,-0.2218967290557039,-0.5246414350441224
index,1.48,index_1.48,45,cam3,False,0.4957252988049884,-0.014292848902439093,-0.2218967290557039,-0.7176220278606923
index,1.48,index_1.48,45,cam4,False,0.5317896315651374,0.021771483857709883,-0.2218967290557039,-0.7536863606208413
index,1.48,index_1.48,45,cam5,False,0.5682034277689975,0.05818528006156998,-0.2218967290557039,-0.7901001568247014
index,1.48,index_1.48,45,cam6,False,0.5503871820662672,0.04036903435883976,-0.2218967290557039,-0.7722839111219711
index,1.48,index_1.48,45,cam7,False,0.9101655214827696,0.40014737377534215,-0.2218967290557039,-1.1320622505384734
index,1.48,index_1.48,45,cam8,False,0.5541998909476126,0.04418174324018509,-0.2218967290557039,-0.7760966200033165
index,1.48,index_1.48,45,cam9,False,0.6327989927329205,0.12278084502549302,-0.2218967290557039,-0.8546957217886244
index,1.51,index_1.51,45,cam0,True,0.0,0.12771343757025103,0.13368473845765116,0.13368473845765116
index,1.51,index_1.51,45,cam1,False,-0.09021452793147233,0.037498909638778694,0.13368473845765116,0.2238992663891235
index,1.51,index_1.51,45,cam10,False,-0.525245256635934,-0.397531819065683,0.13368473845765116,0.6589299950935852
index,1.51,index_1.51,45,cam11,False,-0.08975635766865497,0.03795707990159605,0.13368473845765116,0.22344109612630614
index,1.51,index_1.51,45,cam2,False,0.02804029484835581,0.15575373241860685,0.13368473845765116,0.10564444360929535
index,1.51,index_1.51,45,cam3,False,-0.27425037542422986,-0.14653693785397884,0.13368473845765116,0.40793511388188103
index,1.51,index_1.51,45,cam4,False,-0.20441813471366,-0.07670469714340897,0.13368473845765116,0.33810287317131116
index,1.51,index_1.51,45,cam5,False,-0.03676020801418947,0.09095322955606155,0.13368473845765116,0.17044494647184064
index,1.51,index_1.51,45,cam6,False,0.09651676042854354,0.22423019799879457,0.13368473845765116,0.03716797802910762
index,1.51,index_1.51,45,cam7,False,-0.3108428417867526,-0.18312940421650156,0.13368473845765116,0.44452758024440375
index,1.51,index_1.51,45,cam8,False,0.2432300770271968,0.3709435145974478,0.13368473845765116,-0.10954533856954562
index,1.51,index_1.51,45,cam9,False,-0.24114724340196408,-0.11343380583171306,0.13368473845765116,0.37483198185961525
index,1.55,index_1.55,45,cam0,True,0.0,-0.6068676430680271,-0.7777897800500533,-0.7777897800500533
index,1.55,index_1.55,45,cam1,False,0.8436811854562439,0.23681354238821684,-0.7777897800500533,-1.621470965506297
index,1.55,index_1.55,45,cam10,False,0.6321090568333042,0.02524141376527711,-0.7777897800500533,-1.4098988368833574
index,1.55,index_1.55,45,cam11,False,0.3583286960342591,-0.248538947033768,-0.7777897800500533,-1.1361184760843124
index,1.55,index_1.55,45,cam2,False,0.5924416752735224,-0.014425967794504668,-0.7777897800500533,-1.3702314553235757
index,1.55,index_1.55,45,cam3,False,0.7141012552790348,0.10723361221100769,-0.7777897800500533,-1.491891035329088
index,1.55,index_1.55,45,cam4,False,0.44696696737742514,-0.15990067569060196,-0.7777897800500533,-1.2247567474274783
index,1.55,index_1.55,45,cam5,False,0.6779965644698241,0.07112892140179705,-0.7777897800500533,-1.4557863445198773
index,1.55,index_1.55,45,cam6,False,0.5231699690647603,-0.08369767400326678,-0.7777897800500533,-1.3009597491148135
index,1.55,index_1.55,45,cam7,False,1.048589670381396,0.44172202731336885,-0.7777897800500533,-1.8263794504314492
index,1.55,index_1.55,45,cam8,False,0.5638619413172886,-0.04300570175073848,-0.7777897800500533,-1.341651721367342
index,1.55,index_1.55,45,cam9,False,0.27429709226124005,-0.33257055080678705,-0.7777897800500533,-1.0520868723112933
layout,line,layout_line,45,cam0,True,0.0,-1.4324788677510696,2.2375899469941896,2.2375899469941896
layout,line,layout_line,45,cam1,False,-0.5548804817912599,-1.9873593495423294,2.2375899469941896,2.7924704287854496
layout,line,layout_line,45,cam10,False,4.0953661589557075,2.6628872912046377,2.2375899469941896,-1.857776211961518
layout,line,layout_line,45,cam11,False,2.4726633591561558,1.0401844914050862,2.2375899469941896,-0.2350734121619662
layout,line,layout_line,45,cam2,False,0.8383554933409296,-0.59412337441014,2.2375899469941896,1.39923445365326
layout,line,layout_line,45,cam3,False,0.007897358130867609,-1.424581509620202,2.2375899469941896,2.229692588863322
layout,line,layout_line,45,cam4,False,-0.04103746573900103,-1.4735163334900707,2.2375899469941896,2.2786274127331905
layout,line,layout_line,45,cam5,False,-0.26167264747900887,-1.6941515152300783,2.2375899469941896,2.4992625944731985
layout,line,layout_line,45,cam6,False,1.3192181025068404,-0.11326076524422923,2.2375899469941896,0.9183718444873492
layout,line,layout_line,45,cam7,False,1.5699311209750815,0.1374522532240119,2.2375899469941896,0.6676588260191081
layout,line,layout_line,45,cam8,False,2.8719124297228777,1.4394335619718082,2.2375899469941896,-0.6343224827286882
layout,line,layout_line,45,cam9,False,3.4395141174825743,2.007035249731505,2.2375899469941896,-1.2019241704883847
layout,ring,layout_ring,45,cam0,True,0.0,0.3276837156391863,-0.9732112375826496,-0.9732112375826496
layout,ring,layout_ring,45,cam1,False,-0.001991547920231554,0.32569216771895476,-0.9732112375826496,-0.971219689662418
layout,ring,layout_ring,45,cam10,False,-0.2208594537660611,0.10682426187312521,-0.9732112375826496,-0.7523517838165885
layout,ring,layout_ring,45,cam11,False,-0.18668043593780045,0.14100327970138585,-0.9732112375826496,-0.7865308016448491
layout,ring,layout_ring,45,cam2,False,0.5353126482204691,0.8629963638596554,-0.9732112375826496,-1.5085238858031187
layout,ring,layout_ring,45,cam3,False,0.35013022843841873,0.677813944077605,-0.9732112375826496,-1.3233414660210683
layout,ring,layout_ring,45,cam4,False,-0.37018317130244105,-0.04249945566325475,-0.9732112375826496,-0.6030280662802086
layout,ring,layout_ring,45,cam5,False,-0.9308654971336111,-0.6031817814944248,-0.9732112375826496,-0.042345740449038494
layout,ring,layout_ring,45,cam6,False,-0.6995051515274348,-0.37182143588824845,-0.9732112375826496,-0.27370608605521485
layout,ring,layout_ring,45,cam7,False,-0.9075947954214265,-0.5799110797822402,-0.9732112375826496,-0.06561644216122309
layout,ring,layout_ring,45,cam8,False,-0.4153056335751797,-0.08762191793599339,-0.9732112375826496,-0.5579056040074699
layout,ring,layout_ring,45,cam9,False,-0.7569780621057512,-0.42929434646656495,-0.9732112375826496,-0.21623317547689835
cameras,16,cameras_16,46,cam0,True,0.0,0.9925341960817103,-0.7474338732029739,-0.7474338732029739
cameras,16,cameras_16,46,cam1,False,-0.4485331296528736,0.5440010664288367,-0.7474338732029739,-0.2989007435501003
cameras,16,cameras_16,46,cam10,False,-1.1878746494197283,-0.19534045333801797,-0.7474338732029739,0.44044077621675437
cameras,16,cameras_16,46,cam11,False,-1.7595661403043061,-0.7670319442225958,-0.7474338732029739,1.0121322671013322
cameras,16,cameras_16,46,cam12,False,-0.7600048494306901,0.2325293466510202,-0.7474338732029739,0.01257097622771619
cameras,16,cameras_16,46,cam13,False,-0.8623974805596919,0.13013671552201844,-0.7474338732029739,0.11496360735671796
cameras,16,cameras_16,46,cam14,False,-0.9333977191535513,0.05913647692815904,-0.7474338732029739,0.18596384595057736
cameras,16,cameras_16,46,cam15,False,-1.5721810062100428,-0.5796468101283324,-0.7474338732029739,0.8247471330070688
cameras,16,cameras_16,46,cam2,False,-1.1214377063842704,-0.1289035103025601,-0.7474338732029739,0.3740038331812965
cameras,16,cameras_16,46,cam3,False,-1.3142193062416234,-0.3216851101599131,-0.7474338732029739,0.5667854330386495
cameras,16,cameras_16,46,cam4,False,0.06074756582142432,1.0532817619031347,-0.7474338732029739,-0.8081814390243982
cameras,16,cameras_16,46,cam5,False,-0.5369288121114817,0.45560538397022865,-0.7474338732029739,-0.21050506109149225
cameras,16,cameras_16,46,cam6,False,-0.940072585708965,0.052461610372745326,-0.7474338732029739,0.19263871250599107
cameras,16,cameras_16,46,cam7,False,-1.893008447593802,-0.9004742515120917,-0.7474338732029739,1.145574574390828
cameras,16,cameras_16,46,cam8,False,-0.7405367686877644,0.2519974273939459,-0.7474338732029739,-0.006897104515209529
cameras,16,cameras_16,46,cam9,False,-0.878601905588289,0.11393229049342135,-0.7474338732029739,0.13116803238531505
cameras,8,cameras_8,46,cam0,True,0.0,0.05953868214561403,0.9757380252926051,0.9757380252926051
cameras,8,cameras_8,46,cam1,False,-0.24455773781683654,-0.1850190556712225,0.9757380252926051,1.2202957631094415
cameras,8,cameras_8,46,cam2,False,0.1364826222701428,0.19602130441575683,0.9757380252926051,0.8392554030224624
cameras,8,cameras_8,46,cam3,False,-0.09329552231316773,-0.0337568401675537,0.9757380252926051,1.0690335476057728
cameras,8,cameras_8,46,cam4,False,0.0642407904739564,0.12377947261957042,0.9757380252926051,0.9114972348186487
cameras,8,cameras_8,46,cam5,False,-0.16145583965431312,-0.10191715750869909,0.9757380252926051,1.1371938649469182
cameras,8,cameras_8,46,cam6,False,-0.035116532308655024,0.024422149836959006,0.9757380252926051,1.0108545576012602
cameras,8,cameras_8,46,cam7,False,-0.08306855567042498,-0.02352987352481095,0.9757380252926051,1.05880658096303
index,1.333,baseline,46,cam0,True,0.0,-1.0107804152267048,1.6870167531448654,1.6870167531448654
index,1.333,baseline,46,cam1,False,0.31859596548423125,-0.6921844497424736,1.6870167531448654,1.3684207876606342
index,1.333,baseline,46,cam10,False,1.4703213339585273,0.45954091873182246,1.6870167531448654,0.21669541918633817
index,1.333,baseline,46,cam11,False,1.5420933729531177,0.5313129577264128,1.6870167531448654,0.14492338019174777
index,1.333,baseline,46,cam2,False,0.9389591426970504,-0.07182127252965442,1.6870167531448654,0.748057610447815
index,1.333,baseline,46,cam3,False,1.4009553479033134,0.39017493267660863,1.6870167531448654,0.286061405241552
index,1.333,baseline,46,cam4,False,0.14863304930741017,-0.8621473659192946,1.6870167531448654,1.5383837038374553
index,1.333,baseline,46,cam5,False,0.47747599058841445,-0.5333044246382903,1.6870167531448654,1.209540762556451
index,1.333,baseline,46,cam6,False,1.1585254455033922,0.1477450302766874,1.6870167531448654,0.5284913076414732
index,1.333,baseline,46,cam7,False,1.9908925211149378,0.9801121058882329,1.6870167531448654,-0.3038757679700723
index,1.333,baseline,46,cam8,False,0.43146105001400265,-0.5793193652127022,1.6870167531448654,1.2555557031308628
index,1.333,baseline,46,cam9,False,1.2406713479693534,0.2298909327426486,1.6870167531448654,0.446345405175512
index,1.36,index_1.36,46,cam0,True,0.0,-0.17596142732925427,1.332719451511144,1.332719451511144
index,1.36,index_1.36,46,cam1,False,0.487674180205803,0.31171275287654876,1.332719451511144,0.845045271305341
index,1.36,index_1.36,46,cam10,False,-0.32722683299256805,-0.5031882603218223,1.332719451511144,1.659946284503712
index,1.36,index_1.36,46,cam11,False,-0.40860528142802266,-0.5845667087572769,1.332719451511144,1.7413247329391668
index,1.36,index_1.36,46,cam2,False,0.6052571533113693,0.4292957259821151,1.332719451511144,0.7274622981997747
index,1.36,index_1.36,46,cam3,False,0.6868924714194995,0.5109310440902453,1.332719451511144,0.6458269800916445
index,1.36,index_1.36,46,cam4,False,0.5129540880164942,0.33699266068724,1.332719451511144,0.8197653634946498
index,1.36,index_1.36,46,cam5,False,0.4088827090319735,0.23292128170271922,1.332719451511144,0.9238367424791705
index,1.36,index_1.36,46,cam6,False,0.2623714382051859,0.08641001087593161,1.332719451511144,1.0703480133059582
index,1.36,index_1.36,46,cam7,False,-0.09365964784849562,-0.2696210751777499,1.332719451511144,1.4263790993596397
index,1.36,index_1.36,46,cam8,False,-0.23499875385402275,-0.41096018118327704,1.332719451511144,1.5677182053651668
index,1.36,index_1.36,46,cam9,False,0.03603417655458161,-0.13992725077467266,1.332719451511144,1.2966852749565625
index,1.39,index_1.39,46,cam0,True,0.0,0.7493342324965462,-0.05018749889185159,-0.05018749889185159
index,1.39,index_1.39,46,cam1,False,-0.6018171122099828,0.14751712028656339,-0.05018749889185159,0.5516296133181312
index,1.39,index_1.39,46,cam10,False,-1.1087749721642404,-0.3594407396676942,-0.05018749889185159,1.0585874732723888
index,1.39,index_1.39,46,cam11,False,-0.5682833413850462,0.18105089111149997,-0.05018749889185159,0.5180958424931946
index,1.39,index_1.39,46,cam2,False,-0.7084189699464185,0.04091526255012767,-0.05018749889185159,0.6582314710545669
index,1.39,index_1.39,46,cam3,False,-0.9080745721514807,-0.1587403396549345,-0.05018749889185159,0.8578870732596291
index,1.39,index_1.39,46,cam4,False,-0.1441310912813718,0.6052031412151744,-0.05018749889185159,0.09394359238952021
index,1.39,index_1.39,46,cam5,False,-0.822271843960993,-0.07293761146444677,-0.05018749889185159,0.7720843450691414
index,1.39,index_1.39,46,cam6,False,-0.7863316879296377,-0.03699745543309152,-0.05018749889185159,0.7361441890377861
index,1.39,index_1.39,46,cam7,False,-1.5356845954255265,-0.7863503629289803,-0.05018749889185159,1.485497096533675
index,1.39,index_1.39,46,cam8,False,-0.48628748244591846,0.2630467500506277,-0.05018749889185159,0.4360999835540669
index,1.39,index_1.39,46,cam9,False,-0.5726008885613932,0.17673334393515294,-0.05018749889185159,0.5224133896695417
index,1.42,index_1.42,46,cam0,True,0.0,0.16534700046775688,0.3033471352293926,0.3033471352293926
index,1.42,index_1.42,46,cam1,False,-0.0437714593577096,0.12157554111004729,0.3033471352293926,0.3471185945871022
index,1.42,index_1.42,46,cam10,False,-0.1530101764679664,0.01233682399979047,0.3033471352293926,0.45635731169735905
index,1.42,index_1.42,46,cam11,False,-0.8061916131997396,-0.6408446127319828,0.3033471352293926,1.1095387484291321
index,1.42,index_1.42,46,cam2,False,-0.07313669777790718,0.0922103026898497,0.3033471352293926,0.3764838330072998
index,1.42,index_1.42,46,cam3,False,0.0871864522575122,0.25253345272526906,0.3033471352293926,0.2161606829718804
index,1.42,index_1.42,46,cam4,False,-0.30847490822360807,-0.14312790775585119,0.3033471352293926,0.6118220434530006
index,1.42,index_1.42,46,cam5,False,-0.35501888004827464,-0.18967187958051776,0.3033471352293926,0.6583660152776672
index,1.42,index_1.42,46,cam6,False,-0.1251816685884984,0.04016533187925847,0.3033471352293926,0.42852880381789105
index,1.42,index_1.42,46,cam7,False,-0.020168431639400533,0.14517856882835634,0.3033471352293926,0.3235155668687931
index,1.42,index_1.42,46,cam8,False,0.3034724090047406,0.46881940947249745,0.3033471352293926,-0.00012527377534798934
index,1.42,index_1.42,46,cam9,False,-0.32452203110447386,-0.15917503063671698,0.3033471352293926,0.6278691663338665
index,1.45,index_1.45,46,cam0,True,0.0,-0.05742548660721139,-0.5479681515649926,-0.5479681515649926
index,1.45,index_1.45,46,cam1,False,-0.35094071051943243,-0.4083661971266438,-0.5479681515649926,-0.19702744104556014
index,1.45,index_1.45,46,cam10,False,0.47082694559042687,0.41340145898321545,-0.5479681515649926,-1.0187950971554194
index,1.45,index_1.45,46,cam11,False,0.922553920756632,0.8651284341494206,-0.5479681515649926,-1.4705220723216246
index,1.45,index_1.45,46,cam2,False,-0.3948965515469427,-0.45232203815415406,-0.5479681515649926,-0.15307160001804987
index,1.45,index_1.45,46,cam3,False,0.7442827822182413,0.6868572956110299,-0.5479681515649926,-1.292250933783234
index,1.45,index_1.45,46,cam4,False,-0.2797516918065317,-0.33717717841374306,-0.5479681515649926,-0.26821645975846087
index,1.45,index_1.45,46,cam5,False,-0.3198277506476833,-0.3772532372548947,-0.5479681515649926,-0.22814040091730925
index,1.45,index_1.45,46,cam6,False,0.2896824092707944,0.23225692266358303,-0.5479681515649926,-0.8376505608357869
index,1.45,index_1.45,46,cam7,False,0.08258421954176251,0.02515873293455112,-0.5479681515649926,-0.6305523711067551
index,1.45,index_1.45,46,cam8,False,-0.41785477569154794,-0.4752802622987593,-0.5479681515649926,-0.13011337587344463
index,1.45,index_1.45,46,cam9,False,-0.11497844448639383,-0.17240393109360522,-0.5479681515649926,-0.43298970707859874
index,1.48,index_1.48,46,cam0,True,0.0,0.14068876300062924,0.1666843065060153,0.1666843065060153
index,1.48,index_1.48,46,cam1,False,-0.034547795110181044,0.10614096789044819,0.1666843065060153,0.20123210161619634
index,1.48,index_1.48,46,cam10,False,-0.23083446290879298,-0.09014569990816373,0.1666843065060153,0.39751876941480824
index,1.48,index_1.48,46,cam11,False,-0.496934597696036,-0.3562458346954067,0.1666843065060153,0.6636189042020513
index,1.48,index_1.48,46,cam2,False,0.15810605494919827,0.29879481794982754,0.1666843065060153,0.008578251556817018
index,1.48,index_1.48,46,cam3,False,-0.8352986352407905,-0.6946098722401612,0.1666843065060153,1.0019829417468058
index,1.48,index_1.48,46,cam4,False,0.13018490918191528,0.27087367218254454,0.1666843065060153,0.036499397324100014
index,1.48,index_1.48,46,cam5,False,-0.04947962259201555,0.09120914040861369,0.1666843065060153,0.21616392909803084
index,1.48,index_1.48,46,cam6,False,0.10158637198944627,0.24227513499007552,0.1666843065060153,0.06509793451656902
index,1.48,index_1.48,46,cam7,False,-0.27063952458670093,-0.1299507615860717,0.1666843065060153,0.4373238310927162
index,1.48,index_1.48,46,cam8,False,-0.15738023971236317,-0.016691476711733932,0.1666843065060153,0.32406454621837844
index,1.48,index_1.48,46,cam9,False,0.13766114871939863,0.2783499117200279,0.1666843065060153,0.029023157786616655
index,1.51,index_1.51,46,cam0,True,0.0,-0.529753905784485,1.0491892399382419,1.0491892399382419
index,1.51,index_1.51,46,cam1,False,0.6935132575285226,0.16375935174403755,1.0491892399382419,0.3556759824097193
index,1.51,index_1.51,46,cam10,False,0.34703892115780155,-0.18271498462668345,1.0491892399382419,0.7021503187804403
index,1.51,index_1.51,46,cam11,False,0.7481970965773441,0.21844319079285912,1.0491892399382419,0.30099214336089775
index,1.51,index_1.51,46,cam2,False,0.976037367133344,0.446283461348859,1.0491892399382419,0.07315187280489788
index,1.51,index_1.51,46,cam3,False,1.0913376533399104,0.5615837475554254,1.0491892399382419,-0.04214841340166853
index,1.51,index_1.51,46,cam4,False,-0.029113531752358607,-0.5588674375368436,1.0491892399382419,1.0783027716906004
index,1.51,index_1.51,46,cam5,False,0.34428558056939046,-0.18546832521509454,1.0491892399382419,0.7049036593688514
index,1.51,index_1.51,46,cam6,False,0.6783585901909506,0.14860468440646557,1.0491892399382419,0.3708306497472913
index,1.51,index_1.51,46,cam7,False,1.8225484848016695,1.2927945790171846,1.0491892399382419,-0.7733592448634277
index,1.51,index_1.51,46,cam8,False,-0.7003603693289846,-1.2301142751134697,1.0491892399382419,1.7495496092672265
index,1.51,index_1.51,46,cam9,False,-0.1445500865882559,-0.674303992372741,1.0491892399382419,1.1937393265264977
index,1.55,index_1.55,46,cam0,True,0.0,-0.2201486700385464,-0.4486126328071549,-0.4486126328071549
index,1.55,index_1.55,46,cam1,False,0.17371213340477804,-0.04643653663376837,-0.4486126328071549,-0.6223247662119329
index,1.55,index_1.55,46,cam10,False,0.37388230680824663,0.15373363676970023,-0.4486126328071549,-0.8224949396154015
index,1.55,index_1.55,46,cam11,False,-0.012962403334757129,-0.23311107337330353,-0.4486126328071549,-0.4356502294723978
index,1.55,index_1.55,46,cam2,False,0.6548863295534123,0.43473765951486587,-0.4486126328071549,-1.1034989623605673
index,1.55,index_1.55,46,cam3,False,0.23824468133690907,0.018096011298362663,-0.4486126328071549,-0.6868573141440639
index,1.55,index_1.55,46,cam4,False,0.14335815028010185,-0.07679051975844456,-0.4486126328071549,-0.5919707830872567
index,1.55,index_1.55,46,cam5,False,0.5690834713260422,0.34893480128749577,-0.4486126328071549,-1.017696104133197
index,1.55,index_1.55,46,cam6,False,-0.0469612191905278,-0.2671098892290742,-0.4486126328071549,-0.4016514136166271
index,1.55,index_1.55,46,cam7,False,0.4045934503990739,0.1844447803605275,-0.4486126328071549,-0.8532060832062288
index,1.55,index_1.55,46,cam8,False,-0.033502134383132584,-0.253650804421679,-0.4486126328071549,-0.4151104984240223
index,1.55,index_1.55,46,cam9,False,-0.04269939577613603,-0.26284806581468245,-0.4486126328071549,-0.4059132370310189
layout,line,layout_line,46,cam0,True,0.0,1.3860551884954067,-2.5115901236123506,-2.5115901236123506
layout,line,layout_line,46,cam1,False,-0.23610480141786958,1.1499503870775372,-2.5115901236123506,-2.275485322194481
layout,line,layout_line,46,cam10,False,-2.142073489157471,-0.7560183006620642,-2.5115901236123506,-0.3695166344548797
layout,line,layout_line,46,cam11,False,-1.9420463394448813,-0.5559911509494746,-2.5115901236123506,-0.5695437841674693
layout,line,layout_line,46,cam2,False,-1.2011053530651747,0.1849498354302319,-2.5115901236123506,-1.3104847705471758
layout,line,layout_line,46,cam3,False,-2.4464556238819037,-1.060400435386497,-2.5115901236123506,-0.06513449973044683
layout,line,layout_line,46,cam4,False,-1.6843841060973412,-0.2983289176019346,-2.5115901236123506,-0.8272060175150093
layout,line,layout_line,46,cam5,False,-1.032686866580473,0.3533683219149337,-2.5115901236123506,-1.4789032570318776
layout,line,layout_line,46,cam6,False,-1.8240915409406817,-0.43803635244527506,-2.5115901236123506,-0.6874985826716689
layout,line,layout_line,46,cam7,False,-0.4156409045156838,0.9704142839797228,-2.5115901236123506,-2.0959492190966666
layout,line,layout_line,46,cam8,False,-0.944262674471133,0.44179251402427366,-2.5115901236123506,-1.5673274491412177
layout,line,layout_line,46,cam9,False,-1.3777553738768604,0.00829981461854623,-2.5115901236123506,-1.1338347497354901
layout,ring,layout_ring,46,cam0,True,0.0,0.06324517963698965,-1.3565061394704703,-1.3565061394704703
layout,ring,layout_ring,46,cam1,False,0.12344675297731086,0.1866919326143005,-1.3565061394704703,-1.4799528924477812
layout,ring,layout_ring,46,cam10,False,0.4687479091055641,0.5319930887425537,-1.3565061394704703,-1.8252540485760345
layout,ring,layout_ring,46,cam11,False,0.13867684707982805,0.2019220267168177,-1.3565061394704703,-1.4951829865502984
layout,ring,layout_ring,46,cam2,False,0.11540886946283636,0.17865404909982602,-1.3565061394704703,-1.4719150089333066
layout,ring,layout_ring,46,cam3,False,-0.5762706754863286,-0.513025495849339,-1.3565061394704703,-0.7802354639841417
layout,ring,layout_ring,46,cam4,False,0.18631867112618283,0.2495638507631725,-1.3565061394704703,-1.542824810596653
layout,ring,layout_ring,46,cam5,False,-0.6484568464942692,-0.5852116668572795,-1.3565061394704703,-0.7080492929762011
layout,ring,layout_ring,46,cam6,False,-0.206740446225195,-0.14349526658820533,-1.3565061394704703,-1.1497656932452753
layout,ring,layout_ring,46,cam7,False,-0.6103527372557623,-0.5471075576187727,-1.3565061394704703,-0.7461534022147079
layout,ring,layout_ring,46,cam8,False,-0.001193589728453598,0.062051589908536056,-1.3565061394704703,-1.3553125497420166
layout,ring,layout_ring,46,cam9,False,0.31471826943140024,0.3779634490683899,-1.3565061394704703,-1.6712244089018706
cameras,16,cameras_16,47,cam0,True,0.0,-1.3031222632347006,1.4669776923148525,1.4669776923148525
cameras,16,cameras_16,47,cam1,False,0.9624843572327869,-0.3406379060019137,1.4669776923148525,0.5044933350820656
cameras,16,cameras_16,47,cam10,False,1.2490594626147862,-0.05406280061991442,1.4669776923148525,0.21791822970006636
cameras,16,cameras_16,47,cam11,False,1.9704298152052224,0.6673075519705218,1.4669776923148525,-0.5034521228903699
cameras,16,cameras_16,47,cam12,False,0.48175427737658355,-0.8213679858581171,1.4669776923148525,0.985223414938269
cameras,16,cameras_16,47,cam13,False,1.2691109023359963,-0.03401136089870427,1.4669776923148525,0.1978667899788562
cameras,16,cameras_16,47,cam14,False,1.9955412919335753,0.6924190286988747,1.4669776923148525,-0.5285635996187228
cameras,16,cameras_16,47,cam15,False,2.373342614255149,1.0702203510204484,1.4669776923148525,-0.9063649219402965
cameras,16,cameras_16,47,cam2,False,1.4063371175005446,0.10321485426584398,1.4669776923148525,0.06064057481430796
cameras,16,cameras_16,47,cam3,False,1.5829280437148,0.2798057804800993,1.4669776923148525,-0.11595035139994736
cameras,16,cameras_16,47,cam4,False,0.6790946334504288,-0.6240276297842718,1.4669776923148525,0.7878830588644238
cameras,16,cameras_16,47,cam5,False,0.8721574445559755,-0.43096481867872505,1.4669776923148525,0.594820247758877
cameras,16,cameras_16,47,cam6,False,1.6059726502874898,0.3028503870527892,1.4669776923148525,-0.13899495797263728
cameras,16,cameras_16,47,cam7,False,1.9811885799444597,0.6780663167097591,1.4669776923148525,-0.5142108876296072
cameras,16,cameras_16,47,cam8,False,0.3895482941385833,-0.9135739690961173,1.4669776923148525,1.0774293981762693
cameras,16,cameras_16,47,cam9,False,0.727884463974122,-0.5752377992605786,1.4669776923148525,0.7390932283407305
cameras,8,cameras_8,47,cam0,True,0.0,-0.23140341963252456,-0.07508495629182654,-0.07508495629182654
cameras,8,cameras_8,47,cam1,False,0.20837040463624046,-0.0230330149962841,-0.07508495629182654,-0.283455360928067
cameras,8,cameras_8,47,cam2,False,0.28867361098210836,0.057270191349583804,-0.07508495629182654,-0.3637585672739349
cameras,8,cameras_8,47,cam3,False,-0.031982128510931775,-0.2633855481434563,-0.07508495629182654,-0.04310282778089477
cameras,8,cameras_8,47,cam4,False,0.6221887844067718,0.3907853647742473,-0.07508495629182654,-0.6972737406985984
cameras,8,cameras_8,47,cam5,False,0.20261405133851704,-0.028789368294007522,-0.07508495629182654,-0.2776990076303436
cameras,8,cameras_8,47,cam6,False,-0.06787687575681703,-0.2992802953893416,-0.07508495629182654,-0.0072080805350095145
cameras,8,cameras_8,47,cam7,False,0.39783609033178324,0.16643267069925868,-0.07508495629182654,-0.4729210466236098
index,1.333,baseline,47,cam0,True,0.0,0.2447973775389095,-0.6091269503931684,-0.6091269503931684
index,1.333,baseline,47,cam1,False,-0.26734396566950336,-0.022546588130593848,-0.6091269503931684,-0.3417829847236651
index,1.333,baseline,47,cam10,False,-0.3298709201544946,-0.08507354261558508,-0.6091269503931684,-0.27925603023867385
index,1.333,baseline,47,cam11,False,0.061849199108105546,0.30664657664701506,-0.6091269503931684,-0.670976149501274
index,1.333,baseline,47,cam2,False,-0.38534040262520713,-0.14054302508629762,-0.6091269503931684,-0.2237865477679613
index,1.333,baseline,47,cam3,False,-1.432473504818454,-1.1876761272795444,-0.6091269503931684,0.8233465544252856
index,1.333,baseline,47,cam4,False,0.37957496267218516,0.6243723402110947,-0.6091269503931684,-0.9887019130653536
index,1.333,baseline,47,cam5,False,-0.15181157808735485,0.09298579945155466,-0.6091269503931684,-0.4573153723058136
index,1.333,baseline,47,cam6,False,-0.40641056978048307,-0.16161319224157356,-0.6091269503931684,-0.20271638061268538
index,1.333,baseline,47,cam7,False,-0.48865553798702577,-0.24385816044811626,-0.6091269503931684,-0.12047141240614267
index,1.333,baseline,47,cam8,False,0.35129994968344325,0.5960973272223528,-0.6091269503931684,-0.9604269000766117
index,1.333,baseline,47,cam9,False,-0.023588785269215706,0.2212085922696938,-0.6091269503931684,-0.5855381651239527
index,1.36,index_1.36,47,cam0,True,0.0,0.09830958532577877,-0.09401283833021523,-0.09401283833021523
index,1.36,index_1.36,47,cam1,False,0.10851358261792539,0.20682316794370414,-0.09401283833021523,-0.2025264209481406
index,1.36,index_1.36,47,cam10,False,-0.3401643044924933,-0.24185471916671453,-0.09401283833021523,0.24615146616227807
index,1.36,index_1.36,47,cam11,False,-1.2202676341046426,-1.1219580487788638,-0.09401283833021523,1.1262547957744273
index,1.36,index_1.36,47,cam2,False,0.4060573515815829,0.5043669369073617,-0.09401283833021523,-0.5000701899117981
index,1.36,index_1.36,47,cam3,False,0.14510895834944898,0.24341854367522775,-0.09401283833021523,-0.2391217966796642
index,1.36,index_1.36,47,cam4,False,0.13304108474775567,0.23135067007353444,-0.09401283833021523,-0.2270539230779709
index,1.36,index_1.36,47,cam5,False,-0.03935196099645599,0.05895762432932278,-0.09401283833021523,-0.05466087733375924
index,1.36,index_1.36,47,cam6,False,0.06303480909226498,0.16134439441804377,-0.09401283833021523,-0.15704764742248023
index,1.36,index_1.36,47,cam7,False,0.2784658758285298,0.37677546115430854,-0.09401283833021523,-0.372478714158745
index,1.36,index_1.36,47,cam8,False,-0.15120794493547665,-0.05289835960969788,-0.09401283833021523,0.05719510660526142
index,1.36,index_1.36,47,cam9,False,-0.4646352562720059,-0.36632567094622714,-0.09401283833021523,0.3706224179417907
index,1.39,index_1.39,47,cam0,True,0.0,-0.734173186471078,-0.12448254670616166,-0.12448254670616166
index,1.39,index_1.39,47,cam1,False,-0.4571912136250186,-1.1913644000960966,-0.12448254670616166,0.3327086669188569
index,1.39,index_1.39,47,cam10,False,1.6079593539662655,0.8737861674951876,-0.12448254670616166,-1.7324419006724272
index,1.39,index_1.39,47,cam11,False,2.172203097001196,1.4380299105301182,-0.12448254670616166,-2.2966856437073577
index,1.39,index_1.39,47,cam2,False,0.09850313827658615,-0.6356700481944918,-0.12448254670616166,-0.2229856849827478
index,1.39,index_1.39,47,cam3,False,0.44773710629130226,-0.28643608017977573,-0.12448254670616166,-0.5722196529974639
index,1.39,index_1.39,47,cam4,False,-0.03313916768039188,-0.7673123541514699,-0.12448254670616166,-0.09134337902576978
index,1.39,index_1.39,47,cam5,False,0.08409919496781601,-0.650073991503262,-0.12448254670616166,-0.20858174167397767
index,1.39,index_1.39,47,cam6,False,0.7578158192206524,0.023642632749574455,-0.12448254670616166,-0.8822983659268141
index,1.39,index_1.39,47,cam7,False,1.38318925784908,0.6490160713780021,-0.12448254670616166,-1.5076718045552417
index,1.39,index_1.39,47,cam8,False,0.699463270455893,-0.03470991601518503,-0.12448254670616166,-0.8239458171620546
index,1.39,index_1.39,47,cam9,False,1.3152651944584766,0.5810920079873986,-0.12448254670616166,-1.4397477411646382
index,1.42,index_1.42,47,cam0,True,0.0,-0.432105096555686,-0.10308803418279666,-0.10308803418279666
index,1.42,index_1.42,47,cam1,False,0.6574551409979079,0.2253500444422219,-0.10308803418279666,-0.7605431751807046
index,1.42,index_1.42,47,cam10,False,0.4101867339814389,-0.02191836257424712,-0.10308803418279666,-0.5132747681642356
index,1.42,index_1.42,47,cam11,False,0.9271798445774307,0.4950747480217447,-0.10308803418279666,-1.0302678787602275
index,1.42,index_1.42,47,cam2,False,0.4527780259818738,0.02067292942618776,-0.10308803418279666,-0.5558660601646704
index,1.42,index_1.42,47,cam3,False,0.46534693804519117,0.03324184148950515,-0.10308803418279666,-0.5684349722279878
index,1.42,index_1.42,47,cam4,False,-0.05420760414574051,-0.4863127007014265,-0.10308803418279666,-0.04888043003705615
index,1.42,index_1.42,47,cam5,False,0.43255937593674776,0.0004542793810617396,-0.10308803418279666,-0.5356474101195444
index,1.42,index_1.42,47,cam6,False,0.793221301601991,0.361116205046305,-0.10308803418279666,-0.8963093357847877
index,1.42,index_1.42,47,cam7,False,0.9446898361022263,0.5125847395465404,-0.10308803418279666,-1.0477778702850231
index,1.42,index_1.42,47,cam8,False,-0.4416088683541538,-0.8737139649098398,-0.10308803418279666,0.33852083417135714
index,1.42,index_1.42,47,cam9,False,0.16555533738763298,-0.266549759168053,-0.10308803418279666,-0.2686433715704296
index,1.45,index_1.45,47,cam0,True,0.0,0.7654088177093783,-0.9868284996858989,-0.9868284996858989
index,1.45,index_1.45,47,cam1,False,-1.011919416849438,-0.2465105991400598,-0.9868284996858989,0.025090917163539173
index,1.45,index_1.45,47,cam10,False,-1.0849198464637473,-0.319511028754369,-0.9868284996858989,0.09809134677784836
index,1.45,index_1.45,47,cam11,False,-1.2097478115792983,-0.44433899386992004,-0.9868284996858989,0.22291931189339942
index,1.45,index_1.45,47,cam2,False,-0.9137252139395612,-0.1483163962301829,-0.9868284996858989,-0.07310328574633773
index,1.45,index_1.45,47,cam3,False,-2.186283086194413,-1.4208742684850346,-0.9868284996858989,1.199454586508514
index,1.45,index_1.45,47,cam4,False,-0.016484116109622988,0.7489247015997553,-0.9868284996858989,-0.970344383576276
index,1.45,index_1.45,47,cam5,False,-0.441538538661938,0.3238702790474403,-0.9868284996858989,-0.545289961023961
index,1.45,index_1.45,47,cam6,False,-1.0074127054074087,-0.24200388769803038,-0.9868284996858989,0.020584205721509763
index,1.45,index_1.45,47,cam7,False,-1.9360187240796047,-1.1706099063702264,-0.9868284996858989,0.9491902243937058
index,1.45,index_1.45,47,cam8,False,0.9152227026086781,1.6806315203180564,-0.9868284996858989,-1.902051202294577
index,1.45,index_1.45,47,cam9,False,0.47332976187319364,1.2387385795825718,-0.9868284996858989,-1.4601582615590925
index,1.48,index_1.48,47,cam0,True,0.0,-0.30730790454931073,0.5614608043384983,0.5614608043384983
index,1.48,index_1.48,47,cam1,False,0.10987545447239516,-0.19743245007691557,0.5614608043384983,0.45158534986610316
index,1.48,index_1.48,47,cam10,False,0.28641500184234736,-0.020892902706963368,0.5614608043384983,0.27504580249615096
index,1.48,index_1.48,47,cam11,False,0.08850937563446805,-0.2187985289148427,0.5614608043384983,0.4729514287040303
index,1.48,index_1.48,47,cam2,False,-0.14895938896227964,-0.45626729351159034,0.5614608043384983,0.710420193300778
index,1.48,index_1.48,47,cam3,False,0.000386551042423286,-0.30692135350688743,0.5614608043384983,0.5610742532960751
index,1.48,index_1.48,47,cam4,False,0.44285570715816736,0.13554780260885663,0.5614608043384983,0.11860509718033097
index,1.48,index_1.48,47,cam5,False,0.6461639672739137,0.33885606272460295,0.5614608043384983,-0.08470316293541535
index,1.48,index_1.48,47,cam6,False,0.3011950557149667,-0.006112848834344042,0.5614608043384983,0.26026574862353163
index,1.48,index_1.48,47,cam7,False,0.8623310240957212,0.5550231195464104,0.5614608043384983,-0.30087021975722283
index,1.48,index_1.48,47,cam8,False,0.5418089164791173,0.2345010119298066,0.5614608043384983,0.01965188785938099
index,1.48,index_1.48,47,cam9,False,0.2498052852911775,-0.05750261925813324,0.5614608043384983,0.3116555190473208
index,1.51,index_1.51,47,cam0,True,0.0,-0.12765167352547968,-1.0280291755635496,-1.0280291755635496
index,1.51,index_1.51,47,cam1,False,0.0760394305392835,-0.05161224298619618,-1.0280291755635496,-1.104068606102833
index,1.51,index_1.51,47,cam10,False,-0.09541110302508163,-0.2230627765505613,-1.0280291755635496,-0.932618072538468
index,1.51,index_1.51,47,cam11,False,0.7370033794882533,0.6093517059627737,-1.0280291755635496,-1.765032555051803
index,1.51,index_1.51,47,cam2,False,0.2568334329828767,0.12918175945739702,-1.0280291755635496,-1.2848626085464263
index,1.51,index_1.51,47,cam3,False,0.5683678350273972,0.4407161615019175,-1.0280291755635496,-1.5963970105909469
index,1.51,index_1.51,47,cam4,False,-0.24419628216541464,-0.37184795569089435,-1.0280291755635496,-0.7838328933981349
index,1.51,index_1.51,47,cam5,False,-0.09076527757935493,-0.2184169511048346,-1.0280291755635496,-0.9372638979841946
index,1.51,index_1.51,47,cam6,False,0.1408333050699458,0.01318163154446611,-1.0280291755635496,-1.1688624806334953
index,1.51,index_1.51,47,cam7,False,0.28977950710429734,0.16212783357881766,-1.0280291755635496,-1.317808682667847
index,1.51,index_1.51,47,cam8,False,0.028721211994396645,-0.09893046153108304,-1.0280291755635496,-1.0567503875579463
index,1.51,index_1.51,47,cam9,False,-0.2630370306563228,-0.39068870418180246,-1.0280291755635496,-0.7649921449072268
index,1.55,index_1.55,47,cam0,True,0.0,1.0051066376851117,-0.24571152006824803,-0.24571152006824803
index,1.55,index_1.55,47,cam1,False,-0.4462493871717221,0.5588572505133895,-0.24571152006824803,0.20053786710347404
index,1.55,index_1.55,47,cam10,False,-1.5698243622796395,-0.5647177245945278,-0.24571152006824803,1.3241128422113915
index,1.55,index_1.55,47,cam11,False,-1.3520524129522897,-0.34694577526717807,-0.24571152006824803,1.1063408928840417
index,1.55,index_1.55,47,cam2,False,-1.1266609714898796,-0.12155433380476799,-0.24571152006824803,0.8809494514216316
index,1.55,index_1.55,47,cam3,False,-1.303348639337684,-0.2982420016525724,-0.24571152006824803,1.057637119269436
index,1.55,index_1.55,47,cam4,False,-1.0456375904149122,-0.04053095272980056,-0.24571152006824803,0.7999260703466642
index,1.55,index_1.55,47,cam5,False,-0.7909043901198781,0.21420224756523354,-0.24571152006824803,0.5451928700516301
index,1.55,index_1.55,47,cam6,False,-1.2021141431499804,-0.19700750546486878,-0.24571152006824803,0.9564026230817324
index,1.55,index_1.55,47,cam7,False,-1.3944017864299507,-0.38929514874483906,-0.24571152006824803,1.1486902663617027
index,1.55,index_1.55,47,cam8,False,-0.39987140685949574,0.6052352308256159,-0.24571152006824803,0.1541598867912477
index,1.55,index_1.55,47,cam9,False,-0.4251079243307943,0.5799987133543174,-0.24571152006824803,0.17939640426254627
layout,line,layout_line,47,cam0,True,0.0,0.32838097561142604,-1.9554636719492091,-1.9554636719492091
layout,line,layout_line,47,cam1,False,-2.9504090094856092,-2.6220280338741833,-1.9554636719492091,0.9949453375364001
layout,line,layout_line,47,cam10,False,-0.1542976236998733,0.17408335191155275,-1.9554636719492091,-1.801166048249336
layout,line,layout_line,47,cam11,False,0.5349637173399967,0.8633446929514228,-1.9554636719492091,-2.4904273892892057
layout,line,layout_line,47,cam2,False,-0.38558447966171444,-0.0572035040502884,-1.9554636719492091,-1.5698791922874946
layout,line,layout_line,47,cam3,False,-0.706758139311251,-0.37837716369982494,-1.9554636719492091,-1.2487055326379581
layout,line,layout_line,47,cam4,False,-1.2564784210613738,-0.9280974454499478,-1.9554636719492091,-0.6989852508878354
layout,line,layout_line,47,cam5,False,1.417879212381178,1.746260187992604,-1.9554636719492091,-3.373342884330387
layout,line,layout_line,47,cam6,False,1.02294259464862,1.351323570260046,-1.9554636719492091,-2.978406266597829
layout,line,layout_line,47,cam7,False,-1.6949457373286259,-1.3665647617171999,-1.9554636719492091,-0.26051793462058326
layout,line,layout_line,47,cam8,False,-0.33156721232901337,-0.003186236717587332,-1.9554636719492091,-1.6238964596201957
layout,line,layout_line,47,cam9,False,0.8920643667819803,1.2204453423934063,-1.9554636719492091,-2.8475280387311894
layout,ring,layout_ring,47,cam0,True,0.0,0.10437848045539845,0.3609847190613191,0.3609847190613191
layout,ring,layout_ring,47,cam1,False,-1.046888073081356,-0.9425095926259575,0.3609847190613191,1.407872792142675
layout,ring,layout_ring,47,cam10,False,0.6076705604291374,0.7120490408845358,0.3609847190613191,-0.24668584136781824
layout,ring,layout_ring,47,cam11,False,0.7310351230720474,0.8354136035274459,0.3609847190613191,-0.3700504040107283
layout,ring,layout_ring,47,cam2,False,-1.0572813063083781,-0.9529028258529797,0.3609847190613191,1.4182660253696973
layout,ring,layout_ring,47,cam3,False,-1.6255696859775637,-1.5211912055221652,0.3609847190613191,1.9865544050388828
layout,ring,layout_ring,47,cam4,False,-0.66900385399422,-0.5646253735388216,0.3609847190613191,1.0299885730555391
layout,ring,layout_ring,47,cam5,False,-0.5136709385932539,-0.4092924581378554,0.3609847190613191,0.874655657654573
layout,ring,layout_ring,47,cam6,False,-0.4654128542353384,-0.36103437377993997,0.3609847190613191,0.8263975732966575
layout,ring,layout_ring,47,cam7,False,1.3591286676595151,1.4635071481149136,0.3609847190613191,-0.998143948598196
layout,ring,layout_ring,47,cam8,False,0.6049970230101198,0.7093755034655183,0.3609847190613191,-0.2440123039488007
layout,ring,layout_ring,47,cam9,False,0.9268320530099062,1.0312105334653048,0.3609847190613191,-0.5658473339485871
