arm,shared_interface,refine_intrinsics,intrinsics_source,camera,water_z_recovered_m,water_z_gt_m,water_z_error_mm,camera_height_recovered_m,camera_height_gt_m,camera_height_drift_mm,surface_height_sum_m,focal_length_recovered_px,focal_length_gt_px,focal_drift_pct,standoff_m,reprojection_rms_px_control,degenerate_observations_at_solution,degenerate_observations_cause_above_interface,degenerate_observations_cause_behind_camera,degenerate_observations_cause_interface_below_camera,degenerate_observations_fate_extended,degenerate_observations_fate_penalized
percamera_fixed,False,False,ground_truth_fixed,cam0,1.0304490729469498,1.031,-0.5509270530501542,1.0304490729469498,1.031,-0.5509270530501542,1.0304490729469498,1587.79,1587.79,0.0,1.0304490729469498,0.4995324693586264,0,0,0,0,0,0
percamera_fixed,False,False,ground_truth_fixed,cam1,1.0273467606657423,1.031,-3.653239334257652,1.0283556330024428,1.031,-2.6443669975571016,1.0273467606657423,1587.79,1587.79,0.0,1.0283556330024428,0.4995324693586264,0,0,0,0,0,0
percamera_fixed,False,False,ground_truth_fixed,cam10,1.0340429030082985,1.031,3.0429030082985697,1.0334607743030169,1.031,2.4607743030169438,1.0340429030082985,1587.79,1587.79,0.0,1.0334607743030169,0.4995324693586264,0,0,0,0,0,0
percamera_fixed,False,False,ground_truth_fixed,cam11,1.0383223534290165,1.031,7.322353429016548,1.0363648011072255,1.031,5.364801107225592,1.0383223534290165,1587.79,1587.79,0.0,1.0363648011072255,0.4995324693586264,0,0,0,0,0,0
percamera_fixed,False,False,ground_truth_fixed,cam2,1.031604173385235,1.031,0.6041733852351072,1.0312958006732225,1.031,0.295800673222546,1.031604173385235,1587.79,1587.79,0.0,1.0312958006732225,0.4995324693586264,0,0,0,0,0,0
percamera_fixed,False,False,ground_truth_fixed,cam3,1.0284228886853017,1.031,-2.5771113146981772,1.029126091397437,1.031,-1.8739086025629792,1.0284228886853017,1587.79,1587.79,0.0,1.029126091397437,0.4995324693586264,0,0,0,0,0,0
percamera_fixed,False,False,ground_truth_fixed,cam4,1.0269680853777599,1.031,-4.031914622240063,1.02831307854669,1.031,-2.686921453309843,1.0269680853777599,1587.79,1587.79,0.0,1.02831307854669,0.4995324693586264,0,0,0,0,0,0
percamera_fixed,False,False,ground_truth_fixed,cam5,1.0344934987241305,1.031,3.493498724130628,1.0338783107274114,1.031,2.878310727411515,1.0344934987241305,1587.79,1587.79,0.0,1.0338783107274114,0.4995324693586264,0,0,0,0,0,0
percamera_fixed,False,False,ground_truth_fixed,cam6,1.0320441568797656,1.031,1.0441568797656675,1.0322156919465049,1.031,1.2156919465049487,1.0320441568797656,1587.79,1587.79,0.0,1.0322156919465049,0.4995324693586264,0,0,0,0,0,0
percamera_fixed,False,False,ground_truth_fixed,cam7,1.0304869427658605,1.031,-0.5130572341394135,1.0313014243429954,1.031,0.30142434299551546,1.0304869427658605,1587.79,1587.79,0.0,1.0313014243429954,0.4995324693586264,0,0,0,0,0,0
percamera_fixed,False,False,ground_truth_fixed,cam8,1.0339021932032286,1.031,2.902193203228709,1.0336581646956513,1.031,2.6581646956513882,1.0339021932032286,1587.79,1587.79,0.0,1.0336581646956513,0.4995324693586264,0,0,0,0,0,0
percamera_fixed,False,False,ground_truth_fixed,cam9,1.03143046256271,1.031,0.43046256271006555,1.0318595398180512,1.031,0.8595398180513136,1.03143046256271,1587.79,1587.79,0.0,1.0318595398180512,0.4995324693586264,0,0,0,0,0,0
percamera_refined,False,True,refined_from_ground_truth,cam0,1.0237643177241351,1.031,-7.2356822758647965,1.0237643177241351,1.031,-7.2356822758647965,1.0237643177241351,1585.5232921468212,1587.79,-0.14275866790814823,1.0237643177241351,0.4989389940234133,0,0,0,0,0,0
percamera_refined,False,True,refined_from_ground_truth,cam1,1.02716372661875,1.031,-3.8362733812498107,1.0278339022958263,1.031,-3.1660977041736427,1.02716372661875,1586.3917934574854,1587.79,-0.08805991614222108,1.0278339022958263,0.4989389940234133,0,0,0,0,0,0
percamera_refined,False,True,refined_from_ground_truth,cam10,1.0211085228726562,1.031,-9.891477127343729,1.0214051231386279,1.031,-9.59487686137206,1.0211085228726562,1584.800899064174,1587.79,-0.18825543276037418,1.0214051231386279,0.4989389940234133,0,0,0,0,0,0
percamera_refined,False,True,refined_from_ground_truth,cam11,1.0298201101631475,1.031,-1.1798898368524657,1.0279052675060707,1.031,-3.09473249392922,1.0298201101631475,1585.2522873882858,1587.79,-0.15982671585752156,1.0279052675060707,0.4989389940234133,0,0,0,0,0,0
percamera_refined,False,True,refined_from_ground_truth,cam2,1.0232175478344097,1.031,-7.782452165590259,1.0244510947288978,1.031,-6.548905271102079,1.0232175478344097,1586.282373655251,1587.79,-0.09495124322165034,1.0244510947288978,0.4989389940234133,0,0,0,0,0,0
percamera_refined,False,True,refined_from_ground_truth,cam3,1.0252174360280588,1.031,-5.7825639719411015,1.026361834641235,1.031,-4.638165358764823,1.0252174360280588,1586.3358507018638,1587.79,-0.09158322562405258,1.026361834641235,0.4989389940234133,0,0,0,0,0,0
percamera_refined,False,True,refined_from_ground_truth,cam4,1.0121121031373266,1.031,-18.887896862673337,1.0156720789996505,1.031,-15.32792100034941,1.0121121031373266,1585.4156222878055,1587.79,-0.14953978247718358,1.0156720789996505,0.4989389940234133,0,0,0,0,0,0
percamera_refined,False,True,refined_from_ground_truth,cam5,1.024845769891016,1.031,-6.15423010898386,1.0246753311189423,1.031,-6.324668881057649,1.024845769891016,1585.1269496498862,1587.79,-0.16772056443948732,1.0246753311189423,0.4989389940234133,0,0,0,0,0,0
percamera_refined,False,True,refined_from_ground_truth,cam6,1.0251439560888704,1.031,-5.856043911129483,1.0246640068616961,1.031,-6.335993138303797,1.0251439560888704,1584.7351523120947,1587.79,-0.19239620402605473,1.0246640068616961,0.4989389940234133,0,0,0,0,0,0
percamera_refined,False,True,refined_from_ground_truth,cam7,1.023763401527718,1.031,-7.236598472281974,1.025170668323507,1.031,-5.829331676493021,1.023763401527718,1586.2162476254637,1587.79,-0.09911590163285433,1.025170668323507,0.4989389940234133,0,0,0,0,0,0
percamera_refined,False,True,refined_from_ground_truth,cam8,1.024837034713234,1.031,-6.1629652867658535,1.0252555435366968,1.031,-5.744456463303127,1.024837034713234,1585.9604851467523,1587.79,-0.11522398133554826,1.0252555435366968,0.4989389940234133,0,0,0,0,0,0
percamera_refined,False,True,refined_from_ground_truth,cam9,1.020443534323973,1.031,-10.55646567602686,1.022233899065029,1.031,-8.766100934970877,1.020443534323973,1585.9695321007257,1587.79,-0.11465419855738246,1.022233899065029,0.4989389940234133,0,0,0,0,0,0
shared_fixed,True,False,ground_truth_fixed,cam0,1.0314216314558542,1.031,0.42163145585427664,1.0314216314558542,1.031,0.42163145585427664,1.0314216314558542,1587.79,1587.79,0.0,1.0314216314558542,0.49960616513797923,0,0,0,0,0,0
shared_fixed,True,False,ground_truth_fixed,cam1,1.0314216314558542,1.031,0.42163145585427664,1.0315809920770225,1.031,0.5809920770225574,1.0314216314558542,1587.79,1587.79,0.0,1.0315809920770225,0.49960616513797923,0,0,0,0,0,0
shared_fixed,True,False,ground_truth_fixed,cam10,1.0314216314558542,1.031,0.42163145585427664,1.0317239140200154,1.031,0.7239140200154814,1.0314216314558542,1587.79,1587.79,0.0,1.0317239140200154,0.49960616513797923,0,0,0,0,0,0
shared_fixed,True,False,ground_truth_fixed,cam11,1.0314216314558542,1.031,0.42163145585427664,1.0315676601866057,1.031,0.5676601866058117,1.0314216314558542,1587.79,1587.79,0.0,1.0315676601866057,0.49960616513797923,0,0,0,0,0,0
shared_fixed,True,False,ground_truth_fixed,cam2,1.0314216314558542,1.031,0.42163145585427664,1.0314749799188452,1.031,0.47497991884526414,1.0314216314558542,1587.79,1587.79,0.0,1.0314749799188452,0.49960616513797923,0,0,0,0,0,0
shared_fixed,True,False,ground_truth_fixed,cam3,1.0314216314558542,1.031,0.42163145585427664,1.0315859577462396,1.031,0.585957746239707,1.0314216314558542,1587.79,1587.79,0.0,1.0315859577462396,0.49960616513797923,0,0,0,0,0,0
shared_fixed,True,False,ground_truth_fixed,cam4,1.0314216314558542,1.031,0.42163145585427664,1.0318220384346826,1.031,0.8220384346826481,1.0314216314558542,1587.79,1587.79,0.0,1.0318220384346826,0.49960616513797923,0,0,0,0,0,0
shared_fixed,True,False,ground_truth_fixed,cam5,1.0314216314558542,1.031,0.42163145585427664,1.031874604442212,1.031,0.8746044422121013,1.0314216314558542,1587.79,1587.79,0.0,1.031874604442212,0.49960616513797923,0,0,0,0,0,0
shared_fixed,True,False,ground_truth_fixed,cam6,1.0314216314558542,1.031,0.42163145585427664,1.031938997158735,1.031,0.9389971587350221,1.0314216314558542,1587.79,1587.79,0.0,1.031938997158735,0.49960616513797923,0,0,0,0,0,0
shared_fixed,True,False,ground_truth_fixed,cam7,1.0314216314558542,1.031,0.42163145585427664,1.0321141136211676,1.031,1.114113621167645,1.0314216314558542,1587.79,1587.79,0.0,1.0321141136211676,0.49960616513797923,0,0,0,0,0,0
shared_fixed,True,False,ground_truth_fixed,cam8,1.0314216314558542,1.031,0.42163145585427664,1.032012517796596,1.031,1.0125177965960575,1.0314216314558542,1587.79,1587.79,0.0,1.032012517796596,0.49960616513797923,0,0,0,0,0,0
shared_fixed,True,False,ground_truth_fixed,cam9,1.0314216314558542,1.031,0.42163145585427664,1.0319895695054153,1.031,0.9895695054153997,1.0314216314558542,1587.79,1587.79,0.0,1.0319895695054153,0.49960616513797923,0,0,0,0,0,0
shared_refined,True,True,refined_from_ground_truth,cam0,1.0235695053390144,1.031,-7.430494660985554,1.0235695053390144,1.031,-7.430494660985554,1.0235695053390144,1585.433882068543,1587.79,-0.14838977014951554,1.0235695053390144,0.499007097764071,0,0,0,0,0,0
shared_refined,True,True,refined_from_ground_truth,cam1,1.0235695053390144,1.031,-7.430494660985554,1.0250110947588569,1.031,-5.988905241143039,1.0235695053390144,1586.1807898596878,1587.79,-0.10134905373583052,1.0250110947588569,0.499007097764071,0,0,0,0,0,0
shared_refined,True,True,refined_from_ground_truth,cam10,1.0235695053390144,1.031,-7.430494660985554,1.0233149544169047,1.031,-7.68504558309524,1.0235695053390144,1584.8593944820866,1587.79,-0.18457135502260147,1.0233149544169047,0.499007097764071,0,0,0,0,0,0
shared_refined,True,True,refined_from_ground_truth,cam11,1.0235695053390144,1.031,-7.430494660985554,1.023034471021692,1.031,-7.965528978307823,1.0235695053390144,1584.8523347263235,1587.79,-0.18501598282370024,1.023034471021692,0.499007097764071,0,0,0,0,0,0
shared_refined,True,True,refined_from_ground_truth,cam2,1.0235695053390144,1.031,-7.430494660985554,1.02477387577917,1.031,-6.2261242208299095,1.0235695053390144,1586.2997207705719,1587.79,-0.09385871112855586,1.02477387577917,0.499007097764071,0,0,0,0,0,0
shared_refined,True,True,refined_from_ground_truth,cam3,1.0235695053390144,1.031,-7.430494660985554,1.0251425221184063,1.031,-5.857477881593631,1.0235695053390144,1586.2518056088772,1587.79,-0.09687643776083206,1.0251425221184063,0.499007097764071,0,0,0,0,0,0
shared_refined,True,True,refined_from_ground_truth,cam4,1.0235695053390144,1.031,-7.430494660985554,1.0247974168227123,1.031,-6.202583177287613,1.0235695053390144,1586.0802210880006,1587.79,-0.10768293741611706,1.0247974168227123,0.499007097764071,0,0,0,0,0,0
shared_refined,True,True,refined_from_ground_truth,cam5,1.0235695053390144,1.031,-7.430494660985554,1.023767936437117,1.031,-7.232063562882862,1.0235695053390144,1585.0683533733272,1587.79,-0.17141099431743093,1.023767936437117,0.499007097764071,0,0,0,0,0,0
shared_refined,True,True,refined_from_ground_truth,cam6,1.0235695053390144,1.031,-7.430494660985554,1.0235532458698595,1.031,-7.446754130140398,1.0235695053390144,1584.6977548806153,1587.79,-0.1947515174793041,1.0235532458698595,0.499007097764071,0,0,0,0,0,0
shared_refined,True,True,refined_from_ground_truth,cam7,1.0235695053390144,1.031,-7.430494660985554,1.0251016761352658,1.031,-5.898323864734101,1.0235695053390144,1586.2225937404999,1587.79,-0.09871621936780703,1.0251016761352658,0.499007097764071,0,0,0,0,0,0
shared_refined,True,True,refined_from_ground_truth,cam8,1.0235695053390144,1.031,-7.430494660985554,1.0243220793860564,1.031,-6.6779206139435665,1.0235695053390144,1585.8714675272074,1587.79,-0.12083036628222554,1.0243220793860564,0.499007097764071,0,0,0,0,0,0
shared_refined,True,True,refined_from_ground_truth,cam9,1.0235695053390144,1.031,-7.430494660985554,1.0246152281145955,1.031,-6.384771885404428,1.0235695053390144,1586.0116749193705,1587.79,-0.11200001767421569,1.0246152281145955,0.499007097764071,0,0,0,0,0,0
