seed,camera,model,focal_length_error_pct,z_position_error_mm,xy_position_error_mm,gt_x_m,gt_y_m,gt_z_m,est_x_m,est_y_m,est_z_m,reprojection_rms_px
42,cam0,non_refractive,5.700133098432046,16.370413312426074,0.0,0.0,0.0,0.0,0.0,0.0,0.0,1.2668763284509752
42,cam0,refractive,-0.1579829410181966,0.40067912811625084,0.0,0.0,0.0,0.0,0.0,0.0,0.0,0.49903604691219283
42,cam1,non_refractive,6.358103774504547,4.777040186577347,1.0972798567992468,0.208,0.2419,0.0,0.20755416488602138,0.240897376374066,-0.011593373125848726,1.2668763284509752
42,cam1,refractive,-0.10599295144101024,-0.9218515268138031,0.25039465847916315,0.208,0.2419,0.0,0.20814248458689866,0.24169409801484393,-0.001322530654930054,0.49903604691219283
42,cam10,non_refractive,5.972023713222659,7.253396020051502,6.353521358549614,-0.6639,0.0038,0.0,-0.6581137125742361,0.006424140141073342,-0.00911701729237457,1.2668763284509752
42,cam10,refractive,-0.18428058459662738,0.5068799690471206,0.3812378197555291,-0.6639,0.0038,0.0,-0.6635191287983675,0.003783284648405503,0.00010620084093086973,0.49903604691219283
42,cam11,non_refractive,5.339052956020242,20.352413086262132,4.469530949604765,-0.3364,-0.0573,0.0,-0.33248310686951926,-0.05514717508518043,0.003981999773836058,1.2668763284509752
42,cam11,refractive,-0.1848343125395181,0.7702160871127526,0.24634135776217517,-0.3364,-0.0573,0.0,-0.33618516192999004,-0.05717946507469402,0.00036953695899650174,0.49903604691219283
42,cam2,non_refractive,7.022871487010924,-5.806772742436724,3.49459793976221,0.3353,0.573,0.0,0.33419485181437436,0.5696847530637373,-0.022177186054862796,1.2668763284509752
42,cam2,refractive,-0.1031177476079136,-0.42050424220347227,0.35739134317738636,0.3353,0.573,0.0,0.3351417865393968,0.5726795361595092,-0.0008211833703197231,0.49903604691219283
42,cam3,non_refractive,6.1695585129268915,-0.1777528671044344,6.440677548943393,0.2227,0.8684,0.0,0.2193708680212258,0.862886452361921,-0.016548166179530508,1.2668763284509752
42,cam3,refractive,-0.10415329220901359,-0.6366209148310996,0.3763036046381796,0.2227,0.8684,0.0,0.2226291918881274,0.8680304183254587,-0.0010373000429473504,0.49903604691219283
42,cam4,non_refractive,5.72307725338191,4.841198946773426,7.453071889770968,0.0039,1.149,0.0,0.0007626625938289271,1.1422394235013622,-0.011529214365652648,1.2668763284509752
42,cam4,refractive,-0.1182987454453107,-0.08617821825374844,0.18431265588583304,0.0039,1.149,0.0,0.003958144761784303,1.14882509905147,-0.0004868573463699993,0.49903604691219283
42,cam5,non_refractive,5.4733488579037735,6.370296027305372,9.483522739786011,-0.3363,1.193,0.0,-0.3364808186502954,1.1835182012164494,-0.010000117285120702,1.2668763284509752
42,cam5,refractive,-0.18425737437485198,0.9904267908239214,0.6858059395301335,-0.3363,1.193,0.0,-0.33629931340751723,1.19231419440416,0.0005897476627076706,0.49903604691219283
42,cam6,non_refractive,6.536175940054897,-12.550420902341894,10.502237575355716,-0.6801,1.1523,0.0,-0.6764545666672015,1.1424507457183128,-0.028920834214767967,1.2668763284509752
42,cam6,refractive,-0.20811013230031047,1.1671370195472868,0.603831118668239,-0.6801,1.1523,0.0,-0.679993139208276,1.151705699746707,0.0007664578914310361,0.49903604691219283
42,cam7,non_refractive,6.721564068419003,-12.543243441662714,9.152327353561825,-0.8868,0.8828,0.0,-0.8809631787629056,0.8757504174710158,-0.028913656754088787,1.2668763284509752
42,cam7,refractive,-0.10947028627883415,-0.6072616721504175,0.4649781055622961,-0.8868,0.8828,0.0,-0.886529632985305,0.8824217060454922,-0.0010079408002666684,0.49903604691219283
42,cam8,non_refractive,6.481845068159172,-9.555780275922572,9.009105700850904,-1.0023,0.5654,0.0,-0.9933356648784485,0.5645029596677836,-0.025926193588348644,1.2668763284509752
42,cam8,refractive,-0.12506173310880023,-0.12959461435823538,0.3790364954459493,-1.0023,0.5654,0.0,-1.001929864628442,0.5653183392897312,-0.0005302737424744862,0.49903604691219283
42,cam9,non_refractive,6.301253325266004,-2.960374037501431,6.689003342155032,-0.8949,0.2677,0.0,-0.8885506315961018,0.26980434944411336,-0.019330787349927506,1.2668763284509752
42,cam9,refractive,-0.11392555127404641,-0.6326486779203061,0.29980657313433623,-0.8949,0.2677,0.0,-0.894606759290403,0.26776240086160935,-0.0010333278060365568,0.49903604691219283
43,cam0,non_refractive,5.487531461567909,26.11178632124826,0.0,0.0,0.0,0.0,0.0,0.0,0.0,1.1133840606080851
43,cam0,refractive,-0.004416864828463268,0.8086905857481923,0.0,0.0,0.0,0.0,0.0,0.0,0.0,0.49807927361184445
43,cam1,non_refractive,6.000452514782943,17.624559350177385,1.1088155722776007,0.208,0.2419,0.0,0.20694036219974923,0.24157344264576489,-0.008487226971070874,1.1133840606080851
43,cam1,refractive,0.035498358208245484,0.1116797357228323,0.33688584308420644,0.208,0.2419,0.0,0.20780957658982535,0.24162209534705584,-0.00069701085002536,0.49807927361184445
43,cam10,non_refractive,7.391707782182146,-4.69878120589884,0.21723984672645025,-0.6639,0.0038,0.0,-0.6636910420866385,0.0037405883727765644,-0.0308105675271471,1.1133840606080851
43,cam10,refractive,0.03570911678515098,0.1349166031708543,0.115723843434725,-0.6639,0.0038,0.0,-0.6637845483107578,0.0037920680777597422,-0.000673773982577338,0.49807927361184445
43,cam11,non_refractive,6.0993925407972975,14.721590532298533,1.602954146007165,-0.3364,-0.0573,0.0,-0.3348111151200316,-0.057511912322457656,-0.011390195788949727,1.1133840606080851
43,cam11,refractive,0.042285149240142594,0.05291654361697906,0.31621422269003535,-0.3364,-0.0573,0.0,-0.3366825096413769,-0.05744205540172952,-0.0007557740421312132,0.49807927361184445
43,cam2,non_refractive,6.206379951016813,11.6376968608961,2.4702499529854447,0.3353,0.573,0.0,0.33389309835348757,0.5709695412864908,-0.014474089460352162,1.1133840606080851
43,cam2,refractive,0.000696766616694143,0.6501830768966302,0.5056654983630312,0.3353,0.573,0.0,0.3349225344247252,0.5726635221616254,-0.00015850750885156207,0.49807927361184445
43,cam3,non_refractive,5.773916408478095,15.212373499711322,4.608867314135564,0.2227,0.8684,0.0,0.22101778384451476,0.8641091018742538,-0.010899412821536938,1.1133840606080851
43,cam3,refractive,0.08878038067934577,-0.5081339904631941,0.47009814199136946,0.2227,0.8684,0.0,0.22259601093224143,0.8679415476721725,-0.0013168245762113864,0.49807927361184445
43,cam4,non_refractive,5.527725287413458,16.507891181474797,5.592467279159043,0.0039,1.149,0.0,0.005383224332162118,1.1436078078809313,-0.009603895139773461,1.1133840606080851
43,cam4,refractive,0.059296297446255246,-0.4161739173315435,0.5274126849588578,0.0039,1.149,0.0,0.0037915670743372872,1.148483854244532,-0.0012248645030797358,0.49807927361184445
43,cam5,non_refractive,6.444350727963674,0.5080790021465944,6.071220313891794,-0.3363,1.193,0.0,-0.3323143340659476,1.1884202420192824,-0.025603707319101665,1.1133840606080851
43,cam5,refractive,0.06406819023604243,-0.4076630045086189,0.36433244961698974,-0.3363,1.193,0.0,-0.3363782173721689,1.1926441627105897,-0.0012163535902568112,0.49807927361184445
43,cam6,non_refractive,7.852299930794383,-20.9914494516324,4.000087959448513,-0.6801,1.1523,0.0,-0.6786597059941096,1.1485682099657242,-0.047103235772880656,1.1133840606080851
43,cam6,refractive,0.06996811002860572,-0.5076727878197729,0.5793793458120616,-0.6801,1.1523,0.0,-0.6801792292861814,1.151726063464689,-0.0013163633735679653,0.49807927361184445
43,cam7,non_refractive,7.7235129141634244,-15.96052100181329,4.421902299991527,-0.8868,0.8828,0.0,-0.8838993273167546,0.8794624383248629,-0.04207230732306155,1.1133840606080851
43,cam7,refractive,0.01697989819705278,0.14693030183605515,0.4089747252171932,-0.8868,0.8828,0.0,-0.8865581405837308,0.8824702055964265,-0.0006617602839121371,0.49807927361184445
43,cam8,non_refractive,8.109398821352274,-21.193369261386934,4.682071935832949,-1.0023,0.5654,0.0,-0.9991726292354657,0.5619155560395594,-0.04730515558263519,1.1133840606080851
43,cam8,refractive,0.06710414395143029,-0.44707793957858666,0.48455144425608154,-1.0023,0.5654,0.0,-1.0020942931311665,0.5649612805153115,-0.001255768525326779,0.49807927361184445
43,cam9,non_refractive,7.807558077232938,-13.368069505973274,3.805047370959433,-0.8949,0.2677,0.0,-0.8920060323637911,0.26522950676669205,-0.039479855827221536,1.1133840606080851
43,cam9,refractive,-0.05363536781248004,1.1900953784583643,0.4914153395826869,-0.8949,0.2677,0.0,-0.89440862227103,0.2677060797573506,0.00038140479271017204,0.49807927361184445
44,cam0,non_refractive,7.216582880113505,-2.2636332365394236,0.0,0.0,0.0,0.0,0.0,0.0,0.0,1.3655294056813685
44,cam0,refractive,0.06335298256421727,-1.3929079249722138,0.0,0.0,0.0,0.0,0.0,0.0,0.0,0.4995063575075525
44,cam1,non_refractive,7.414154184347033,-2.2103187811574108,2.3832426770604895,0.208,0.2419,0.0,0.2057643215635273,0.24107441682039088,5.331445538201275e-05,1.3655294056813685
44,cam1,refractive,-0.027690170063379423,-0.19497257034012527,0.31735174509101277,0.208,0.2419,0.0,0.20770031518501983,0.24200440853309294,0.0011979353546320885,0.4995063575075525
44,cam10,non_refractive,6.846965328859583,3.2666845084279923,6.195813693081543,-0.6639,0.0038,0.0,-0.6577048905006705,0.003893410977371309,0.005530317744967416,1.3655294056813685
44,cam10,refractive,-0.08133693130071545,1.1271874660735925,0.2302324941977725,-0.6639,0.0038,0.0,-0.6639927082111315,0.004010741996226013,0.0025200953910458064,0.4995063575075525
44,cam11,non_refractive,6.896065805230838,1.4049453273707142,3.749022516273885,-0.3364,-0.0573,0.0,-0.33271741092381046,-0.05659735675947303,0.003668578563910138,1.3655294056813685
44,cam11,refractive,-0.03972773550059644,0.2999575963746781,0.3748594006043224,-0.3364,-0.0573,0.0,-0.33675655613369704,-0.057184296526653536,0.0016928655213468919,0.4995063575075525
44,cam2,non_refractive,7.303792206726357,-3.2230169157371913,5.119160313512303,0.3353,0.573,0.0,0.332058009894576,0.5690382702677022,-0.0009593836791977675,1.3655294056813685
44,cam2,refractive,-0.01811891422892002,-0.02469932132238073,0.41766768614233446,0.3353,0.573,0.0,0.3349829865069445,0.572728064821569,0.0013682086036498331,0.4995063575075525
44,cam3,non_refractive,6.498013466180288,8.484432990992213,9.049979280787252,0.2227,0.8684,0.0,0.22011662888887484,0.8597265739938083,0.010748066227531636,1.3655294056813685
44,cam3,refractive,-0.013563074744018938,-0.20005343743524584,0.5567531493589876,0.2227,0.8684,0.0,0.22216081900154444,0.8682612270911683,0.001192854487536968,0.4995063575075525
44,cam4,non_refractive,6.403716723860158,10.06209947609305,11.317386079444486,0.0039,1.149,0.0,0.003705985225462814,1.1376842770474678,0.012325732712632473,1.3655294056813685
44,cam4,refractive,-0.011115745282666633,-0.30508576663983744,0.2870238199208618,0.0039,1.149,0.0,0.0036981198382340487,1.148795972860905,0.0010878221583323763,0.4995063575075525
44,cam5,non_refractive,6.324059706255471,11.202230233658383,11.596340649244025,-0.3363,1.193,0.0,-0.33196834696803973,1.1822430534786112,0.013465863470197806,1.3655294056813685
44,cam5,refractive,-0.036805569105514906,0.0292509759891173,0.41948012169224125,-0.3363,1.193,0.0,-0.3362992041930195,1.1925805206331819,0.0014221589009613311,0.4995063575075525
44,cam6,non_refractive,6.730271147797973,5.481655969278705,13.738010311616502,-0.6801,1.1523,0.0,-0.670202031078649,1.142773030988082,0.007745289205818129,1.3655294056813685
44,cam6,refractive,0.06401201777397274,-1.3970340788727975,0.41492840938098613,-0.6801,1.1523,0.0,-0.6805061864449337,1.1523847240040581,-4.1261539005837044e-06,0.4995063575075525
44,cam7,non_refractive,7.46771508971232,-2.100362474123963,9.743937225965418,-0.8868,0.8828,0.0,-0.8785935465480597,0.8775465787904747,0.0001632707624154607,1.3655294056813685
44,cam7,refractive,-0.005118011229037642,0.04673316831720675,0.3471663291179819,-0.8868,0.8828,0.0,-0.8870048879314336,0.8825197404852175,0.0014396410932894206,0.4995063575075525
44,cam8,non_refractive,8.1947776656782,-14.976909940107973,8.251728569672435,-1.0023,0.5654,0.0,-0.9942875662190203,0.5634272026731153,-0.01271327670356855,1.3655294056813685
44,cam8,refractive,-0.10911050707493519,1.204936010192202,0.35471516897601635,-1.0023,0.5654,0.0,-1.001983074873533,0.5655593151446523,0.002597843935164416,0.4995063575075525
44,cam9,non_refractive,8.329166427793046,-17.391440394694516,5.6248884014662455,-0.8949,0.2677,0.0,-0.8893665024870147,0.2666901610015779,-0.015127807158155093,1.3655294056813685
44,cam9,refractive,0.030264428292015238,-0.5862200423364132,0.3277024599164373,-0.8949,0.2677,0.0,-0.8952013531272783,0.26782874468888024,0.0008066878826358007,0.4995063575075525
45,cam0,non_refractive,6.411426490879022,16.244557437842037,0.0,0.0,0.0,0.0,0.0,0.0,0.0,1.2703481624047386
45,cam0,refractive,-0.019279422409257292,0.580860055976439,0.0,0.0,0.0,0.0,0.0,0.0,0.0,0.49718531907820396
45,cam1,non_refractive,7.01793302579292,12.654417509532717,0.8034087782979527,0.208,0.2419,0.0,0.20863797439962814,0.24141168214197584,-0.00359013992830932,1.2703481624047386
45,cam1,refractive,-0.05510477739495022,0.8986815990025256,0.14087436654820226,0.208,0.2419,0.0,0.20794717953969,0.24176940296280927,0.0003178215430260867,0.49718531907820396
45,cam10,non_refractive,7.261046918530531,-3.606543826763783,1.559064729450686,-0.6639,0.0038,0.0,-0.6624784779754878,0.003159720401352954,-0.01985110126460582,1.2703481624047386
45,cam10,refractive,0.05930345661617827,-0.7050615001861396,0.033719085872128574,-0.6639,0.0038,0.0,-0.6639315858758875,0.003788197068310244,-0.0012859215561625784,0.49718531907820396
45,cam11,non_refractive,6.940482070343802,2.550380929660532,1.2794919416961048,-0.3364,-0.0573,0.0,-0.33526470773177836,-0.05789009414043987,-0.013694176508181504,1.2703481624047386
45,cam11,refractive,-0.015687434770191543,0.5507264037036398,0.3728823610680999,-0.3364,-0.0573,0.0,-0.33608106569773205,-0.057106810543681615,-3.0133652272799146e-05,0.49718531907820396
45,cam2,non_refractive,7.290343737406644,9.869198822317689,0.3628291080400663,0.3353,0.573,0.0,0.33539812215467996,0.5733493093248141,-0.006375358615524349,1.2703481624047386
45,cam2,refractive,-0.005325475278911316,0.29368484279317936,0.1588498274493579,0.3353,0.573,0.0,0.3354292855356052,0.5730922958176948,-0.0002871752131832596,0.49718531907820396
45,cam3,non_refractive,6.346622087145476,24.22761623312859,1.2549139225408275,0.2227,0.8684,0.0,0.22184638523710798,0.8674801354504278,0.007983058795286553,1.2703481624047386
45,cam3,refractive,0.018273056361208625,-0.16555881028630304,0.47316817996287663,0.2227,0.8684,0.0,0.22308031246168075,0.868118485243691,-0.000746418866262742,0.49718531907820396
45,cam4,non_refractive,7.375696424088235,4.447843037642066,1.9643485114148096,0.0039,1.149,0.0,0.005059543882649409,1.1474144013564247,-0.01179671440019997,1.2703481624047386
45,cam4,refractive,0.04258974230306795,-0.8736368177555114,0.5171800432555808,0.0039,1.149,0.0,0.004261203871472261,1.148629855487174,-0.0014544968737319503,0.49718531907820396
45,cam5,non_refractive,7.428103004686708,-0.39475911392335306,4.327760953883229,-0.3363,1.193,0.0,-0.3327769869615692,1.1904864578768195,-0.016639316551765388,1.2703481624047386
45,cam5,refractive,0.06809161987452972,-1.2561630152995344,0.5313907391870807,-0.3363,1.193,0.0,-0.33610454531521944,1.1925058607646715,-0.0018370230712759733,0.49718531907820396
45,cam6,non_refractive,7.479072607001249,-4.790386761636132,7.4240169452009255,-0.6801,1.1523,0.0,-0.6737924237363075,1.1483845805741488,-0.02103494419947817,1.2703481624047386
45,cam6,refractive,-0.002017322900015595,0.02042692820033487,0.7559940563336132,-0.6801,1.1523,0.0,-0.6796626027030921,1.1516833877897177,-0.0005604331277761041,0.49718531907820396
45,cam7,non_refractive,7.786334961738163,-8.890769569615408,6.964195923656544,-0.8868,0.8828,0.0,-0.8815492582834927,0.8782250971278502,-0.025135327007457443,1.2703481624047386
45,cam7,refractive,-0.02919211475434323,0.70831298468232,0.5813373655495335,-0.8868,0.8828,0.0,-0.8864435562055685,0.8823407604612021,0.00012745292870588104,0.49718531907820396
45,cam8,non_refractive,8.883336467908837,-28.179190452160324,4.445851507669444,-1.0023,0.5654,0.0,-1.0012533417925356,0.5610791086307344,-0.04442374789000236,1.2703481624047386
45,cam8,refractive,0.019137120172395154,-0.27703980212309376,0.3276693106339194,-1.0023,0.5654,0.0,-1.0021707322161562,0.5650989069625657,-0.0008578998580995327,0.49718531907820396
45,cam9,non_refractive,7.490098053675312,-7.8878068081826065,4.407584919178235,-0.8949,0.2677,0.0,-0.8910485175550308,0.2655568976235697,-0.024132364246024645,1.2703481624047386
45,cam9,refractive,-0.05599872014404331,0.8056271872685821,0.8507820185819487,-0.8949,0.2677,0.0,-0.8940495684602001,0.2677244180108921,0.00022476713129214308,0.49718531907820396
46,cam0,non_refractive,6.537741558804881,22.324095456836517,0.0,0.0,0.0,0.0,0.0,0.0,0.0,1.2197584540662985
46,cam0,refractive,-0.011481278495537326,-0.025951180122485127,0.0,0.0,0.0,0.0,0.0,0.0,0.0,0.4954782974405605
46,cam1,non_refractive,6.664931152891421,17.502528524820534,3.2263672273680064,0.208,0.2419,0.0,0.20628897807450464,0.23916470304056242,-0.004821566932015981,1.2197584540662985
46,cam1,refractive,-0.038812505564966786,0.25657481455133085,0.06986759438374458,0.208,0.2419,0.0,0.20806943346948642,0.24190777650693104,0.000282525994673816,0.4954782974405605
46,cam10,non_refractive,6.626389168933732,12.920659358100991,8.100701627297001,-0.6639,0.0038,0.0,-0.6559390610890571,0.0023017281586018602,-0.009403436098735526,1.2197584540662985
46,cam10,refractive,0.005407473607962182,-0.40517698794394724,0.14713877128646616,-0.6639,0.0038,0.0,-0.6640464318492649,0.003814405954899192,-0.0003792258078214621,0.4954782974405605
46,cam11,non_refractive,6.250065393438168,20.922291367481545,3.5328223228094577,-0.3364,-0.0573,0.0,-0.3328950126843394,-0.05774260307454799,-0.0014018040893549726,1.2197584540662985
46,cam11,refractive,0.04111083641641901,-1.0066804505081661,0.14796093017258355,-0.3364,-0.0573,0.0,-0.33653540746099697,-0.05724035726059373,-0.000980729270385681,0.4954782974405605
46,cam2,non_refractive,7.507101389351608,-0.37493210929334353,7.554017149391616,0.3353,0.573,0.0,0.33607407815248747,0.5654857483335235,-0.022699027566129862,1.2197584540662985
46,cam2,refractive,-0.07037526404311586,0.8326963164042948,0.2602794444583902,0.3353,0.573,0.0,0.3350426683597356,0.5730390616964098,0.0008586474965267799,0.4954782974405605
46,cam3,non_refractive,6.909926849848282,5.1279309154909924,6.340904599139444,0.2227,0.8684,0.0,0.22261737807533147,0.8620596337051435,-0.017196164541345524,1.2197584540662985
46,cam3,refractive,-0.06530976035172946,0.7769811571099524,0.26430097534539015,0.2227,0.8684,0.0,0.22255007443337735,0.8686176633410599,0.0008029323372324375,0.4954782974405605
46,cam4,non_refractive,6.955963218537542,-0.8193833686805618,7.1732839108716675,0.0039,1.149,0.0,0.0038299229486083016,1.1418270583947143,-0.02314347882551708,1.2197584540662985
46,cam4,refractive,-0.07612274854186249,1.0604030033693288,0.6155924212030609,0.0039,1.149,0.0,0.003289290353678536,1.1489226194020923,0.001086354183491814,0.4954782974405605
46,cam5,non_refractive,7.149094162374651,-7.510473478874047,9.401674404225151,-0.3363,1.193,0.0,-0.33301817698181907,1.1841897151419265,-0.029834568935710563,1.2197584540662985
46,cam5,refractive,-0.012466847393810323,0.024245855809841194,0.3974057767196931,-0.3363,1.193,0.0,-0.33664084095782115,1.1927956503172459,5.019703593232632e-05,0.4954782974405605
46,cam6,non_refractive,7.763866541153678,-19.867807868058144,10.039846578673565,-0.6801,1.1523,0.0,-0.672422837497992,1.1458300931041425,-0.04219190332489466,1.2197584540662985
46,cam6,refractive,-0.018582278119960677,-0.04589241641706347,0.1009231005436296,-0.6801,1.1523,0.0,-0.6800135142410401,1.1523520162063252,-1.994123629457835e-05,0.4954782974405605
46,cam7,non_refractive,7.744122477906385,-13.216729785056323,7.444864356232917,-0.8868,0.8828,0.0,-0.8802242819788092,0.8793091637408075,-0.03554082524189284,1.2197584540662985
46,cam7,refractive,-0.0037961319003298145,-0.24668745910662426,0.15073417569810213,-0.8868,0.8828,0.0,-0.8868672074122103,0.8829349220347734,-0.00022073627898413914,0.4954782974405605
46,cam8,non_refractive,8.069001496544322,-17.4156727725684,8.938858410644619,-1.0023,0.5654,0.0,-0.9948592377849048,0.560446390473204,-0.03973976822940491,1.2197584540662985
46,cam8,refractive,0.0183418520813116,-0.5854835358118998,0.0688308336560511,-1.0023,0.5654,0.0,-1.0022312126912307,0.5654024474096656,-0.0005595323556894147,0.4954782974405605
46,cam9,non_refractive,7.092574584034959,2.7315892166367775,10.50149270257834,-0.8949,0.2677,0.0,-0.8853932709010846,0.26323867163031683,-0.01959250624019974,1.2197584540662985
46,cam9,refractive,0.017488002552877226,-0.6609802974570476,0.10295731787172491,-0.8949,0.2677,0.0,-0.8949725269045775,0.267626924303522,-0.0006350291173345625,0.4954782974405605
47,cam0,non_refractive,7.736691453032163,11.409089360257665,0.0,0.0,0.0,0.0,0.0,0.0,0.0,1.2932112034474177
47,cam0,refractive,-0.023711494059775427,0.2501555680626883,0.0,0.0,0.0,0.0,0.0,0.0,0.0,0.4971347539025142
47,cam1,non_refractive,8.033902225990758,4.332986393599752,1.446495694950339,0.208,0.2419,0.0,0.2088929717735042,0.24076204077083815,-0.007076102966657913,1.2932112034474177
47,cam1,refractive,-0.005387428876026445,0.16404677454533773,0.2334206119519858,0.208,0.2419,0.0,0.20777133497008038,0.24194687735248394,-8.610879351735057e-05,0.4971347539025142
47,cam10,non_refractive,8.480402352565376,6.721800981424483,4.425024787935281,-0.6639,0.0038,0.0,-0.6682392887209824,0.004666843567085348,-0.004687288378833182,1.2932112034474177
47,cam10,refractive,-0.0407182330946559,0.5818184759770959,0.6925771730212327,-0.6639,0.0038,0.0,-0.6633695367317148,0.004245277286182731,0.0003316629079144076,0.4971347539025142
47,cam11,non_refractive,8.048068746967285,8.09178691728542,1.708245658033846,-0.3364,-0.0573,0.0,-0.33796310634576665,-0.057989058618707755,-0.0033173024429722447,1.2932112034474177
47,cam11,refractive,-0.02303292972257308,0.19862726882405496,0.2667415902453515,-0.3364,-0.0573,0.0,-0.3361352893042939,-0.05726714694009018,-5.152829923863334e-05,0.4971347539025142
47,cam2,non_refractive,8.568964540731988,-5.030050150277129,2.2349581713064652,0.3353,0.573,0.0,0.3362218463528985,0.570964014408416,-0.016439139510534793,1.2932112034474177
47,cam2,refractive,0.044381382836226294,-0.5255426021888756,0.25127109257515057,0.3353,0.573,0.0,0.33554398398103363,0.5730600747780926,-0.0007756981702515639,0.4971347539025142
47,cam3,non_refractive,7.8276867537370824,6.55515452460575,1.5806307251303986,0.2227,0.8684,0.0,0.22239053526143399,0.8668499596570377,-0.004853934835651916,1.2932112034474177
47,cam3,refractive,0.025207036376536297,-0.4184106880897625,0.2687416016345964,0.2227,0.8684,0.0,0.2227514142626115,0.8686637775995971,-0.0006685662561524508,0.4971347539025142
47,cam4,non_refractive,7.288327749609598,14.060474305367473,0.904578842859851,0.0039,1.149,0.0,0.004401165117308114,1.1497530580376991,0.002651384945109808,1.2932112034474177
47,cam4,refractive,-0.011061026117565896,0.11908121650383355,0.30520992339599723,0.0039,1.149,0.0,0.0039667577304579055,1.1492978195808934,-0.00013107435155885474,0.4971347539025142
47,cam5,non_refractive,7.970580806421733,3.397725114206569,1.9581383679240192,-0.3363,1.193,0.0,-0.3364221858504086,1.1949543225132757,-0.008011364246051096,1.2932112034474177
47,cam5,refractive,0.04905057216463847,-0.6797911431947374,0.5922425100440958,-0.3363,1.193,0.0,-0.3365716934642432,1.1935262450495643,-0.0009299467112574256,0.4971347539025142
47,cam6,non_refractive,8.89795060641951,-7.966966164121255,2.0402293434856555,-0.6801,1.1523,0.0,-0.6816920991272511,1.1535758354686347,-0.01937605552437892,1.2932112034474177
47,cam6,refractive,0.07004499975285575,-1.0358205674375174,0.33254079889213073,-0.6801,1.1523,0.0,-0.6803557433420286,1.152512552877976,-0.0012859761355002058,0.4971347539025142
47,cam7,non_refractive,9.521165370966541,-12.566815227671322,5.18322462073566,-0.8868,0.8828,0.0,-0.8917433055141254,0.8843587007612169,-0.023975904587928986,1.2932112034474177
47,cam7,refractive,0.020504146527557766,-0.1933846579746583,0.29811626378552286,-0.8868,0.8828,0.0,-0.8870845929752332,0.8828887701818257,-0.0004435402260373466,0.4971347539025142
47,cam8,non_refractive,9.647497100725772,-13.376879422869466,7.6142117454455915,-1.0023,0.5654,0.0,-1.0090162815769197,0.5689871691184011,-0.02478596878312713,1.2932112034474177
47,cam8,refractive,-0.06186001396024166,1.1384406282363482,0.25649935646864525,-1.0023,0.5654,0.0,-1.0021758370433766,0.5656244448263413,0.0008882850601736598,0.4971347539025142
47,cam9,non_refractive,9.19053524097281,-4.219217271550269,7.115562787848346,-0.8949,0.2677,0.0,-0.9015153304005592,0.2703208085544827,-0.015628306631807934,1.2932112034474177
47,cam9,refractive,-0.05325985413606847,0.6509352947988813,0.13328709133276506,-0.8949,0.2677,0.0,-0.8948331253288418,0.2678152962578466,0.0004007797267361931,0.4971347539025142
48,cam0,non_refractive,5.780930225721445,12.971792963694373,0.0,0.0,0.0,0.0,0.0,0.0,0.0,1.207855662331824
48,cam0,refractive,-0.06703431508477802,0.3034386141416766,0.0,0.0,0.0,0.0,0.0,0.0,0.0,0.502127127221592
48,cam1,non_refractive,6.037301270483614,8.202493848118145,3.008890444448355,0.208,0.2419,0.0,0.20684554822930792,0.23912139192835,-0.0047692991155762286,1.207855662331824
48,cam1,refractive,-0.013090318927592288,-0.9177962691640759,0.3307986669710625,0.208,0.2419,0.0,0.20821391334797348,0.2416476731531751,-0.0012212348833057524,0.502127127221592
48,cam10,non_refractive,6.807953563503534,-8.419299835458094,7.291717721252146,-0.6639,0.0038,0.0,-0.6566105069345309,0.00398010601017275,-0.021391092799152467,1.207855662331824
48,cam10,refractive,-0.06985277836154773,0.6106168080788994,0.18060522743501678,-0.6639,0.0038,0.0,-0.663765391887055,0.0036795886047493046,0.00030717819393722285,0.502127127221592
48,cam11,non_refractive,6.479818022724136,-1.1722114197488054,3.672401263888092,-0.3364,-0.0573,0.0,-0.33272759999364476,-0.057296960867051626,-0.014144004383443178,1.207855662331824
48,cam11,refractive,-0.06557431061795609,0.41469679545523813,0.1617189565906685,-0.3364,-0.0573,0.0,-0.33625686165673235,-0.057375262444867105,0.00011125818131356153,0.502127127221592
48,cam2,non_refractive,6.344983646085718,6.363029052650509,4.5138942461605,0.3353,0.573,0.0,0.3348809029733083,0.568505603605851,-0.006608763911043864,1.207855662331824
48,cam2,refractive,-0.053527462191514566,-0.13619752265555762,0.4288811290675971,0.3353,0.573,0.0,0.3356515926811137,0.5727543954205281,-0.0004396361367972342,0.502127127221592
48,cam3,non_refractive,6.368405958405978,7.368032047750731,5.539020635534554,0.2227,0.8684,0.0,0.22207362802559438,0.8628965094939159,-0.005603760915943642,1.207855662331824
48,cam3,refractive,-0.05618869683924405,0.055715723541138545,0.40946446145568066,0.2227,0.8684,0.0,0.22309115625410791,0.8685210699387439,-0.00024772289060053806,0.502127127221592
48,cam4,non_refractive,5.933241802588799,9.89354251864159,7.253588627287569,0.0039,1.149,0.0,0.005115346961936856,1.141848952542737,-0.003078250445052782,1.207855662331824
48,cam4,refractive,-0.04442271460973587,-0.3231932682562094,0.510827075365813,0.0039,1.149,0.0,0.004352498309637307,1.1492370434152264,-0.000626631882397886,0.502127127221592
48,cam5,non_refractive,5.983209896335728,6.102418669571497,9.227174358988867,-0.3363,1.193,0.0,-0.33072009017952536,1.1856511665519927,-0.0068693742941228755,1.207855662331824
48,cam5,refractive,-0.024934074793216587,-0.5859212268992915,0.3323420916596461,-0.3363,1.193,0.0,-0.3361568245362948,1.193299920076823,-0.0008893598410409681,0.502127127221592
48,cam6,non_refractive,5.951673323569497,3.91008374635504,11.87693620912404,-0.6801,1.1523,0.0,-0.6727160758224248,1.142997351051694,-0.009061709217339333,1.207855662331824
48,cam6,refractive,-0.049217863685292795,-0.19749366855058326,0.1979584461592203,-0.6801,1.1523,0.0,-0.6801793565363927,1.1524813562420695,-0.0005009322826922598,0.502127127221592
48,cam7,non_refractive,6.13911795769176,-0.8395862191221379,14.424514265691425,-0.8868,0.8828,0.0,-0.8760729169260658,0.8731565410497037,-0.01381137918281651,1.207855662331824
48,cam7,refractive,-0.07006575169157298,0.34508785422591376,0.12652608977182922,-0.8868,0.8828,0.0,-0.8869113221820184,0.8828601350412291,4.1649240084237166e-05,0.502127127221592
48,cam8,non_refractive,7.288535489132419,-17.88550161158531,10.807307101887616,-1.0023,0.5654,0.0,-0.9929892682045305,0.5599129096756711,-0.030857294575279682,1.207855662331824
48,cam8,refractive,-0.07821491056814123,0.529573097098879,0.1384725085261608,-1.0023,0.5654,0.0,-1.0022434491782835,0.5655263987348857,0.0002261344829572024,0.502127127221592
48,cam9,non_refractive,7.138684507049152,-13.523000797173157,9.365650949862363,-0.8949,0.2677,0.0,-0.8860699185658445,0.2645782889978668,-0.02649479376086753,1.207855662331824
48,cam9,refractive,-0.05272904426500517,0.20491167712564923,0.1954522089944737,-0.8949,0.2677,0.0,-0.895031005006639,0.267554950855789,-9.852693701602736e-05,0.502127127221592
49,cam0,non_refractive,6.517162740098289,22.63961377451296,0.0,0.0,0.0,0.0,0.0,0.0,0.0,1.1626856146387163
49,cam0,refractive,0.05832665370734422,0.2322104901876947,0.0,0.0,0.0,0.0,0.0,0.0,0.0,0.4967187077193876
49,cam1,non_refractive,7.021493659145476,14.05950556085391,1.1446616291819833,0.208,0.2419,0.0,0.20792725041703228,0.24075765252943793,-0.008580108213659048,1.1626856146387163
49,cam1,refractive,0.06650357262822877,-0.13962519194572745,0.22476852327994132,0.208,0.2419,0.0,0.2080470312484698,0.2421197929724191,-0.00037183568213342217,0.4967187077193876
49,cam10,non_refractive,7.390375084396962,-3.3843092252233866,4.43876068315727,-0.6639,0.0038,0.0,-0.6601738135894618,0.001387919728478554,-0.026023922999736347,1.1626856146387163
49,cam10,refractive,0.05067080383696325,-0.03310644369251384,0.26894408940366477,-0.6639,0.0038,0.0,-0.6636570574538267,0.003915368290634827,-0.00026531693388020855,0.4967187077193876
49,cam11,non_refractive,6.762816762880678,12.474081126188933,3.285001089217607,-0.3364,-0.0573,0.0,-0.33326938364792436,-0.05829522530729357,-0.010165532648324026,1.1626856146387163
49,cam11,refractive,0.044487301346951676,0.31146565237239443,0.07495449524522707,-0.3364,-0.0573,0.0,-0.33638209108367517,-0.05722721643679004,7.925516218469972e-05,0.4967187077193876
49,cam2,non_refractive,7.438365284156152,3.3646160377813388,3.8168588224848996,0.3353,0.573,0.0,0.3364168766304837,0.5693502057779841,-0.019274997736731622,1.1626856146387163
49,cam2,refractive,-0.012678430741812376,1.0577195656999672,0.1625469325402441,0.3353,0.573,0.0,0.33514497806275095,0.5729511153986433,0.0008255090755122725,0.4967187077193876
49,cam3,non_refractive,7.319876299257627,1.9775842218086765,6.30503332669023,0.2227,0.8684,0.0,0.22346532902043956,0.8621415883212153,-0.020662029552704284,1.1626856146387163
49,cam3,refractive,0.07128457490442452,0.20050707239570426,0.4849797816805944,0.2227,0.8684,0.0,0.22295377609602535,0.8679867167052431,-3.170341779199045e-05,0.4967187077193876
49,cam4,non_refractive,6.776505285112163,3.845163580733047,7.000647898695094,0.0039,1.149,0.0,0.003266184691150841,1.1420281029012347,-0.018794450193779913,1.1626856146387163
49,cam4,refractive,0.04275296919248109,0.5283319897013546,0.33912641089911044,0.0039,1.149,0.0,0.004102597500008618,1.1487280423276325,0.00029612149951366,0.4967187077193876
49,cam5,non_refractive,6.472767984840255,5.50743087181413,6.894947773852263,-0.3363,1.193,0.0,-0.33335693559855856,1.1867647232031675,-0.017132182902698828,1.1626856146387163
49,cam5,refractive,0.06454106108687448,-0.02458147173275041,0.2456738878968395,-0.3363,1.193,0.0,-0.336313118542677,1.1927546766153985,-0.00025679196192044513,0.4967187077193876
49,cam6,non_refractive,6.719264783931375,-1.782306364948159,8.487831778905296,-0.6801,1.1523,0.0,-0.6729004486983222,1.1478044745177562,-0.02442192013946112,1.1626856146387163
49,cam6,refractive,0.1265687887540551,-1.0769133511862223,0.2141751240955819,-0.6801,1.1523,0.0,-0.6798929581666023,1.1522451851935636,-0.001309123841373917,0.4967187077193876
49,cam7,non_refractive,6.90637062907409,-5.845405725064623,7.20431260283945,-0.8868,0.8828,0.0,-0.8800261935662719,0.8803469067531351,-0.02848501949957758,1.1626856146387163
49,cam7,refractive,0.05301997574807971,-0.19069042346232026,0.42776451840639895,-0.8868,0.8828,0.0,-0.8863727155375059,0.8828202600917697,-0.000422900913650015,0.4967187077193876
49,cam8,non_refractive,7.75679922950428,-16.034849595464443,4.9906681636293495,-1.0023,0.5654,0.0,-0.9978563941802231,0.5631281866190401,-0.0386744633699774,1.1626856146387163
49,cam8,refractive,0.053782754319249795,0.0024789914379187428,0.37109642784694097,-1.0023,0.5654,0.0,-1.0019513873173964,0.5655272075323584,-0.00022973149874977596,0.4967187077193876
49,cam9,non_refractive,7.91480491596089,-14.181510488479432,4.18398858408537,-0.8949,0.2677,0.0,-0.8919994404083161,0.2646846203345437,-0.03682112426299239,1.1626856146387163
49,cam9,refractive,0.07923663861582707,-0.6355863895878052,0.475519438835856,-0.8949,0.2677,0.0,-0.89443653030095,0.26780636999000323,-0.0008677968797755,0.4967187077193876
50,cam0,non_refractive,6.939516353336095,6.403519715500017,0.0,0.0,0.0,0.0,0.0,0.0,0.0,1.4386333902428243
50,cam0,refractive,0.1179799057761207,-1.0231537880064763,0.0,0.0,0.0,0.0,0.0,0.0,0.0,0.49573205132795906
50,cam1,non_refractive,7.708860371996956,-3.4530090406184053,2.0490071710989346,0.208,0.2419,0.0,0.2100206382477426,0.24156021851290208,-0.009856528756118421,1.4386333902428243
50,cam1,refractive,0.09826836391592525,-0.6523960124600617,0.1840620928019133,0.208,0.2419,0.0,0.207843562161312,0.24180301517318029,0.0003707577755464145,0.49573205132795906
50,cam10,non_refractive,6.265599962065535,8.562385321206975,7.321531263781168,-0.6639,0.0038,0.0,-0.6566152016883341,0.0045324845424129815,0.002158865605706958,1.4386333902428243
50,cam10,refractive,0.08614906489007891,-0.36751842129993273,0.21415994191483242,-0.6639,0.0038,0.0,-0.6640984789569001,0.0037195600572549428,0.0006556353667065435,0.49573205132795906
50,cam11,non_refractive,6.08524933227717,15.560273064523656,3.8479256407013547,-0.3364,-0.0573,0.0,-0.3329386157708995,-0.05561912196905859,0.00915675334902364,1.4386333902428243
50,cam11,refractive,0.02242756057404097,0.4523835735197599,0.27145844617739534,-0.3364,-0.0573,0.0,-0.3364453989961688,-0.057032364764748905,0.001475537361526236,0.49573205132795906
50,cam2,non_refractive,7.010901888606573,7.729120223367932,0.5183067127354746,0.3353,0.573,0.0,0.33551941338049995,0.5734695738673778,0.0013256005078679158,1.4386333902428243
50,cam2,refractive,0.12268315944216893,-0.7889470590859715,0.4465141925800673,0.3353,0.573,0.0,0.33489356471385,0.5728151073761676,0.00023420672892050478,0.49573205132795906
50,cam3,non_refractive,6.25674256383529,18.239258870786248,0.8725541675235337,0.2227,0.8684,0.0,0.22353759134427978,0.8681554769637635,0.01183573915528623,1.4386333902428243
50,cam3,refractive,0.046776011484799505,0.388848695039536,0.5929108103648385,0.2227,0.8684,0.0,0.2221335233750463,0.8685750641666034,0.0014120024830460124,0.49573205132795906
50,cam4,non_refractive,6.259351290069763,12.80025905550188,3.3767494122041244,0.0039,1.149,0.0,0.006586055399876639,1.146953651304979,0.006396739340001862,1.4386333902428243
50,cam4,refractive,0.07141292026157357,0.1298542919169663,0.5768088234372719,0.0039,1.149,0.0,0.0033237395091840222,1.148974855109473,0.0011530080799234425,0.49573205132795906
50,cam5,non_refractive,6.3385823539629795,3.684071454691934,4.1762859263121275,-0.3363,1.193,0.0,-0.33325811375285314,1.1901384807885091,-0.0027194482608080828,1.4386333902428243
50,cam5,refractive,0.07030403111253493,0.2631127608587793,0.468128170076917,-0.3363,1.193,0.0,-0.3367675465410329,1.193023328428745,0.0012862665488652556,0.49573205132795906
50,cam6,non_refractive,6.8586437262131925,-8.038804879138283,6.282582536115575,-0.6801,1.1523,0.0,-0.6741065833567865,1.1504159086370467,-0.014442324594638298,1.4386333902428243
50,cam6,refractive,0.06276477692790298,0.3882465231027694,0.5410295739874219,-0.6801,1.1523,0.0,-0.6805924500574372,1.1520759331776922,0.0014114003111092457,0.49573205132795906
50,cam7,non_refractive,7.338853443415558,-16.230837484635867,6.7531852725679,-0.8868,0.8828,0.0,-0.8802339309993984,0.8812213140891976,-0.022634357200135884,1.4386333902428243
50,cam7,refractive,0.0321337130382272,1.0235641171239025,0.29723766679895863,-0.8868,0.8828,0.0,-0.8868968768825691,0.8825189927043869,0.0020467179051303786,0.49573205132795906
50,cam8,non_refractive,8.139278353612637,-29.993351728791673,5.743151996788253,-1.0023,0.5654,0.0,-0.9973492588157307,0.5624889938879156,-0.03639687144429169,1.4386333902428243
50,cam8,refractive,0.11292982246895193,-0.5211637311923015,0.29471327223228216,-1.0023,0.5654,0.0,-1.0025940386280592,0.5654199298278697,0.0005019900568141748,0.49573205132795906
50,cam9,non_refractive,6.972956911013826,-8.859364856894416,7.47315611680731,-0.8949,0.2677,0.0,-0.8877693601660098,0.26546347637971635,-0.015262884572394431,1.4386333902428243
50,cam9,refractive,0.09587702271922031,-0.31598473752344525,0.48529864495868985,-0.8949,0.2677,0.0,-0.8953673930417684,0.2675693917333961,0.0007071690504830311,0.49573205132795906
51,cam0,non_refractive,6.566138795071621,17.025859252339625,0.0,0.0,0.0,0.0,0.0,0.0,0.0,1.1146837244106418
51,cam0,refractive,-0.021327931189817177,0.35761711901018056,0.0,0.0,0.0,0.0,0.0,0.0,0.0,0.49562272244977723
51,cam1,non_refractive,6.728081562893514,14.719770349884373,3.582581838919459,0.208,0.2419,0.0,0.2049490897380132,0.24002201192606043,-0.0023060889024552524,1.1146837244106418
51,cam1,refractive,-0.03316849392017973,0.37262784806452415,0.3741197960830334,0.208,0.2419,0.0,0.20764878993058083,0.24202890736580895,1.5010729054343582e-05,0.49562272244977723
51,cam10,non_refractive,6.93863002732981,6.9444487311003105,8.437691255670277,-0.6639,0.0038,0.0,-0.6557081468450792,0.0017780762590474694,-0.010081410521239315,1.1146837244106418
51,cam10,refractive,0.015678650287744254,0.01055321482068966,0.33926352480740424,-0.6639,0.0038,0.0,-0.6642322007551295,0.0037311349322501227,-0.0003470639041894909,0.49562272244977723
51,cam11,non_refractive,7.044244734693482,6.798585174539751,3.745733656519796,-0.3364,-0.0573,0.0,-0.3327239010894257,-0.05801890014971455,-0.010227274077799874,1.1146837244106418
51,cam11,refractive,-0.012197630850409334,0.5182114559961246,0.3086940731694578,-0.3364,-0.0573,0.0,-0.3366578102188443,-0.05746978198334748,0.000160594336985944,0.49562272244977723
51,cam2,non_refractive,7.496333253083752,0.8777701295396341,4.094809560022305,0.3353,0.573,0.0,0.3325464901657314,0.5699692164502498,-0.01614808912279999,1.1146837244106418
51,cam2,refractive,0.0029762723650600454,-0.3073113447048216,0.19672255825036422,0.3353,0.573,0.0,0.335103800700535,0.5730143387521781,-0.0006649284637150021,0.49562272244977723
51,cam3,non_refractive,7.158436761108946,6.083940596293463,5.75638696961097,0.2227,0.8684,0.0,0.2189489480175128,0.8640335827079187,-0.010941918656046162,1.1146837244106418
51,cam3,refractive,0.023039200983507948,-0.358655006451581,0.41452206174962697,0.2227,0.8684,0.0,0.22232940687770258,0.8685857128896523,-0.0007162721254617615,0.49562272244977723
51,cam4,non_refractive,7.2603275993412515,-0.002927975708235664,4.969434660647897,0.0039,1.149,0.0,0.0038405959720403484,1.144030920406362,-0.017028787228047862,1.1146837244106418
51,cam4,refractive,0.0020338023747004234,-0.09367387009406591,0.40467287694195087,0.0039,1.149,0.0,0.003503504132108262,1.148919060738345,-0.00045129098910424645,0.49562272244977723
51,cam5,non_refractive,7.819307963534654,-14.292034600923596,7.19918698490582,-0.3363,1.193,0.0,-0.3334025067643534,1.1864096414215144,-0.03131789385326322,1.1146837244106418
51,cam5,refractive,-0.013448927175177683,0.3070093230793666,0.1773880922749661,-0.3363,1.193,0.0,-0.3364590291615742,1.1930785891916866,-5.060779593081393e-05,0.49562272244977723
51,cam6,non_refractive,8.09344840371516,-20.975638291259298,12.30428929096778,-0.6801,1.1523,0.0,-0.6727579827209612,1.14242628148922,-0.038001497543598925,1.1146837244106418
51,cam6,refractive,0.05610734606881413,-0.6731766531544724,0.37206369985319365,-0.6801,1.1523,0.0,-0.6804600312419022,1.1522061442510936,-0.0010307937721646529,0.49562272244977723
51,cam7,non_refractive,7.265215464672852,-4.819172191847326,12.63125900124305,-0.8868,0.8828,0.0,-0.876387194395172,0.8756500221404158,-0.021845031444186952,1.1146837244106418
51,cam7,refractive,0.00026276174893960616,0.24478563652987229,0.5560044296814308,-0.8868,0.8828,0.0,-0.8872572498359782,0.882483671826542,-0.00011283148248030829,0.49562272244977723
51,cam8,non_refractive,7.395654707838252,-5.632863394584511,9.921249595230748,-1.0023,0.5654,0.0,-0.9933536808876131,0.5611111111147282,-0.022658722646924135,1.1146837244106418
51,cam8,refractive,0.0365851472969196,-0.30718796298825035,0.3305700558808952,-1.0023,0.5654,0.0,-1.0026060796367653,0.5652751327993318,-0.0006648050819984309,0.49562272244977723
51,cam9,non_refractive,6.656487684259506,10.298121472965459,9.318682065105625,-0.8949,0.2677,0.0,-0.8861227804355378,0.26456978400941034,-0.006727737779374167,1.1146837244106418
51,cam9,refractive,-0.006628562306277575,0.2868173589026146,0.14685579516752575,-0.8949,0.2677,0.0,-0.8950468105251187,0.2677036461333858,-7.079976010756594e-05,0.49562272244977723
