seed,n_true,n_assumed,delta_n,delta_n_over_n,reprojection_rms_px,reconstruction_mae_mm,reconstruction_rmse_mm,signed_mean_mm,scale_bias_frac,scale_bias_pct,scale_bias_pct_control,bias_over_control,holdout_floor_pct,scale_bias_over_floor,num_comparisons,num_frames,degenerate_observations_at_solution,degenerate_observations_cause_above_interface,degenerate_observations_cause_behind_camera,degenerate_observations_cause_interface_below_camera,degenerate_observations_fate_extended,degenerate_observations_fate_penalized
42,1.333,1.323,-0.010000000000000009,-0.0075018754688672236,0.7087483940720668,0.340494998780356,0.4817034758828507,0.02361878835137706,1.000393646472523,0.039364647252293494,0.049908026866840594,0.0105433796145471,,,4707,30,0,0,0,0,0,0
42,1.333,1.325,-0.008000000000000007,-0.006001500375093779,0.7078929237466339,0.3407722233635179,0.48221359109534967,0.024865816689886626,1.0004144302781648,0.04144302781647902,0.049908026866840594,0.008464999050361577,,,4707,30,0,0,0,0,0,0
42,1.333,1.327,-0.006000000000000005,-0.004501125281320334,0.7072099119346974,0.34107750162658995,0.482755739396484,0.026121234071232808,1.0004353539011872,0.04353539011872076,0.049908026866840594,0.006372636748119831,,,4707,30,0,0,0,0,0,0
42,1.333,1.329,-0.0040000000000000036,-0.0030007501875468894,0.7066997587080532,0.3414061967897292,0.4833291067091866,0.02738602202135074,1.0004564337003559,0.04564337003558627,0.049908026866840594,0.004264656831254321,,,4707,30,0,0,0,0,0,0
42,1.333,1.331,-0.0020000000000000018,-0.0015003750937734447,0.706361901503744,0.34174717215774586,0.483933597353729,0.028660713725922306,1.0004776785620988,0.047767856209879334,0.049908026866840594,0.00214017065696126,,,4707,30,0,0,0,0,0,0
42,1.333,1.333,0.0,0.0,0.7061955538782513,0.3421122058906186,0.48456961515516983,0.029944816120108207,1.0004990802686684,0.049908026866840594,0.049908026866840594,0.0,,,4707,30,0,0,0,0,0,0
42,1.333,1.335,0.0020000000000000018,0.0015003750937734447,0.706199796566979,0.3424995360882274,0.48523664673070316,0.031237630999814185,1.0005206271833302,0.05206271833302356,0.049908026866840594,0.0021546914661829675,,,4707,30,0,0,0,0,0,0
42,1.333,1.337,0.0040000000000000036,0.0030007501875468894,0.7063738672843483,0.3429230004794244,0.48593528680261944,0.03253904512001791,1.000542317418667,0.05423174186669488,0.049908026866840594,0.004323714999854289,,,4707,30,0,0,0,0,0,0
42,1.333,1.339,0.006000000000000005,0.004501125281320334,0.7067161032115529,0.3433871269615371,0.48666535801896627,0.03384939619550296,1.0005641566032584,0.056415660325837,0.049908026866840594,0.006507633458996409,,,4707,30,0,0,0,0,0,0
42,1.333,1.341,0.008000000000000007,0.006001500375093779,0.7072254838238818,0.34388477343115764,0.48742654661946616,0.03516797786874063,1.000586132964479,0.05861329644789581,0.049908026866840594,0.00870526958105522,,,4707,30,0,0,0,0,0,0
42,1.333,1.343,0.010000000000000009,0.0075018754688672236,0.707900973723716,0.344398947985563,0.4882193089222512,0.03649546536404964,1.0006082577560675,0.060825775606754284,0.049908026866840594,0.01091774873991369,,,4707,30,0,0,0,0,0,0
43,1.333,1.323,-0.010000000000000009,-0.0075018754688672236,0.7077337975394794,0.3427455406186914,0.47755705608499593,0.012679838004389102,1.0002113306334064,0.021133063340639247,0.03750167743707955,0.016368614096440304,1.0468976610769782,0.020186369810874318,4710,30,0,0,0,0,0,0
43,1.333,1.325,-0.008000000000000007,-0.006001500375093779,0.7067888895680788,0.3429297528077746,0.4780283276930346,0.014630830330239127,1.0002438471721706,0.024384717217063034,0.03750167743707955,0.013116960220016516,1.0468976610769782,0.023292360011558027,4710,30,0,0,0,0,0,0
43,1.333,1.327,-0.006000000000000005,-0.004501125281320334,0.7060513310053762,0.3431428259985179,0.47854193011475227,0.01658766641130007,1.000276461106855,0.027646110685508596,0.03750167743707955,0.009855566751570954,1.0468976610769782,0.02640765350174546,4710,30,0,0,0,0,0,0
43,1.333,1.329,-0.0040000000000000036,-0.0030007501875468894,0.7055209404023469,0.3434051221164355,0.47909791012489694,0.018552326281451953,1.0003092054380243,0.03092054380242626,0.03750167743707955,0.006581133634653291,1.0468976610769782,0.029535402505930973,4710,30,0,0,0,0,0,0
43,1.333,1.331,-0.0020000000000000018,-0.0015003750937734447,0.7051968881143957,0.3437038099302453,0.479696209929232,0.02052332869826592,1.0003420554783045,0.03420554783044594,0.03750167743707955,0.003296129606633613,1.0468976610769782,0.03267324887826911,4710,30,0,0,0,0,0,0
43,1.333,1.333,0.0,0.0,0.7050779549395285,0.34402039300208304,0.4803364842365995,0.022501006462252598,1.0003750167743708,0.03750167743707955,0.03750167743707955,0.0,1.0468976610769782,0.03582172243894435,4710,30,0,0,0,0,0,0
43,1.333,1.335,0.0020000000000000018,0.0015003750937734447,0.7051630162740656,0.3443772252095802,0.481018879296285,0.024486444203733228,1.0004081074033955,0.04081074033954746,0.03750167743707955,0.0033090629024679075,1.0468976610769782,0.038982549925237295,4710,30,0,0,0,0,0,0
43,1.333,1.337,0.0040000000000000036,0.0030007501875468894,0.7054503694104901,0.34478300287040603,0.4817436336489706,0.026478872548042716,1.0004413145424673,0.04413145424673193,0.03750167743707955,0.006629776809652377,1.0468976610769782,0.042154506488563975,4710,30,0,0,0,0,0,0
43,1.333,1.339,0.006000000000000005,0.004501125281320334,0.7059387676028682,0.3452179637069767,0.48251042391488846,0.02847769889396906,1.0004746283148995,0.047462831489952784,0.03750167743707955,0.009961154052873233,1.0468976610769782,0.04533664870463671,4710,30,0,0,0,0,0,0
43,1.333,1.341,0.008000000000000007,0.006001500375093779,0.7066266439134712,0.3456867321926155,0.4833194387017432,0.03048487177010218,1.0005080811961684,0.05080811961684084,0.03750167743707955,0.01330644217976129,1.0468976610769782,0.04853207864135722,4710,30,0,0,0,0,0,0
43,1.333,1.343,0.010000000000000009,0.0075018754688672236,0.7075119090674231,0.34618393866680297,0.4841704375491819,0.03249715926551252,1.0005416193210919,0.05416193210918685,0.03750167743707955,0.0166602546721073,1.0468976610769782,0.05173565107927424,4710,30,0,0,0,0,0,0
44,1.333,1.323,-0.010000000000000009,-0.0075018754688672236,0.707506484940115,0.37652762231358355,0.5563420648734475,0.030286695677848235,1.0005047782612975,0.05047782612974672,0.060203331116537306,0.00972550498679059,1.0468976610769782,0.0482165812442627,4710,30,0,0,0,0,0,0
44,1.333,1.325,-0.008000000000000007,-0.006001500375093779,0.7065565289823842,0.3767203113828714,0.5570020462930427,0.03143555441415471,1.0005239259069025,0.05239259069025337,0.060203331116537306,0.007810740426283935,1.0468976610769782,0.0500455704871433,4710,30,0,0,0,0,0,0
44,1.333,1.327,-0.006000000000000005,-0.004501125281320334,0.7058270169246648,0.37694532079872833,0.5577041002771895,0.0325931469155002,1.0005432191152583,0.05432191152583421,0.060203331116537306,0.005881419590703096,1.0468976610769782,0.05188846393061139,4710,30,0,0,0,0,0,0
44,1.333,1.329,-0.0040000000000000036,-0.0030007501875468894,0.7053172043717153,0.37723171686656876,0.5584482494682821,0.03376007107066749,1.0005626678511779,0.05626678511778671,0.060203331116537306,0.003936545998750596,1.0468976610769782,0.05374621341679492,4710,30,0,0,0,0,0,0
44,1.333,1.331,-0.0020000000000000018,-0.0015003750937734447,0.7050263951650965,0.3775816197032844,0.5592343414030932,0.03493513128096328,1.000582252188016,0.0582252188016108,0.060203331116537306,0.0019781123149265056,1.0468976610769782,0.05561691554617917,4710,30,0,0,0,0,0,0
44,1.333,1.333,0.0,0.0,0.7049535424039456,0.3779728469619776,0.5600631203878942,0.03612199866992071,1.0006020333111654,0.060203331116537306,0.060203331116537306,0.0,1.0468976610769782,0.057506414767040506,4710,30,0,0,0,0,0,0
44,1.333,1.335,0.0020000000000000018,0.0015003750937734447,0.7050968209089339,0.3783858772318246,0.5609339090169596,0.0373182438008139,1.0006219707300135,0.06219707300134658,0.060203331116537306,0.0019937418848092747,1.0468976610769782,0.0594108434031292,4710,30,0,0,0,0,0,0
44,1.333,1.337,0.0040000000000000036,0.0030007501875468894,0.7054545922478855,0.3788204548382879,0.561846430982503,0.03852267531277654,1.0006420445885462,0.064204458854622,0.060203331116537306,0.004001127738084698,1.0468976610769782,0.06132830480161046,4710,30,0,0,0,0,0,0
44,1.333,1.339,0.006000000000000005,0.004501125281320334,0.7060251618977432,0.3792902576940586,0.562801872023537,0.03974043708340363,1.0006623406180568,0.06623406180568114,0.060203331116537306,0.006030730689143837,1.0468976610769782,0.06326698804307575,4710,30,0,0,0,0,0,0
44,1.333,1.341,0.008000000000000007,0.006001500375093779,0.7068064029295317,0.3797968222173922,0.5637989523748436,0.0409685431842121,1.0006828090530702,0.06828090530701658,0.060203331116537306,0.008077574190479275,1.0468976610769782,0.06522213951340168,4710,30,0,0,0,0,0,0
44,1.333,1.343,0.010000000000000009,0.0075018754688672236,0.7077962163805613,0.38035691425745227,0.564837783120921,0.0422057008390176,1.000703428347317,0.070342834731707,0.060203331116537306,0.010139503615169687,1.0468976610769782,0.06719170110604984,4710,30,0,0,0,0,0,0
45,1.333,1.323,-0.010000000000000009,-0.0075018754688672236,0.7124558090422585,0.33506416898742053,0.4573966416901147,0.010840133569051242,1.0001806688928174,0.018066889281742604,0.030877864938982924,0.01281097565724032,1.0468976610769782,0.017257550526148465,4705,30,0,0,0,0,0,0
45,1.333,1.325,-0.008000000000000007,-0.006001500375093779,0.7117995694206957,0.33534682999276527,0.4578975274133854,0.01236081612414483,1.0002060136020692,0.020601360206917718,0.030877864938982924,0.010276504732065206,1.0468976610769782,0.019678485274028042,4705,30,0,0,0,0,0,0
45,1.333,1.327,-0.006000000000000005,-0.004501125281320334,0.7112983054027434,0.3356681270923359,0.45843004331461096,0.013891029787795934,1.00023151716313,0.02315171631299684,0.030877864938982924,0.0077261486259860845,1.0468976610769782,0.022114593597601415,4705,30,0,0,0,0,0,0
45,1.333,1.329,-0.0040000000000000036,-0.0030007501875468894,0.7109514032467362,0.3360199787936516,0.4589939992919556,0.015429491858851426,1.0002571581976476,0.025715819764760006,0.030877864938982924,0.005162045174222918,1.0468976610769782,0.024563833429817095,4705,30,0,0,0,0,0,0
45,1.333,1.331,-0.0020000000000000018,-0.0015003750937734447,0.7107573408646007,0.336403836817104,0.459589561162409,0.0169740597831188,1.0002829009963854,0.028290099638539346,0.030877864938982924,0.0025877653004435786,1.0468976610769782,0.027022793812946706,4705,30,0,0,0,0,0,0
45,1.333,1.333,0.0,0.0,0.7107152535970264,0.33680739737844295,0.46021639325915326,0.018526718963384946,1.0003087786493898,0.030877864938982924,0.030877864938982924,0.0,1.0468976610769782,0.02949463551883175,4705,30,0,0,0,0,0,0
45,1.333,1.335,0.0020000000000000018,0.0015003750937734447,0.7108238055070331,0.337222275395379,0.46087470796536156,0.020088558841219132,1.0003348093140203,0.03348093140203012,0.030877864938982924,0.002603066463047199,1.0468976610769782,0.03198109294425893,4705,30,0,0,0,0,0,0
45,1.333,1.337,0.0040000000000000036,0.0030007501875468894,0.7110822616739736,0.3376615080329319,0.46156410026918293,0.021659688710779484,1.0003609948118464,0.03609948118463713,0.030877864938982924,0.005221616245654204,1.0468976610769782,0.034482340086136404,4705,30,0,0,0,0,0,0
45,1.333,1.339,0.006000000000000005,0.004501125281320334,0.7114892658993779,0.33811566340730864,0.46228476199541246,0.023239543264396707,1.0003873257210734,0.03873257210733616,0.030877864938982924,0.007854707168353237,1.0468976610769782,0.03699747697161792,4705,30,0,0,0,0,0,0
45,1.333,1.341,0.008000000000000007,0.006001500375093779,0.7120433699715415,0.338586297200966,0.4630365825105933,0.024827458959302662,1.0004137909826551,0.04137909826551489,0.030877864938982924,0.010501233326531967,1.0468976610769782,0.03952544723707458,4705,30,0,0,0,0,0,0
45,1.333,1.343,0.010000000000000009,0.0075018754688672236,0.7127435312559439,0.3390740780351655,0.4638193301942625,0.026425936480112197,1.0004404322746685,0.04404322746685008,0.030877864938982924,0.013165362527867153,1.0468976610769782,0.04207023198575241,4705,30,0,0,0,0,0,0
46,1.333,1.323,-0.010000000000000009,-0.0075018754688672236,0.7082731343752634,0.37925320231162374,0.542648781531281,0.02779289676721611,1.0004632149461203,0.04632149461203383,0.05629043108470455,0.00996893647267072,1.0468976610769782,0.044246440062136905,4690,30,0,0,0,0,0,0
46,1.333,1.325,-0.008000000000000007,-0.006001500375093779,0.7075947305741396,0.37958373243731663,0.5433022772969095,0.028976444046178804,1.000482940734103,0.04829407341029324,0.05629043108470455,0.007996357674411314,1.0468976610769782,0.046130653650149074,4690,30,0,0,0,0,0,0
46,1.333,1.327,-0.006000000000000005,-0.004501125281320334,0.7070648910113118,0.3799363977859344,0.5439826028601115,0.030166093791700335,1.0005027682298617,0.05027682298617275,0.05629043108470455,0.0060136080985317975,1.0468976610769782,0.04802458239752998,4690,30,0,0,0,0,0,0
46,1.333,1.329,-0.0040000000000000036,-0.0030007501875468894,0.7066831998041798,0.38030900745325236,0.5446900515885631,0.031361742514134504,1.0005226957085689,0.05226957085688877,0.05629043108470455,0.004020860227815781,1.0468976610769782,0.04992806154817209,4690,30,0,0,0,0,0,0
46,1.333,1.331,-0.0020000000000000018,-0.0015003750937734447,0.7064483102693744,0.38070969431419593,0.5454243515047842,0.03256375247722304,1.0005427292079536,0.054272920795361834,0.05629043108470455,0.0020175102893427166,1.0468976610769782,0.05184166782790353,4690,30,0,0,0,0,0,0
46,1.333,1.333,0.0,0.0,0.7063600146601055,0.3811339218581499,0.5461861101445209,0.033774258650822786,1.000562904310847,0.05629043108470455,0.05629043108470455,0.0,1.0468976610769782,0.05376880012015379,4690,30,0,0,0,0,0,0
46,1.333,1.335,0.0020000000000000018,0.0015003750937734447,0.7064175101142207,0.3815717874705842,0.546975515547156,0.03499172735860655,1.0005831954559767,0.058319545597673716,0.05629043108470455,0.0020291145129691657,1.0468976610769782,0.05570701680399063,4690,30,0,0,0,0,0,0
46,1.333,1.337,0.0040000000000000036,0.0030007501875468894,0.7066197207502418,0.3820244767720027,0.5477923325250788,0.03621711957745101,1.000603618659624,0.060361865962410555,0.05629043108470455,0.004071434877706004,1.0468976610769782,0.05765784775974598,4690,30,0,0,0,0,0,0
46,1.333,1.339,0.006000000000000005,0.004501125281320334,0.7069653421079443,0.38249402299544744,0.5486355461748034,0.03744927521499404,1.0006241545869166,0.06241545869165588,0.05629043108470455,0.006125027606951328,1.0468976610769782,0.05961944611419519,4690,30,0,0,0,0,0,0
46,1.333,1.341,0.008000000000000007,0.006001500375093779,0.7074538222600838,0.38299065839455965,0.5495052788923164,0.03869086389827526,1.0006448477316379,0.06448477316378654,0.05629043108470455,0.008194342079081984,1.0468976610769782,0.061596061927819114,4690,30,0,0,0,0,0,0
46,1.333,1.343,0.010000000000000009,0.0075018754688672236,0.70808390220373,0.383526021639951,0.5504026613034434,0.03994351626502377,1.0006657252710838,0.06657252710837724,0.05629043108470455,0.010282096023672693,1.0468976610769782,0.06359029118461482,4690,30,0,0,0,0,0,0
47,1.333,1.323,-0.010000000000000009,-0.0075018754688672236,0.7095901993664601,0.37355488206573906,0.5197549918938306,0.025051518214896956,1.0004175253035816,0.0417525303581634,0.05485040153074827,0.013097871172584874,1.0468976610769782,0.03988215076840576,4710,30,0,0,0,0,0,0
47,1.333,1.325,-0.008000000000000007,-0.006001500375093779,0.7086973483030812,0.3738253451837214,0.5202693199385915,0.026606086008732575,1.0004434347668123,0.044343476681230065,0.05485040153074827,0.010506924849518207,1.0468976610769782,0.042357030997292,4710,30,0,0,0,0,0,0
47,1.333,1.327,-0.006000000000000005,-0.004501125281320334,0.7079807205755031,0.3741196010165263,0.5208230921010372,0.028169889635132485,1.0004694981605855,0.0469498160585502,0.05485040153074827,0.007900585472198074,1.0468976610769782,0.04484661472091873,4710,30,0,0,0,0,0,0
47,1.333,1.329,-0.0040000000000000036,-0.0030007501875468894,0.7074394799792317,0.37446028412035265,0.5214163913503157,0.02974283820583821,1.0004957139700974,0.049571397009740004,0.05485040153074827,0.005279004521008268,1.0468976610769782,0.04735075724473801,4710,30,0,0,0,0,0,0
47,1.333,1.331,-0.0020000000000000018,-0.0015003750937734447,0.7070719654263105,0.37483162826484673,0.5220486883335774,0.0313225162413613,1.000522041937356,0.05220419373559437,0.05485040153074827,0.0026462077951538987,1.0468976610769782,0.04986561311245093,4710,30,0,0,0,0,0,0
47,1.333,1.333,0.0,0.0,0.7068780538010114,0.375226367030187,0.5227199394327475,0.03291024091844651,1.0005485040153075,0.05485040153074827,0.05485040153074827,0.0,1.0468976610769782,0.052393279276526275,4710,30,0,0,0,0,0,0
47,1.333,1.335,0.0020000000000000018,0.0015003750937734447,0.706856762669973,0.3756346980276999,0.5234303922812908,0.034508180547942795,1.0005751363424658,0.05751363424657541,0.05485040153074827,0.002663232715827135,1.0468976610769782,0.05493720769937458,4710,30,0,0,0,0,0,0
47,1.333,1.337,0.0040000000000000036,0.0030007501875468894,0.7070067715606846,0.3760640850535626,0.5241795787347595,0.036117522276687304,1.0006019587046115,0.06019587046115493,0.05485040153074827,0.0053454689304066605,1.0468976610769782,0.05749928832511618,4710,30,0,0,0,0,0,0
47,1.333,1.339,0.006000000000000005,0.004501125281320334,0.7073270931256227,0.37653328825964333,0.5249676454674165,0.03773920500148167,1.0006289867500247,0.06289867500246515,0.05485040153074827,0.008048273471716882,1.0468976610769782,0.06008101588244949,4710,30,0,0,0,0,0,0
47,1.333,1.341,0.008000000000000007,0.006001500375093779,0.7078159126291559,0.37703929939358144,0.5257945540772668,0.0393718049283641,1.0006561967488061,0.0656196748806126,0.05485040153074827,0.010769273349864328,1.0468976610769782,0.06268012368382547,4710,30,0,0,0,0,0,0
47,1.333,1.343,0.010000000000000009,0.0075018754688672236,0.7084719159300664,0.3775653848733226,0.5266602307303265,0.04101687294285298,1.0006836145490476,0.06836145490476397,0.05485040153074827,0.013511053374015702,1.0468976610769782,0.0652990807472416,4710,30,0,0,0,0,0,0
