cell_key,n_cameras,n_frames,seed,status,status_reason,exit_code,timing_scope,record_source,normal_fixed,shared_interface,n_observations,memory_pressure,seconds_stage3_interface_optimization,seconds_stage3_intrinsic_pass,peak_bytes_baseline,peak_bytes_stage3_interface_optimization,peak_bytes_stage3_intrinsic_pass,memory_mode,n_params_stage3_interface_optimization,n_groups_stage3_interface_optimization,fd_reduction_stage3_interface_optimization,n_residuals_stage3_interface_optimization,jacobian_elements_stage3_interface_optimization,n_params_stage3_intrinsic_pass,n_groups_stage3_intrinsic_pass,fd_reduction_stage3_intrinsic_pass,n_residuals_stage3_intrinsic_pass,jacobian_elements_stage3_intrinsic_pass,nfev_stage3_interface_optimization,njev_stage3_interface_optimization,optimality_stage3_interface_optimization,reprojection_rms,validation_3d_error_mean,validation_3d_error_std,degenerate_observations_at_solution
cameras_12_frames_100,12,100,42,ok,,0.0,optimization_only,assembled,False,True,695.0,clean,71.85495929300009,26.72155441299992,190652416.0,3134623744,3355041792,proc_status_vmhwm,669,13,51.46153846153846,75076,50225844,717,17,42.1764705882353,75076,53829492,18,12,0.003917595288607245,0.7064620430869448,3.072045327763949e-05,0.00036160844032923865,0.0
cameras_12_frames_200,12,200,42,ok,,0.0,optimization_only,assembled,False,True,1358.0,clean,212.03071906299988,69.6126095540003,190681088.0,10619428864,11040894976,proc_status_vmhwm,1269,13,97.61538461538461,147344,186979536,1317,17,77.47058823529412,147344,194052048,16,12,0.005831775780755777,0.7047330397996588,3.117300044800984e-05,0.0003580306027655635,0.0
cameras_12_frames_50,12,50,42,ok,,0.0,optimization_only,assembled,False,True,332.0,clean,22.897491660000014,9.46943509300013,190795776.0,957906944,1060274176,proc_status_vmhwm,369,13,28.384615384615383,35086,12946734,417,17,24.529411764705884,35086,14630862,14,10,0.0010730433935464134,0.7067726469049798,2.984252463079808e-05,0.00037721616400944626,0.0
cameras_16_frames_100,16,100,42,ok,,0.0,optimization_only,assembled,False,True,739.0,clean,201.88798116999988,28.805681123999875,190496768.0,3452674048,3763740672,proc_status_vmhwm,693,13,53.30769230769231,80348,55681164,757,17,44.529411764705884,80348,60823436,40,30,0.002402888187134522,0.7069562393893412,3.2479660462188804e-05,0.00035486871062533174,0.0
cameras_16_frames_200,16,200,42,ok,,0.0,optimization_only,assembled,False,True,1488.0,clean,379.20629130900033,92.42051844200023,190918656.0,11551948800,12152692736,proc_status_vmhwm,1293,13,99.46153846153847,157576,203745768,1357,17,79.82352941176471,157576,213830632,23,18,0.002352195167759419,0.7051633249318909,3.11180727055079e-05,0.0003521187395570883,0.0
cameras_16_frames_50,16,50,42,ok,,0.0,optimization_only,assembled,False,True,354.0,clean,64.30145821399992,10.311204406999877,190271488.0,1074704384,1227108352,proc_status_vmhwm,393,13,30.23076923076923,37962,14919066,457,17,26.88235294117647,37962,17348634,33,26,0.001245239202035009,0.7076694839409327,3.1375140072815614e-05,0.00037954384620529435,0.0
cameras_8_frames_100,8,100,42,ok,,0.0,optimization_only,assembled,False,True,600.0,clean,76.53569325800004,20.918018112999903,190607360.0,2812010496,2965901312,proc_status_vmhwm,645,13,49.61538461538461,69498,44826210,677,17,39.8235294117647,69498,47050146,23,16,0.02849936420658139,0.7053203215412626,3.653132733548594e-05,0.00037206862485100994,0.0
cameras_8_frames_200,8,200,42,ok,,0.0,optimization_only,assembled,False,True,1201.0,clean,626.4703005709999,60.978118244999905,190181376.0,9738895360,9999327232,proc_status_vmhwm,1245,13,95.76923076923077,137466,171145170,1277,17,75.11764705882354,137466,175544082,37,30,0.015052478059715213,0.7045143366606642,3.9082761481560936e-05,0.0003777179308614163,0.0
cameras_8_frames_50,8,50,42,ok,,0.0,optimization_only,assembled,False,True,292.0,clean,43.70172554300001,18.52391612200006,191033344.0,859549696,931762176,proc_status_vmhwm,345,13,26.53846153846154,32946,11366370,377,17,22.176470588235293,32946,12420642,26,19,0.030894551946857973,0.7075748265505637,3.899299986205e-05,0.00040970714652262095,0.0
