e6_repeat1	1	start	2026-08-05T04:27:15Z
e6_repeat1	1	complete	2026-08-05T07:14:11Z	0
e4	2	start	2026-08-05T07:14:11Z
e4	2	complete	2026-08-05T10:48:34Z	0
e6_repeat2	3	start	2026-08-05T10:48:34Z
e6_repeat2	3	complete	2026-08-05T13:35:01Z	0
e6_seed43	4	start	2026-08-05T13:35:02Z
e6_seed43	4	complete	2026-08-05T16:16:30Z	0
e7	5	start	2026-08-05T16:16:31Z
e7	5	complete	2026-08-05T18:25:25Z	0
e1	6	start	2026-08-05T18:25:25Z
e1	6	complete	2026-08-05T20:57:44Z	0
e5	7	start	2026-08-05T20:57:45Z
e5	7	complete	2026-08-05T21:43:10Z	0
e3	8	start	2026-08-05T21:43:11Z
e3	8	complete	2026-08-05T21:43:27Z	0
